fill	x	y	group	clickSelects
#E6C9C5	48091.5	0	1	48092-48092
#E6C9C5	48092	0.5	1	48092-48092
#E6C9C5	48092.5	0	1	48092-48092
#E6C9C5	48092	-0.5	1	48092-48092
#DDB6B1	48092	0.5	2	48092-48093
#DDB6B1	48092.5	1	2	48092-48093
#DDB6B1	48093	0.5	2	48092-48093
#DDB6B1	48092.5	0	2	48092-48093
#E2C1BD	48092.5	1	3	48092-48094
#E2C1BD	48093	1.5	3	48092-48094
#E2C1BD	48093.5	1	3	48092-48094
#E2C1BD	48093	0.5	3	48092-48094
#DFBAB6	48093	1.5	4	48092-48095
#DFBAB6	48093.5	2	4	48092-48095
#DFBAB6	48094	1.5	4	48092-48095
#DFBAB6	48093.5	1	4	48092-48095
#F7EDEC	48093.5	2	5	48092-48096
#F7EDEC	48094	2.5	5	48092-48096
#F7EDEC	48094.5	2	5	48092-48096
#F7EDEC	48094	1.5	5	48092-48096
#F0DDDB	48094	2.5	6	48092-48097
#F0DDDB	48094.5	3	6	48092-48097
#F0DDDB	48095	2.5	6	48092-48097
#F0DDDB	48094.5	2	6	48092-48097
#FCF9F9	48094.5	3	7	48092-48098
#FCF9F9	48095	3.5	7	48092-48098
#FCF9F9	48095.5	3	7	48092-48098
#FCF9F9	48095	2.5	7	48092-48098
#FAF3F2	48095	3.5	8	48092-48099
#FAF3F2	48095.5	4	8	48092-48099
#FAF3F2	48096	3.5	8	48092-48099
#FAF3F2	48095.5	3	8	48092-48099
#FEFCFC	48095.5	4	9	48092-48100
#FEFCFC	48096	4.5	9	48092-48100
#FEFCFC	48096.5	4	9	48092-48100
#FEFCFC	48096	3.5	9	48092-48100
#FFFFFF	48096	4.5	10	48092-48101
#FFFFFF	48096.5	5	10	48092-48101
#FFFFFF	48097	4.5	10	48092-48101
#FFFFFF	48096.5	4	10	48092-48101
#FCFCFD	48096.5	5	11	48092-48102
#FCFCFD	48097	5.5	11	48092-48102
#FCFCFD	48097.5	5	11	48092-48102
#FCFCFD	48097	4.5	11	48092-48102
#FEFEFF	48097	5.5	12	48092-48103
#FEFEFF	48097.5	6	12	48092-48103
#FEFEFF	48098	5.5	12	48092-48103
#FEFEFF	48097.5	5	12	48092-48103
#FDFDFE	48097.5	6	13	48092-48104
#FDFDFE	48098	6.5	13	48092-48104
#FDFDFE	48098.5	6	13	48092-48104
#FDFDFE	48098	5.5	13	48092-48104
#FEFEFE	48098	6.5	14	48092-48105
#FEFEFE	48098.5	7	14	48092-48105
#FEFEFE	48099	6.5	14	48092-48105
#FEFEFE	48098.5	6	14	48092-48105
#FEFCFC	48098.5	7	15	48092-48106
#FEFCFC	48099	7.5	15	48092-48106
#FEFCFC	48099.5	7	15	48092-48106
#FEFCFC	48099	6.5	15	48092-48106
#FDFDFE	48099	7.5	16	48092-48107
#FDFDFE	48099.5	8	16	48092-48107
#FDFDFE	48100	7.5	16	48092-48107
#FDFDFE	48099.5	7	16	48092-48107
#FFFEFF	48099.5	8	17	48092-48108
#FFFEFF	48100	8.5	17	48092-48108
#FFFEFF	48100.5	8	17	48092-48108
#FFFEFF	48100	7.5	17	48092-48108
#FFFFFF	48100	8.5	18	48092-48109
#FFFFFF	48100.5	9	18	48092-48109
#FFFFFF	48101	8.5	18	48092-48109
#FFFFFF	48100.5	8	18	48092-48109
#FEFCFC	48100.5	9	19	48092-48110
#FEFCFC	48101	9.5	19	48092-48110
#FEFCFC	48101.5	9	19	48092-48110
#FEFCFC	48101	8.5	19	48092-48110
#FDFBFA	48101	9.5	20	48092-48111
#FDFBFA	48101.5	10	20	48092-48111
#FDFBFA	48102	9.5	20	48092-48111
#FDFBFA	48101.5	9	20	48092-48111
#FCFCFE	48101.5	10	21	48092-48112
#FCFCFE	48102	10.5	21	48092-48112
#FCFCFE	48102.5	10	21	48092-48112
#FCFCFE	48102	9.5	21	48092-48112
#FAF3F2	48102	10.5	22	48092-48113
#FAF3F2	48102.5	11	22	48092-48113
#FAF3F2	48103	10.5	22	48092-48113
#FAF3F2	48102.5	10	22	48092-48113
#FEFCFC	48102.5	11	23	48092-48114
#FEFCFC	48103	11.5	23	48092-48114
#FEFCFC	48103.5	11	23	48092-48114
#FEFCFC	48103	10.5	23	48092-48114
#FCF7F7	48103	11.5	24	48092-48115
#FCF7F7	48103.5	12	24	48092-48115
#FCF7F7	48104	11.5	24	48092-48115
#FCF7F7	48103.5	11	24	48092-48115
#FEFCFC	48103.5	12	25	48092-48116
#FEFCFC	48104	12.5	25	48092-48116
#FEFCFC	48104.5	12	25	48092-48116
#FEFCFC	48104	11.5	25	48092-48116
#FFFFFF	48104	12.5	26	48092-48117
#FFFFFF	48104.5	13	26	48092-48117
#FFFFFF	48105	12.5	26	48092-48117
#FFFFFF	48104.5	12	26	48092-48117
#FEFCFC	48104.5	13	27	48092-48118
#FEFCFC	48105	13.5	27	48092-48118
#FEFCFC	48105.5	13	27	48092-48118
#FEFCFC	48105	12.5	27	48092-48118
#FEFCFC	48105	13.5	28	48092-48119
#FEFCFC	48105.5	14	28	48092-48119
#FEFCFC	48106	13.5	28	48092-48119
#FEFCFC	48105.5	13	28	48092-48119
#FCF7F7	48105.5	14	29	48092-48120
#FCF7F7	48106	14.5	29	48092-48120
#FCF7F7	48106.5	14	29	48092-48120
#FCF7F7	48106	13.5	29	48092-48120
#FCF8F8	48106	14.5	30	48092-48121
#FCF8F8	48106.5	15	30	48092-48121
#FCF8F8	48107	14.5	30	48092-48121
#FCF8F8	48106.5	14	30	48092-48121
#FEFDFD	48106.5	15	31	48092-48122
#FEFDFD	48107	15.5	31	48092-48122
#FEFDFD	48107.5	15	31	48092-48122
#FEFDFD	48107	14.5	31	48092-48122
#FDFAF9	48107	15.5	32	48092-48123
#FDFAF9	48107.5	16	32	48092-48123
#FDFAF9	48108	15.5	32	48092-48123
#FDFAF9	48107.5	15	32	48092-48123
#FBFAFD	48107.5	16	33	48092-48124
#FBFAFD	48108	16.5	33	48092-48124
#FBFAFD	48108.5	16	33	48092-48124
#FBFAFD	48108	15.5	33	48092-48124
#FDFAF9	48108.5	17	34	48092-48126
#FDFAF9	48109	17.5	34	48092-48126
#FDFAF9	48109.5	17	34	48092-48126
#FDFAF9	48109	16.5	34	48092-48126
#FDFAF9	48109	17.5	35	48092-48127
#FDFAF9	48109.5	18	35	48092-48127
#FDFAF9	48110	17.5	35	48092-48127
#FDFAF9	48109.5	17	35	48092-48127
#FDFDFE	48109.5	18	36	48092-48128
#FDFDFE	48110	18.5	36	48092-48128
#FDFDFE	48110.5	18	36	48092-48128
#FDFDFE	48110	17.5	36	48092-48128
#FCF7F7	48110	18.5	37	48092-48129
#FCF7F7	48110.5	19	37	48092-48129
#FCF7F7	48111	18.5	37	48092-48129
#FCF7F7	48110.5	18	37	48092-48129
#FFFFFF	48110.5	19	38	48092-48130
#FFFFFF	48111	19.5	38	48092-48130
#FFFFFF	48111.5	19	38	48092-48130
#FFFFFF	48111	18.5	38	48092-48130
#FEFCFC	48111	19.5	39	48092-48131
#FEFCFC	48111.5	20	39	48092-48131
#FEFCFC	48112	19.5	39	48092-48131
#FEFCFC	48111.5	19	39	48092-48131
#FDFBFA	48111.5	20	40	48092-48132
#FDFBFA	48112	20.5	40	48092-48132
#FDFBFA	48112.5	20	40	48092-48132
#FDFBFA	48112	19.5	40	48092-48132
#FEFCFC	48112	20.5	41	48092-48133
#FEFCFC	48112.5	21	41	48092-48133
#FEFCFC	48113	20.5	41	48092-48133
#FEFCFC	48112.5	20	41	48092-48133
#FEFCFC	48112.5	21	42	48092-48134
#FEFCFC	48113	21.5	42	48092-48134
#FEFCFC	48113.5	21	42	48092-48134
#FEFCFC	48113	20.5	42	48092-48134
#FCF7F7	48113	21.5	43	48092-48135
#FCF7F7	48113.5	22	43	48092-48135
#FCF7F7	48114	21.5	43	48092-48135
#FCF7F7	48113.5	21	43	48092-48135
#FDFBFB	48113.5	22	44	48092-48136
#FDFBFB	48114	22.5	44	48092-48136
#FDFBFB	48114.5	22	44	48092-48136
#FDFBFB	48114	21.5	44	48092-48136
#FDFBFB	48114	22.5	45	48092-48137
#FDFBFB	48114.5	23	45	48092-48137
#FDFBFB	48115	22.5	45	48092-48137
#FDFBFB	48114.5	22	45	48092-48137
#FDFAF9	48114.5	23	46	48092-48138
#FDFAF9	48115	23.5	46	48092-48138
#FDFAF9	48115.5	23	46	48092-48138
#FDFAF9	48115	22.5	46	48092-48138
#FDFBFA	48115	23.5	47	48092-48139
#FDFBFA	48115.5	24	47	48092-48139
#FDFBFA	48116	23.5	47	48092-48139
#FDFBFA	48115.5	23	47	48092-48139
#FDFAF9	48115.5	24	48	48092-48140
#FDFAF9	48116	24.5	48	48092-48140
#FDFAF9	48116.5	24	48	48092-48140
#FDFAF9	48116	23.5	48	48092-48140
#FEFDFD	48116	24.5	49	48092-48141
#FEFDFD	48116.5	25	49	48092-48141
#FEFDFD	48117	24.5	49	48092-48141
#FEFDFD	48116.5	24	49	48092-48141
#AF6760	48092.5	0	50	48093-48093
#AF6760	48093	0.5	50	48093-48093
#AF6760	48093.5	0	50	48093-48093
#AF6760	48093	-0.5	50	48093-48093
#B8756E	48093	0.5	51	48093-48094
#B8756E	48093.5	1	51	48093-48094
#B8756E	48094	0.5	51	48093-48094
#B8756E	48093.5	0	51	48093-48094
#BB7B74	48093.5	1	52	48093-48095
#BB7B74	48094	1.5	52	48093-48095
#BB7B74	48094.5	1	52	48093-48095
#BB7B74	48094	0.5	52	48093-48095
#E6C8C5	48094	1.5	53	48093-48096
#E6C8C5	48094.5	2	53	48093-48096
#E6C8C5	48095	1.5	53	48093-48096
#E6C8C5	48094.5	1	53	48093-48096
#DEBAB5	48094.5	2	54	48093-48097
#DEBAB5	48095	2.5	54	48093-48097
#DEBAB5	48095.5	2	54	48093-48097
#DEBAB5	48095	1.5	54	48093-48097
#F9F0EF	48095	2.5	55	48093-48098
#F9F0EF	48095.5	3	55	48093-48098
#F9F0EF	48096	2.5	55	48093-48098
#F9F0EF	48095.5	2	55	48093-48098
#F8EFED	48095.5	3	56	48093-48099
#F8EFED	48096	3.5	56	48093-48099
#F8EFED	48096.5	3	56	48093-48099
#F8EFED	48096	2.5	56	48093-48099
#FDFCFE	48096	3.5	57	48093-48100
#FDFCFE	48096.5	4	57	48093-48100
#FDFCFE	48097	3.5	57	48093-48100
#FDFCFE	48096.5	3	57	48093-48100
#FEFEFF	48096.5	4	58	48093-48101
#FEFEFF	48097	4.5	58	48093-48101
#FEFEFF	48097.5	4	58	48093-48101
#FEFEFF	48097	3.5	58	48093-48101
#FEFEFE	48097	4.5	59	48093-48102
#FEFEFE	48097.5	5	59	48093-48102
#FEFEFE	48098	4.5	59	48093-48102
#FEFEFE	48097.5	4	59	48093-48102
#FDFAF9	48097.5	5	60	48093-48103
#FDFAF9	48098	5.5	60	48093-48103
#FDFAF9	48098.5	5	60	48093-48103
#FDFAF9	48098	4.5	60	48093-48103
#FEFCFC	48098	5.5	61	48093-48104
#FEFCFC	48098.5	6	61	48093-48104
#FEFCFC	48099	5.5	61	48093-48104
#FEFCFC	48098.5	5	61	48093-48104
#FDFCFE	48098.5	6	62	48093-48105
#FDFCFE	48099	6.5	62	48093-48105
#FDFCFE	48099.5	6	62	48093-48105
#FDFCFE	48099	5.5	62	48093-48105
#FEFCFB	48099	6.5	63	48093-48106
#FEFCFB	48099.5	7	63	48093-48106
#FEFCFB	48100	6.5	63	48093-48106
#FEFCFB	48099.5	6	63	48093-48106
#FFFEFE	48099.5	7	64	48093-48107
#FFFEFE	48100	7.5	64	48093-48107
#FFFEFE	48100.5	7	64	48093-48107
#FFFEFE	48100	6.5	64	48093-48107
#FEFEFE	48100	7.5	65	48093-48108
#FEFEFE	48100.5	8	65	48093-48108
#FEFEFE	48101	7.5	65	48093-48108
#FEFEFE	48100.5	7	65	48093-48108
#FEFEFE	48100.5	8	66	48093-48109
#FEFEFE	48101	8.5	66	48093-48109
#FEFEFE	48101.5	8	66	48093-48109
#FEFEFE	48101	7.5	66	48093-48109
#FBF7F6	48101	8.5	67	48093-48110
#FBF7F6	48101.5	9	67	48093-48110
#FBF7F6	48102	8.5	67	48093-48110
#FBF7F6	48101.5	8	67	48093-48110
#FDFBFB	48101.5	9	68	48093-48111
#FDFBFB	48102	9.5	68	48093-48111
#FDFBFB	48102.5	9	68	48093-48111
#FDFBFB	48102	8.5	68	48093-48111
#FDF9F9	48102	9.5	69	48093-48112
#FDF9F9	48102.5	10	69	48093-48112
#FDF9F9	48103	9.5	69	48093-48112
#FDF9F9	48102.5	9	69	48093-48112
#FDFBFA	48102.5	10	70	48093-48113
#FDFBFA	48103	10.5	70	48093-48113
#FDFBFA	48103.5	10	70	48093-48113
#FDFBFA	48103	9.5	70	48093-48113
#FAF3F3	48103	10.5	71	48093-48114
#FAF3F3	48103.5	11	71	48093-48114
#FAF3F3	48104	10.5	71	48093-48114
#FAF3F3	48103.5	10	71	48093-48114
#FCF7F7	48103.5	11	72	48093-48115
#FCF7F7	48104	11.5	72	48093-48115
#FCF7F7	48104.5	11	72	48093-48115
#FCF7F7	48104	10.5	72	48093-48115
#FFFEFE	48104	11.5	73	48093-48116
#FFFEFE	48104.5	12	73	48093-48116
#FFFEFE	48105	11.5	73	48093-48116
#FFFEFE	48104.5	11	73	48093-48116
#FCF7F7	48104.5	12	74	48093-48117
#FCF7F7	48105	12.5	74	48093-48117
#FCF7F7	48105.5	12	74	48093-48117
#FCF7F7	48105	11.5	74	48093-48117
#F9F2F1	48105.5	13	75	48093-48119
#F9F2F1	48106	13.5	75	48093-48119
#F9F2F1	48106.5	13	75	48093-48119
#F9F2F1	48106	12.5	75	48093-48119
#FFFFFF	48106	13.5	76	48093-48120
#FFFFFF	48106.5	14	76	48093-48120
#FFFFFF	48107	13.5	76	48093-48120
#FFFFFF	48106.5	13	76	48093-48120
#FEFCFB	48106.5	14	77	48093-48121
#FEFCFB	48107	14.5	77	48093-48121
#FEFCFB	48107.5	14	77	48093-48121
#FEFCFB	48107	13.5	77	48093-48121
#FFFFFF	48107	14.5	78	48093-48122
#FFFFFF	48107.5	15	78	48093-48122
#FFFFFF	48108	14.5	78	48093-48122
#FFFFFF	48107.5	14	78	48093-48122
#FBF7F6	48107.5	15	79	48093-48123
#FBF7F6	48108	15.5	79	48093-48123
#FBF7F6	48108.5	15	79	48093-48123
#FBF7F6	48108	14.5	79	48093-48123
#FDFDFE	48108	15.5	80	48093-48124
#FDFDFE	48108.5	16	80	48093-48124
#FDFDFE	48109	15.5	80	48093-48124
#FDFDFE	48108.5	15	80	48093-48124
#FFFFFF	48108.5	16	81	48093-48125
#FFFFFF	48109	16.5	81	48093-48125
#FFFFFF	48109.5	16	81	48093-48125
#FFFFFF	48109	15.5	81	48093-48125
#FAF9FC	48109	16.5	82	48093-48126
#FAF9FC	48109.5	17	82	48093-48126
#FAF9FC	48110	16.5	82	48093-48126
#FAF9FC	48109.5	16	82	48093-48126
#FFFFFF	48109.5	17	83	48093-48127
#FFFFFF	48110	17.5	83	48093-48127
#FFFFFF	48110.5	17	83	48093-48127
#FFFFFF	48110	16.5	83	48093-48127
#FDFBFB	48110	17.5	84	48093-48128
#FDFBFB	48110.5	18	84	48093-48128
#FDFBFB	48111	17.5	84	48093-48128
#FDFBFB	48110.5	17	84	48093-48128
#FEFDFD	48110.5	18	85	48093-48129
#FEFDFD	48111	18.5	85	48093-48129
#FEFDFD	48111.5	18	85	48093-48129
#FEFDFD	48111	17.5	85	48093-48129
#FDFAF9	48111	18.5	86	48093-48130
#FDFAF9	48111.5	19	86	48093-48130
#FDFAF9	48112	18.5	86	48093-48130
#FDFAF9	48111.5	18	86	48093-48130
#FBF6F6	48111.5	19	87	48093-48131
#FBF6F6	48112	19.5	87	48093-48131
#FBF6F6	48112.5	19	87	48093-48131
#FBF6F6	48112	18.5	87	48093-48131
#FBF5F5	48112	19.5	88	48093-48132
#FBF5F5	48112.5	20	88	48093-48132
#FBF5F5	48113	19.5	88	48093-48132
#FBF5F5	48112.5	19	88	48093-48132
#FFFFFF	48112.5	20	89	48093-48133
#FFFFFF	48113	20.5	89	48093-48133
#FFFFFF	48113.5	20	89	48093-48133
#FFFFFF	48113	19.5	89	48093-48133
#FCF7F7	48113	20.5	90	48093-48134
#FCF7F7	48113.5	21	90	48093-48134
#FCF7F7	48114	20.5	90	48093-48134
#FCF7F7	48113.5	20	90	48093-48134
#FEFCFC	48113.5	21	91	48093-48135
#FEFCFC	48114	21.5	91	48093-48135
#FEFCFC	48114.5	21	91	48093-48135
#FEFCFC	48114	20.5	91	48093-48135
#FAF4F3	48114	21.5	92	48093-48136
#FAF4F3	48114.5	22	92	48093-48136
#FAF4F3	48115	21.5	92	48093-48136
#FAF4F3	48114.5	21	92	48093-48136
#FCF8F8	48114.5	22	93	48093-48137
#FCF8F8	48115	22.5	93	48093-48137
#FCF8F8	48115.5	22	93	48093-48137
#FCF8F8	48115	21.5	93	48093-48137
#FCFCFE	48115	22.5	94	48093-48138
#FCFCFE	48115.5	23	94	48093-48138
#FCFCFE	48116	22.5	94	48093-48138
#FCFCFE	48115.5	22	94	48093-48138
#FDFAF9	48115.5	23	95	48093-48139
#FDFAF9	48116	23.5	95	48093-48139
#FDFAF9	48116.5	23	95	48093-48139
#FDFAF9	48116	22.5	95	48093-48139
#FFFEFF	48116	23.5	96	48093-48140
#FFFEFF	48116.5	24	96	48093-48140
#FFFEFF	48117	23.5	96	48093-48140
#FFFEFF	48116.5	23	96	48093-48140
#FDFBFB	48116.5	24	97	48093-48141
#FDFBFB	48117	24.5	97	48093-48141
#FDFBFB	48117.5	24	97	48093-48141
#FDFBFB	48117	23.5	97	48093-48141
#FDFBFA	48117	24.5	98	48093-48142
#FDFBFA	48117.5	25	98	48093-48142
#FDFBFA	48118	24.5	98	48093-48142
#FDFBFA	48117.5	24	98	48093-48142
#A0504A	48093.5	0	99	48094-48094
#A0504A	48094	0.5	99	48094-48094
#A0504A	48094.5	0	99	48094-48094
#A0504A	48094	-0.5	99	48094-48094
#C0837C	48094	0.5	100	48094-48095
#C0837C	48094.5	1	100	48094-48095
#C0837C	48095	0.5	100	48094-48095
#C0837C	48094.5	0	100	48094-48095
#D2A29C	48094.5	1	101	48094-48096
#D2A29C	48095	1.5	101	48094-48096
#D2A29C	48095.5	1	101	48094-48096
#D2A29C	48095	0.5	101	48094-48096
#C48982	48095	1.5	102	48094-48097
#C48982	48095.5	2	102	48094-48097
#C48982	48096	1.5	102	48094-48097
#C48982	48095.5	1	102	48094-48097
#DEB9B4	48095.5	2	103	48094-48098
#DEB9B4	48096	2.5	103	48094-48098
#DEB9B4	48096.5	2	103	48094-48098
#DEB9B4	48096	1.5	103	48094-48098
#FCF8F7	48096	2.5	104	48094-48099
#FCF8F7	48096.5	3	104	48094-48099
#FCF8F7	48097	2.5	104	48094-48099
#FCF8F7	48096.5	2	104	48094-48099
#F3E5E3	48096.5	3	105	48094-48100
#F3E5E3	48097	3.5	105	48094-48100
#F3E5E3	48097.5	3	105	48094-48100
#F3E5E3	48097	2.5	105	48094-48100
#FEFCFB	48097	3.5	106	48094-48101
#FEFCFB	48097.5	4	106	48094-48101
#FEFCFB	48098	3.5	106	48094-48101
#FEFCFB	48097.5	3	106	48094-48101
#FAF9FC	48097.5	4	107	48094-48102
#FAF9FC	48098	4.5	107	48094-48102
#FAF9FC	48098.5	4	107	48094-48102
#FAF9FC	48098	3.5	107	48094-48102
#FDFBFB	48098	4.5	108	48094-48103
#FDFBFB	48098.5	5	108	48094-48103
#FDFBFB	48099	4.5	108	48094-48103
#FDFBFB	48098.5	4	108	48094-48103
#F7EDEC	48098.5	5	109	48094-48104
#F7EDEC	48099	5.5	109	48094-48104
#F7EDEC	48099.5	5	109	48094-48104
#F7EDEC	48099	4.5	109	48094-48104
#FDFAFA	48099	5.5	110	48094-48105
#FDFAFA	48099.5	6	110	48094-48105
#FDFAFA	48100	5.5	110	48094-48105
#FDFAFA	48099.5	5	110	48094-48105
#FBF6F6	48099.5	6	111	48094-48106
#FBF6F6	48100	6.5	111	48094-48106
#FBF6F6	48100.5	6	111	48094-48106
#FBF6F6	48100	5.5	111	48094-48106
#FAF3F2	48100	6.5	112	48094-48107
#FAF3F2	48100.5	7	112	48094-48107
#FAF3F2	48101	6.5	112	48094-48107
#FAF3F2	48100.5	6	112	48094-48107
#F9F1F0	48100.5	7	113	48094-48108
#F9F1F0	48101	7.5	113	48094-48108
#F9F1F0	48101.5	7	113	48094-48108
#F9F1F0	48101	6.5	113	48094-48108
#FBF5F4	48101	7.5	114	48094-48109
#FBF5F4	48101.5	8	114	48094-48109
#FBF5F4	48102	7.5	114	48094-48109
#FBF5F4	48101.5	7	114	48094-48109
#FFFFFF	48101.5	8	115	48094-48110
#FFFFFF	48102	8.5	115	48094-48110
#FFFFFF	48102.5	8	115	48094-48110
#FFFFFF	48102	7.5	115	48094-48110
#FFFFFF	48102	8.5	116	48094-48111
#FFFFFF	48102.5	9	116	48094-48111
#FFFFFF	48103	8.5	116	48094-48111
#FFFFFF	48102.5	8	116	48094-48111
#FFFFFF	48102.5	9	117	48094-48112
#FFFFFF	48103	9.5	117	48094-48112
#FFFFFF	48103.5	9	117	48094-48112
#FFFFFF	48103	8.5	117	48094-48112
#FCF9F8	48103	9.5	118	48094-48113
#FCF9F8	48103.5	10	118	48094-48113
#FCF9F8	48104	9.5	118	48094-48113
#FCF9F8	48103.5	9	118	48094-48113
#FEFCFC	48103.5	10	119	48094-48114
#FEFCFC	48104	10.5	119	48094-48114
#FEFCFC	48104.5	10	119	48094-48114
#FEFCFC	48104	9.5	119	48094-48114
#FBF6F5	48104	10.5	120	48094-48115
#FBF6F5	48104.5	11	120	48094-48115
#FBF6F5	48105	10.5	120	48094-48115
#FBF6F5	48104.5	10	120	48094-48115
#FBF5F4	48104.5	11	121	48094-48116
#FBF5F4	48105	11.5	121	48094-48116
#FBF5F4	48105.5	11	121	48094-48116
#FBF5F4	48105	10.5	121	48094-48116
#FCF7F7	48105	11.5	122	48094-48117
#FCF7F7	48105.5	12	122	48094-48117
#FCF7F7	48106	11.5	122	48094-48117
#FCF7F7	48105.5	11	122	48094-48117
#F7EDEC	48105.5	12	123	48094-48118
#F7EDEC	48106	12.5	123	48094-48118
#F7EDEC	48106.5	12	123	48094-48118
#F7EDEC	48106	11.5	123	48094-48118
#FEFCFC	48106	12.5	124	48094-48119
#FEFCFC	48106.5	13	124	48094-48119
#FEFCFC	48107	12.5	124	48094-48119
#FEFCFC	48106.5	12	124	48094-48119
#FDFAFA	48106.5	13	125	48094-48120
#FDFAFA	48107	13.5	125	48094-48120
#FDFAFA	48107.5	13	125	48094-48120
#FDFAFA	48107	12.5	125	48094-48120
#FCF9F8	48107	13.5	126	48094-48121
#FCF9F8	48107.5	14	126	48094-48121
#FCF9F8	48108	13.5	126	48094-48121
#FCF9F8	48107.5	13	126	48094-48121
#FDFAFA	48107.5	14	127	48094-48122
#FDFAFA	48108	14.5	127	48094-48122
#FDFAFA	48108.5	14	127	48094-48122
#FDFAFA	48108	13.5	127	48094-48122
#FCF7F6	48108	14.5	128	48094-48123
#FCF7F6	48108.5	15	128	48094-48123
#FCF7F6	48109	14.5	128	48094-48123
#FCF7F6	48108.5	14	128	48094-48123
#FBF5F4	48108.5	15	129	48094-48124
#FBF5F4	48109	15.5	129	48094-48124
#FBF5F4	48109.5	15	129	48094-48124
#FBF5F4	48109	14.5	129	48094-48124
#FEFCFC	48109	15.5	130	48094-48125
#FEFCFC	48109.5	16	130	48094-48125
#FEFCFC	48110	15.5	130	48094-48125
#FEFCFC	48109.5	15	130	48094-48125
#FFFFFF	48109.5	16	131	48094-48126
#FFFFFF	48110	16.5	131	48094-48126
#FFFFFF	48110.5	16	131	48094-48126
#FFFFFF	48110	15.5	131	48094-48126
#FCF8F8	48110	16.5	132	48094-48127
#FCF8F8	48110.5	17	132	48094-48127
#FCF8F8	48111	16.5	132	48094-48127
#FCF8F8	48110.5	16	132	48094-48127
#FCF8F8	48110.5	17	133	48094-48128
#FCF8F8	48111	17.5	133	48094-48128
#FCF8F8	48111.5	17	133	48094-48128
#FCF8F8	48111	16.5	133	48094-48128
#FEFDFD	48111	17.5	134	48094-48129
#FEFDFD	48111.5	18	134	48094-48129
#FEFDFD	48112	17.5	134	48094-48129
#FEFDFD	48111.5	17	134	48094-48129
#FCF9F9	48111.5	18	135	48094-48130
#FCF9F9	48112	18.5	135	48094-48130
#FCF9F9	48112.5	18	135	48094-48130
#FCF9F9	48112	17.5	135	48094-48130
#FEFDFC	48112	18.5	136	48094-48131
#FEFDFC	48112.5	19	136	48094-48131
#FEFDFC	48113	18.5	136	48094-48131
#FEFDFC	48112.5	18	136	48094-48131
#FEFDFD	48112.5	19	137	48094-48132
#FEFDFD	48113	19.5	137	48094-48132
#FEFDFD	48113.5	19	137	48094-48132
#FEFDFD	48113	18.5	137	48094-48132
#FCF7F6	48113	19.5	138	48094-48133
#FCF7F6	48113.5	20	138	48094-48133
#FCF7F6	48114	19.5	138	48094-48133
#FCF7F6	48113.5	19	138	48094-48133
#FEFDFD	48113.5	20	139	48094-48134
#FEFDFD	48114	20.5	139	48094-48134
#FEFDFD	48114.5	20	139	48094-48134
#FEFDFD	48114	19.5	139	48094-48134
#FFFFFF	48114	20.5	140	48094-48135
#FFFFFF	48114.5	21	140	48094-48135
#FFFFFF	48115	20.5	140	48094-48135
#FFFFFF	48114.5	20	140	48094-48135
#FCF8F8	48114.5	21	141	48094-48136
#FCF8F8	48115	21.5	141	48094-48136
#FCF8F8	48115.5	21	141	48094-48136
#FCF8F8	48115	20.5	141	48094-48136
#FDFAFA	48115	21.5	142	48094-48137
#FDFAFA	48115.5	22	142	48094-48137
#FDFAFA	48116	21.5	142	48094-48137
#FDFAFA	48115.5	21	142	48094-48137
#FFFFFF	48115.5	22	143	48094-48138
#FFFFFF	48116	22.5	143	48094-48138
#FFFFFF	48116.5	22	143	48094-48138
#FFFFFF	48116	21.5	143	48094-48138
#FCF7F7	48116	22.5	144	48094-48139
#FCF7F7	48116.5	23	144	48094-48139
#FCF7F7	48117	22.5	144	48094-48139
#FCF7F7	48116.5	22	144	48094-48139
#FBF7F6	48116.5	23	145	48094-48140
#FBF7F6	48117	23.5	145	48094-48140
#FBF7F6	48117.5	23	145	48094-48140
#FBF7F6	48117	22.5	145	48094-48140
#FBF5F5	48117	23.5	146	48094-48141
#FBF5F5	48117.5	24	146	48094-48141
#FBF5F5	48118	23.5	146	48094-48141
#FBF5F5	48117.5	23	146	48094-48141
#FEFCFC	48117.5	24	147	48094-48142
#FEFCFC	48118	24.5	147	48094-48142
#FEFCFC	48118.5	24	147	48094-48142
#FEFCFC	48118	23.5	147	48094-48142
#FFFEFE	48118	24.5	148	48094-48143
#FFFEFE	48118.5	25	148	48094-48143
#FFFEFE	48119	24.5	148	48094-48143
#FFFEFE	48118.5	24	148	48094-48143
#A3544D	48094.5	0	149	48095-48095
#A3544D	48095	0.5	149	48095-48095
#A3544D	48095.5	0	149	48095-48095
#A3544D	48095	-0.5	149	48095-48095
#B6726B	48095	0.5	150	48095-48096
#B6726B	48095.5	1	150	48095-48096
#B6726B	48096	0.5	150	48095-48096
#B6726B	48095.5	0	150	48095-48096
#AB615A	48095.5	1	151	48095-48097
#AB615A	48096	1.5	151	48095-48097
#AB615A	48096.5	1	151	48095-48097
#AB615A	48096	0.5	151	48095-48097
#CA938D	48096	1.5	152	48095-48098
#CA938D	48096.5	2	152	48095-48098
#CA938D	48097	1.5	152	48095-48098
#CA938D	48096.5	1	152	48095-48098
#E6C9C5	48096.5	2	153	48095-48099
#E6C9C5	48097	2.5	153	48095-48099
#E6C9C5	48097.5	2	153	48095-48099
#E6C9C5	48097	1.5	153	48095-48099
#F5E7E6	48097	2.5	154	48095-48100
#F5E7E6	48097.5	3	154	48095-48100
#F5E7E6	48098	2.5	154	48095-48100
#F5E7E6	48097.5	2	154	48095-48100
#F8EFEE	48097.5	3	155	48095-48101
#F8EFEE	48098	3.5	155	48095-48101
#F8EFEE	48098.5	3	155	48095-48101
#F8EFEE	48098	2.5	155	48095-48101
#FEFDFD	48098	3.5	156	48095-48102
#FEFDFD	48098.5	4	156	48095-48102
#FEFDFD	48099	3.5	156	48095-48102
#FEFDFD	48098.5	3	156	48095-48102
#FBF7F6	48098.5	4	157	48095-48103
#FBF7F6	48099	4.5	157	48095-48103
#FBF7F6	48099.5	4	157	48095-48103
#FBF7F6	48099	3.5	157	48095-48103
#FBF6F5	48099	4.5	158	48095-48104
#FBF6F5	48099.5	5	158	48095-48104
#FBF6F5	48100	4.5	158	48095-48104
#FBF6F5	48099.5	4	158	48095-48104
#FCF8F7	48099.5	5	159	48095-48105
#FCF8F7	48100	5.5	159	48095-48105
#FCF8F7	48100.5	5	159	48095-48105
#FCF8F7	48100	4.5	159	48095-48105
#EDD7D4	48100	5.5	160	48095-48106
#EDD7D4	48100.5	6	160	48095-48106
#EDD7D4	48101	5.5	160	48095-48106
#EDD7D4	48100.5	5	160	48095-48106
#F7EDEB	48100.5	6	161	48095-48107
#F7EDEB	48101	6.5	161	48095-48107
#F7EDEB	48101.5	6	161	48095-48107
#F7EDEB	48101	5.5	161	48095-48107
#FEFCFB	48101	6.5	162	48095-48108
#FEFCFB	48101.5	7	162	48095-48108
#FEFCFB	48102	6.5	162	48095-48108
#FEFCFB	48101.5	6	162	48095-48108
#F8EFED	48101.5	7	163	48095-48109
#F8EFED	48102	7.5	163	48095-48109
#F8EFED	48102.5	7	163	48095-48109
#F8EFED	48102	6.5	163	48095-48109
#FFFFFF	48102	7.5	164	48095-48110
#FFFFFF	48102.5	8	164	48095-48110
#FFFFFF	48103	7.5	164	48095-48110
#FFFFFF	48102.5	7	164	48095-48110
#FEFDFD	48102.5	8	165	48095-48111
#FEFDFD	48103	8.5	165	48095-48111
#FEFDFD	48103.5	8	165	48095-48111
#FEFDFD	48103	7.5	165	48095-48111
#FEFDFE	48103	8.5	166	48095-48112
#FEFDFE	48103.5	9	166	48095-48112
#FEFDFE	48104	8.5	166	48095-48112
#FEFDFE	48103.5	8	166	48095-48112
#FCF7F7	48103.5	9	167	48095-48113
#FCF7F7	48104	9.5	167	48095-48113
#FCF7F7	48104.5	9	167	48095-48113
#FCF7F7	48104	8.5	167	48095-48113
#FDFAFA	48104	9.5	168	48095-48114
#FDFAFA	48104.5	10	168	48095-48114
#FDFAFA	48105	9.5	168	48095-48114
#FDFAFA	48104.5	9	168	48095-48114
#F8EEED	48104.5	10	169	48095-48115
#F8EEED	48105	10.5	169	48095-48115
#F8EEED	48105.5	10	169	48095-48115
#F8EEED	48105	9.5	169	48095-48115
#FDFBFB	48105	10.5	170	48095-48116
#FDFBFB	48105.5	11	170	48095-48116
#FDFBFB	48106	10.5	170	48095-48116
#FDFBFB	48105.5	10	170	48095-48116
#F6EBEA	48105.5	11	171	48095-48117
#F6EBEA	48106	11.5	171	48095-48117
#F6EBEA	48106.5	11	171	48095-48117
#F6EBEA	48106	10.5	171	48095-48117
#FBF6F5	48106	11.5	172	48095-48118
#FBF6F5	48106.5	12	172	48095-48118
#FBF6F5	48107	11.5	172	48095-48118
#FBF6F5	48106.5	11	172	48095-48118
#FCF8F7	48106.5	12	173	48095-48119
#FCF8F7	48107	12.5	173	48095-48119
#FCF8F7	48107.5	12	173	48095-48119
#FCF8F7	48107	11.5	173	48095-48119
#F2E1DF	48107	12.5	174	48095-48120
#F2E1DF	48107.5	13	174	48095-48120
#F2E1DF	48108	12.5	174	48095-48120
#F2E1DF	48107.5	12	174	48095-48120
#F2E2DF	48107.5	13	175	48095-48121
#F2E2DF	48108	13.5	175	48095-48121
#F2E2DF	48108.5	13	175	48095-48121
#F2E2DF	48108	12.5	175	48095-48121
#E8CCC8	48108	13.5	176	48095-48122
#E8CCC8	48108.5	14	176	48095-48122
#E8CCC8	48109	13.5	176	48095-48122
#E8CCC8	48108.5	13	176	48095-48122
#FAF4F3	48108.5	14	177	48095-48123
#FAF4F3	48109	14.5	177	48095-48123
#FAF4F3	48109.5	14	177	48095-48123
#FAF4F3	48109	13.5	177	48095-48123
#F2E1DF	48109	14.5	178	48095-48124
#F2E1DF	48109.5	15	178	48095-48124
#F2E1DF	48110	14.5	178	48095-48124
#F2E1DF	48109.5	14	178	48095-48124
#F9F1F0	48109.5	15	179	48095-48125
#F9F1F0	48110	15.5	179	48095-48125
#F9F1F0	48110.5	15	179	48095-48125
#F9F1F0	48110	14.5	179	48095-48125
#F3E5E3	48110	15.5	180	48095-48126
#F3E5E3	48110.5	16	180	48095-48126
#F3E5E3	48111	15.5	180	48095-48126
#F3E5E3	48110.5	15	180	48095-48126
#FDFBFA	48110.5	16	181	48095-48127
#FDFBFA	48111	16.5	181	48095-48127
#FDFBFA	48111.5	16	181	48095-48127
#FDFBFA	48111	15.5	181	48095-48127
#F6E9E8	48111	16.5	182	48095-48128
#F6E9E8	48111.5	17	182	48095-48128
#F6E9E8	48112	16.5	182	48095-48128
#F6E9E8	48111.5	16	182	48095-48128
#F8EFED	48111.5	17	183	48095-48129
#F8EFED	48112	17.5	183	48095-48129
#F8EFED	48112.5	17	183	48095-48129
#F8EFED	48112	16.5	183	48095-48129
#F5E9E8	48112	17.5	184	48095-48130
#F5E9E8	48112.5	18	184	48095-48130
#F5E9E8	48113	17.5	184	48095-48130
#F5E9E8	48112.5	17	184	48095-48130
#FBF5F4	48112.5	18	185	48095-48131
#FBF5F4	48113	18.5	185	48095-48131
#FBF5F4	48113.5	18	185	48095-48131
#FBF5F4	48113	17.5	185	48095-48131
#F7EEEC	48113	18.5	186	48095-48132
#F7EEEC	48113.5	19	186	48095-48132
#F7EEEC	48114	18.5	186	48095-48132
#F7EEEC	48113.5	18	186	48095-48132
#F6EAE9	48113.5	19	187	48095-48133
#F6EAE9	48114	19.5	187	48095-48133
#F6EAE9	48114.5	19	187	48095-48133
#F6EAE9	48114	18.5	187	48095-48133
#FEFDFD	48114	19.5	188	48095-48134
#FEFDFD	48114.5	20	188	48095-48134
#FEFDFD	48115	19.5	188	48095-48134
#FEFDFD	48114.5	19	188	48095-48134
#FEFEFF	48114.5	20	189	48095-48135
#FEFEFF	48115	20.5	189	48095-48135
#FEFEFF	48115.5	20	189	48095-48135
#FEFEFF	48115	19.5	189	48095-48135
#FAF3F3	48115	20.5	190	48095-48136
#FAF3F3	48115.5	21	190	48095-48136
#FAF3F3	48116	20.5	190	48095-48136
#FAF3F3	48115.5	20	190	48095-48136
#FAF3F2	48115.5	21	191	48095-48137
#FAF3F2	48116	21.5	191	48095-48137
#FAF3F2	48116.5	21	191	48095-48137
#FAF3F2	48116	20.5	191	48095-48137
#FCF9F9	48116	21.5	192	48095-48138
#FCF9F9	48116.5	22	192	48095-48138
#FCF9F9	48117	21.5	192	48095-48138
#FCF9F9	48116.5	21	192	48095-48138
#FDF9F9	48116.5	22	193	48095-48139
#FDF9F9	48117	22.5	193	48095-48139
#FDF9F9	48117.5	22	193	48095-48139
#FDF9F9	48117	21.5	193	48095-48139
#FAF3F2	48117	22.5	194	48095-48140
#FAF3F2	48117.5	23	194	48095-48140
#FAF3F2	48118	22.5	194	48095-48140
#FAF3F2	48117.5	22	194	48095-48140
#FEFDFD	48117.5	23	195	48095-48141
#FEFDFD	48118	23.5	195	48095-48141
#FEFDFD	48118.5	23	195	48095-48141
#FEFDFD	48118	22.5	195	48095-48141
#FDFAF9	48118	23.5	196	48095-48142
#FDFAF9	48118.5	24	196	48095-48142
#FDFAF9	48119	23.5	196	48095-48142
#FDFAF9	48118.5	23	196	48095-48142
#FCF9F9	48118.5	24	197	48095-48143
#FCF9F9	48119	24.5	197	48095-48143
#FCF9F9	48119.5	24	197	48095-48143
#FCF9F9	48119	23.5	197	48095-48143
#F7EDEC	48119	24.5	198	48095-48144
#F7EDEC	48119.5	25	198	48095-48144
#F7EDEC	48120	24.5	198	48095-48144
#F7EDEC	48119.5	24	198	48095-48144
#933D38	48095.5	0	199	48096-48096
#933D38	48096	0.5	199	48096-48096
#933D38	48096.5	0	199	48096-48096
#933D38	48096	-0.5	199	48096-48096
#B16A63	48096	0.5	200	48096-48097
#B16A63	48096.5	1	200	48096-48097
#B16A63	48097	0.5	200	48096-48097
#B16A63	48096.5	0	200	48096-48097
#D4A6A0	48096.5	1	201	48096-48098
#D4A6A0	48097	1.5	201	48096-48098
#D4A6A0	48097.5	1	201	48096-48098
#D4A6A0	48097	0.5	201	48096-48098
#EAD1CD	48097	1.5	202	48096-48099
#EAD1CD	48097.5	2	202	48096-48099
#EAD1CD	48098	1.5	202	48096-48099
#EAD1CD	48097.5	1	202	48096-48099
#F4E6E4	48097.5	2	203	48096-48100
#F4E6E4	48098	2.5	203	48096-48100
#F4E6E4	48098.5	2	203	48096-48100
#F4E6E4	48098	1.5	203	48096-48100
#FDFDFE	48098	2.5	204	48096-48101
#FDFDFE	48098.5	3	204	48096-48101
#FDFDFE	48099	2.5	204	48096-48101
#FDFDFE	48098.5	2	204	48096-48101
#FEFDFD	48098.5	3	205	48096-48102
#FEFDFD	48099	3.5	205	48096-48102
#FEFDFD	48099.5	3	205	48096-48102
#FEFDFD	48099	2.5	205	48096-48102
#F8EFEE	48099	3.5	206	48096-48103
#F8EFEE	48099.5	4	206	48096-48103
#F8EFEE	48100	3.5	206	48096-48103
#F8EFEE	48099.5	3	206	48096-48103
#F7ECEA	48099.5	4	207	48096-48104
#F7ECEA	48100	4.5	207	48096-48104
#F7ECEA	48100.5	4	207	48096-48104
#F7ECEA	48100	3.5	207	48096-48104
#F5E7E6	48100	4.5	208	48096-48105
#F5E7E6	48100.5	5	208	48096-48105
#F5E7E6	48101	4.5	208	48096-48105
#F5E7E6	48100.5	4	208	48096-48105
#F6EBE9	48100.5	5	209	48096-48106
#F6EBE9	48101	5.5	209	48096-48106
#F6EBE9	48101.5	5	209	48096-48106
#F6EBE9	48101	4.5	209	48096-48106
#F3E4E2	48101	5.5	210	48096-48107
#F3E4E2	48101.5	6	210	48096-48107
#F3E4E2	48102	5.5	210	48096-48107
#F3E4E2	48101.5	5	210	48096-48107
#FEFEFE	48101.5	6	211	48096-48108
#FEFEFE	48102	6.5	211	48096-48108
#FEFEFE	48102.5	6	211	48096-48108
#FEFEFE	48102	5.5	211	48096-48108
#F8EFEE	48102	6.5	212	48096-48109
#F8EFEE	48102.5	7	212	48096-48109
#F8EFEE	48103	6.5	212	48096-48109
#F8EFEE	48102.5	6	212	48096-48109
#FFFFFF	48102.5	7	213	48096-48110
#FFFFFF	48103	7.5	213	48096-48110
#FFFFFF	48103.5	7	213	48096-48110
#FFFFFF	48103	6.5	213	48096-48110
#F9F0EF	48103	7.5	214	48096-48111
#F9F0EF	48103.5	8	214	48096-48111
#F9F0EF	48104	7.5	214	48096-48111
#F9F0EF	48103.5	7	214	48096-48111
#FEFCFC	48103.5	8	215	48096-48112
#FEFCFC	48104	8.5	215	48096-48112
#FEFCFC	48104.5	8	215	48096-48112
#FEFCFC	48104	7.5	215	48096-48112
#FCF7F6	48104	8.5	216	48096-48113
#FCF7F6	48104.5	9	216	48096-48113
#FCF7F6	48105	8.5	216	48096-48113
#FCF7F6	48104.5	8	216	48096-48113
#F7EDEC	48104.5	9	217	48096-48114
#F7EDEC	48105	9.5	217	48096-48114
#F7EDEC	48105.5	9	217	48096-48114
#F7EDEC	48105	8.5	217	48096-48114
#FAF4F3	48105	9.5	218	48096-48115
#FAF4F3	48105.5	10	218	48096-48115
#FAF4F3	48106	9.5	218	48096-48115
#FAF4F3	48105.5	9	218	48096-48115
#FCF7F7	48105.5	10	219	48096-48116
#FCF7F7	48106	10.5	219	48096-48116
#FCF7F7	48106.5	10	219	48096-48116
#FCF7F7	48106	9.5	219	48096-48116
#FDFAFA	48106	10.5	220	48096-48117
#FDFAFA	48106.5	11	220	48096-48117
#FDFAFA	48107	10.5	220	48096-48117
#FDFAFA	48106.5	10	220	48096-48117
#F9F2F1	48106.5	11	221	48096-48118
#F9F2F1	48107	11.5	221	48096-48118
#F9F2F1	48107.5	11	221	48096-48118
#F9F2F1	48107	10.5	221	48096-48118
#F1E1DE	48107	11.5	222	48096-48119
#F1E1DE	48107.5	12	222	48096-48119
#F1E1DE	48108	11.5	222	48096-48119
#F1E1DE	48107.5	11	222	48096-48119
#FDFBFA	48107.5	12	223	48096-48120
#FDFBFA	48108	12.5	223	48096-48120
#FDFBFA	48108.5	12	223	48096-48120
#FDFBFA	48108	11.5	223	48096-48120
#F9F1F0	48108	12.5	224	48096-48121
#F9F1F0	48108.5	13	224	48096-48121
#F9F1F0	48109	12.5	224	48096-48121
#F9F1F0	48108.5	12	224	48096-48121
#FCF7F6	48108.5	13	225	48096-48122
#FCF7F6	48109	13.5	225	48096-48122
#FCF7F6	48109.5	13	225	48096-48122
#FCF7F6	48109	12.5	225	48096-48122
#FEFDFD	48109	13.5	226	48096-48123
#FEFDFD	48109.5	14	226	48096-48123
#FEFDFD	48110	13.5	226	48096-48123
#FEFDFD	48109.5	13	226	48096-48123
#F8EFEE	48109.5	14	227	48096-48124
#F8EFEE	48110	14.5	227	48096-48124
#F8EFEE	48110.5	14	227	48096-48124
#F8EFEE	48110	13.5	227	48096-48124
#F8EFEE	48110	14.5	228	48096-48125
#F8EFEE	48110.5	15	228	48096-48125
#F8EFEE	48111	14.5	228	48096-48125
#F8EFEE	48110.5	14	228	48096-48125
#F5E8E6	48110.5	15	229	48096-48126
#F5E8E6	48111	15.5	229	48096-48126
#F5E8E6	48111.5	15	229	48096-48126
#F5E8E6	48111	14.5	229	48096-48126
#FBF6F5	48111	15.5	230	48096-48127
#FBF6F5	48111.5	16	230	48096-48127
#FBF6F5	48112	15.5	230	48096-48127
#FBF6F5	48111.5	15	230	48096-48127
#FCF7F6	48111.5	16	231	48096-48128
#FCF7F6	48112	16.5	231	48096-48128
#FCF7F6	48112.5	16	231	48096-48128
#FCF7F6	48112	15.5	231	48096-48128
#F9F2F1	48112	16.5	232	48096-48129
#F9F2F1	48112.5	17	232	48096-48129
#F9F2F1	48113	16.5	232	48096-48129
#F9F2F1	48112.5	16	232	48096-48129
#FCF8F7	48112.5	17	233	48096-48130
#FCF8F7	48113	17.5	233	48096-48130
#FCF8F7	48113.5	17	233	48096-48130
#FCF8F7	48113	16.5	233	48096-48130
#FCF8F7	48113	17.5	234	48096-48131
#FCF8F7	48113.5	18	234	48096-48131
#FCF8F7	48114	17.5	234	48096-48131
#FCF8F7	48113.5	17	234	48096-48131
#F8F0EF	48113.5	18	235	48096-48132
#F8F0EF	48114	18.5	235	48096-48132
#F8F0EF	48114.5	18	235	48096-48132
#F8F0EF	48114	17.5	235	48096-48132
#FAF3F2	48114	18.5	236	48096-48133
#FAF3F2	48114.5	19	236	48096-48133
#FAF3F2	48115	18.5	236	48096-48133
#FAF3F2	48114.5	18	236	48096-48133
#F8EFEE	48114.5	19	237	48096-48134
#F8EFEE	48115	19.5	237	48096-48134
#F8EFEE	48115.5	19	237	48096-48134
#F8EFEE	48115	18.5	237	48096-48134
#FDFBFB	48115	19.5	238	48096-48135
#FDFBFB	48115.5	20	238	48096-48135
#FDFBFB	48116	19.5	238	48096-48135
#FDFBFB	48115.5	19	238	48096-48135
#FEFEFE	48115.5	20	239	48096-48136
#FEFEFE	48116	20.5	239	48096-48136
#FEFEFE	48116.5	20	239	48096-48136
#FEFEFE	48116	19.5	239	48096-48136
#FCF8F8	48116	20.5	240	48096-48137
#FCF8F8	48116.5	21	240	48096-48137
#FCF8F8	48117	20.5	240	48096-48137
#FCF8F8	48116.5	20	240	48096-48137
#F4E6E4	48116.5	21	241	48096-48138
#F4E6E4	48117	21.5	241	48096-48138
#F4E6E4	48117.5	21	241	48096-48138
#F4E6E4	48117	20.5	241	48096-48138
#F8EFEE	48117	21.5	242	48096-48139
#F8EFEE	48117.5	22	242	48096-48139
#F8EFEE	48118	21.5	242	48096-48139
#F8EFEE	48117.5	21	242	48096-48139
#FCF8F7	48117.5	22	243	48096-48140
#FCF8F7	48118	22.5	243	48096-48140
#FCF8F7	48118.5	22	243	48096-48140
#FCF8F7	48118	21.5	243	48096-48140
#FCF9F8	48118	22.5	244	48096-48141
#FCF9F8	48118.5	23	244	48096-48141
#FCF9F8	48119	22.5	244	48096-48141
#FCF9F8	48118.5	22	244	48096-48141
#FEFCFC	48118.5	23	245	48096-48142
#FEFCFC	48119	23.5	245	48096-48142
#FEFCFC	48119.5	23	245	48096-48142
#FEFCFC	48119	22.5	245	48096-48142
#FAF3F2	48119	23.5	246	48096-48143
#FAF3F2	48119.5	24	246	48096-48143
#FAF3F2	48120	23.5	246	48096-48143
#FAF3F2	48119.5	23	246	48096-48143
#FDFAF9	48119.5	24	247	48096-48144
#FDFAF9	48120	24.5	247	48096-48144
#FDFAF9	48120.5	24	247	48096-48144
#FDFAF9	48120	23.5	247	48096-48144
#FCF9F9	48120	24.5	248	48096-48145
#FCF9F9	48120.5	25	248	48096-48145
#FCF9F9	48121	24.5	248	48096-48145
#FCF9F9	48120.5	24	248	48096-48145
#E0BEB9	48096.5	0	249	48097-48097
#E0BEB9	48097	0.5	249	48097-48097
#E0BEB9	48097.5	0	249	48097-48097
#E0BEB9	48097	-0.5	249	48097-48097
#F6EBE9	48097	0.5	250	48097-48098
#F6EBE9	48097.5	1	250	48097-48098
#F6EBE9	48098	0.5	250	48097-48098
#F6EBE9	48097.5	0	250	48097-48098
#FCF8F7	48097.5	1	251	48097-48099
#FCF8F7	48098	1.5	251	48097-48099
#FCF8F7	48098.5	1	251	48097-48099
#FCF8F7	48098	0.5	251	48097-48099
#D5D0E8	48098	1.5	252	48097-48100
#D5D0E8	48098.5	2	252	48097-48100
#D5D0E8	48099	1.5	252	48097-48100
#D5D0E8	48098.5	1	252	48097-48100
#A69CCE	48098.5	2	253	48097-48101
#A69CCE	48099	2.5	253	48097-48101
#A69CCE	48099.5	2	253	48097-48101
#A69CCE	48099	1.5	253	48097-48101
#D4CEE7	48099	2.5	254	48097-48102
#D4CEE7	48099.5	3	254	48097-48102
#D4CEE7	48100	2.5	254	48097-48102
#D4CEE7	48099.5	2	254	48097-48102
#FAF9FC	48099.5	3	255	48097-48103
#FAF9FC	48100	3.5	255	48097-48103
#FAF9FC	48100.5	3	255	48097-48103
#FAF9FC	48100	2.5	255	48097-48103
#FDFAFA	48100	3.5	256	48097-48104
#FDFAFA	48100.5	4	256	48097-48104
#FDFAFA	48101	3.5	256	48097-48104
#FDFAFA	48100.5	3	256	48097-48104
#FEFCFB	48100.5	4	257	48097-48105
#FEFCFB	48101	4.5	257	48097-48105
#FEFCFB	48101.5	4	257	48097-48105
#FEFCFB	48101	3.5	257	48097-48105
#FDFCFE	48101	4.5	258	48097-48106
#FDFCFE	48101.5	5	258	48097-48106
#FDFCFE	48102	4.5	258	48097-48106
#FDFCFE	48101.5	4	258	48097-48106
#FEFEFE	48101.5	5	259	48097-48107
#FEFEFE	48102	5.5	259	48097-48107
#FEFEFE	48102.5	5	259	48097-48107
#FEFEFE	48102	4.5	259	48097-48107
#FFFFFF	48102	5.5	260	48097-48108
#FFFFFF	48102.5	6	260	48097-48108
#FFFFFF	48103	5.5	260	48097-48108
#FFFFFF	48102.5	5	260	48097-48108
#F6EBEA	48102.5	6	261	48097-48109
#F6EBEA	48103	6.5	261	48097-48109
#F6EBEA	48103.5	6	261	48097-48109
#F6EBEA	48103	5.5	261	48097-48109
#FAF2F2	48103	6.5	262	48097-48110
#FAF2F2	48103.5	7	262	48097-48110
#FAF2F2	48104	6.5	262	48097-48110
#FAF2F2	48103.5	6	262	48097-48110
#FFFEFF	48103.5	7	263	48097-48111
#FFFEFF	48104	7.5	263	48097-48111
#FFFEFF	48104.5	7	263	48097-48111
#FFFEFF	48104	6.5	263	48097-48111
#FFFEFE	48104	7.5	264	48097-48112
#FFFEFE	48104.5	8	264	48097-48112
#FFFEFE	48105	7.5	264	48097-48112
#FFFEFE	48104.5	7	264	48097-48112
#FEFDFD	48104.5	8	265	48097-48113
#FEFDFD	48105	8.5	265	48097-48113
#FEFDFD	48105.5	8	265	48097-48113
#FEFDFD	48105	7.5	265	48097-48113
#F7EDEC	48105	8.5	266	48097-48114
#F7EDEC	48105.5	9	266	48097-48114
#F7EDEC	48106	8.5	266	48097-48114
#F7EDEC	48105.5	8	266	48097-48114
#F6EBE9	48105.5	9	267	48097-48115
#F6EBE9	48106	9.5	267	48097-48115
#F6EBE9	48106.5	9	267	48097-48115
#F6EBE9	48106	8.5	267	48097-48115
#FCF9F8	48106	9.5	268	48097-48116
#FCF9F8	48106.5	10	268	48097-48116
#FCF9F8	48107	9.5	268	48097-48116
#FCF9F8	48106.5	9	268	48097-48116
#FAF3F2	48106.5	10	269	48097-48117
#FAF3F2	48107	10.5	269	48097-48117
#FAF3F2	48107.5	10	269	48097-48117
#FAF3F2	48107	9.5	269	48097-48117
#F4E6E4	48107	10.5	270	48097-48118
#F4E6E4	48107.5	11	270	48097-48118
#F4E6E4	48108	10.5	270	48097-48118
#F4E6E4	48107.5	10	270	48097-48118
#ECD5D2	48107.5	11	271	48097-48119
#ECD5D2	48108	11.5	271	48097-48119
#ECD5D2	48108.5	11	271	48097-48119
#ECD5D2	48108	10.5	271	48097-48119
#E1BEB9	48108	11.5	272	48097-48120
#E1BEB9	48108.5	12	272	48097-48120
#E1BEB9	48109	11.5	272	48097-48120
#E1BEB9	48108.5	11	272	48097-48120
#E7CAC6	48108.5	12	273	48097-48121
#E7CAC6	48109	12.5	273	48097-48121
#E7CAC6	48109.5	12	273	48097-48121
#E7CAC6	48109	11.5	273	48097-48121
#DDB8B3	48109	12.5	274	48097-48122
#DDB8B3	48109.5	13	274	48097-48122
#DDB8B3	48110	12.5	274	48097-48122
#DDB8B3	48109.5	12	274	48097-48122
#F6EAE9	48109.5	13	275	48097-48123
#F6EAE9	48110	13.5	275	48097-48123
#F6EAE9	48110.5	13	275	48097-48123
#F6EAE9	48110	12.5	275	48097-48123
#EAD0CD	48110	13.5	276	48097-48124
#EAD0CD	48110.5	14	276	48097-48124
#EAD0CD	48111	13.5	276	48097-48124
#EAD0CD	48110.5	13	276	48097-48124
#F0DEDB	48110.5	14	277	48097-48125
#F0DEDB	48111	14.5	277	48097-48125
#F0DEDB	48111.5	14	277	48097-48125
#F0DEDB	48111	13.5	277	48097-48125
#EFDAD8	48111	14.5	278	48097-48126
#EFDAD8	48111.5	15	278	48097-48126
#EFDAD8	48112	14.5	278	48097-48126
#EFDAD8	48111.5	14	278	48097-48126
#F7EDEC	48111.5	15	279	48097-48127
#F7EDEC	48112	15.5	279	48097-48127
#F7EDEC	48112.5	15	279	48097-48127
#F7EDEC	48112	14.5	279	48097-48127
#ECD6D3	48112	15.5	280	48097-48128
#ECD6D3	48112.5	16	280	48097-48128
#ECD6D3	48113	15.5	280	48097-48128
#ECD6D3	48112.5	15	280	48097-48128
#F5E9E7	48112.5	16	281	48097-48129
#F5E9E7	48113	16.5	281	48097-48129
#F5E9E7	48113.5	16	281	48097-48129
#F5E9E7	48113	15.5	281	48097-48129
#F8EEED	48113	16.5	282	48097-48130
#F8EEED	48113.5	17	282	48097-48130
#F8EEED	48114	16.5	282	48097-48130
#F8EEED	48113.5	16	282	48097-48130
#F7ECEA	48113.5	17	283	48097-48131
#F7ECEA	48114	17.5	283	48097-48131
#F7ECEA	48114.5	17	283	48097-48131
#F7ECEA	48114	16.5	283	48097-48131
#F3E3E1	48114	17.5	284	48097-48132
#F3E3E1	48114.5	18	284	48097-48132
#F3E3E1	48115	17.5	284	48097-48132
#F3E3E1	48114.5	17	284	48097-48132
#EEDAD7	48114.5	18	285	48097-48133
#EEDAD7	48115	18.5	285	48097-48133
#EEDAD7	48115.5	18	285	48097-48133
#EEDAD7	48115	17.5	285	48097-48133
#FAF4F3	48115	18.5	286	48097-48134
#FAF4F3	48115.5	19	286	48097-48134
#FAF4F3	48116	18.5	286	48097-48134
#FAF4F3	48115.5	18	286	48097-48134
#EED8D5	48115.5	19	287	48097-48135
#EED8D5	48116	19.5	287	48097-48135
#EED8D5	48116.5	19	287	48097-48135
#EED8D5	48116	18.5	287	48097-48135
#F5E9E7	48116	19.5	288	48097-48136
#F5E9E7	48116.5	20	288	48097-48136
#F5E9E7	48117	19.5	288	48097-48136
#F5E9E7	48116.5	19	288	48097-48136
#F6EBEA	48116.5	20	289	48097-48137
#F6EBEA	48117	20.5	289	48097-48137
#F6EBEA	48117.5	20	289	48097-48137
#F6EBEA	48117	19.5	289	48097-48137
#F9F1F0	48117	20.5	290	48097-48138
#F9F1F0	48117.5	21	290	48097-48138
#F9F1F0	48118	20.5	290	48097-48138
#F9F1F0	48117.5	20	290	48097-48138
#EFDCD9	48117.5	21	291	48097-48139
#EFDCD9	48118	21.5	291	48097-48139
#EFDCD9	48118.5	21	291	48097-48139
#EFDCD9	48118	20.5	291	48097-48139
#F3E3E1	48118	21.5	292	48097-48140
#F3E3E1	48118.5	22	292	48097-48140
#F3E3E1	48119	21.5	292	48097-48140
#F3E3E1	48118.5	21	292	48097-48140
#F0DDDA	48118.5	22	293	48097-48141
#F0DDDA	48119	22.5	293	48097-48141
#F0DDDA	48119.5	22	293	48097-48141
#F0DDDA	48119	21.5	293	48097-48141
#FAF2F1	48119	22.5	294	48097-48142
#FAF2F1	48119.5	23	294	48097-48142
#FAF2F1	48120	22.5	294	48097-48142
#FAF2F1	48119.5	22	294	48097-48142
#FBF5F4	48119.5	23	295	48097-48143
#FBF5F4	48120	23.5	295	48097-48143
#FBF5F4	48120.5	23	295	48097-48143
#FBF5F4	48120	22.5	295	48097-48143
#F3E4E2	48120	23.5	296	48097-48144
#F3E4E2	48120.5	24	296	48097-48144
#F3E4E2	48121	23.5	296	48097-48144
#F3E4E2	48120.5	23	296	48097-48144
#FCF9F8	48120.5	24	297	48097-48145
#FCF9F8	48121	24.5	297	48097-48145
#FCF9F8	48121.5	24	297	48097-48145
#FCF9F8	48121	23.5	297	48097-48145
#F3E4E2	48121	24.5	298	48097-48146
#F3E4E2	48121.5	25	298	48097-48146
#F3E4E2	48122	24.5	298	48097-48146
#F3E4E2	48121.5	24	298	48097-48146
#E0BCB8	48097.5	0	299	48098-48098
#E0BCB8	48098	0.5	299	48098-48098
#E0BCB8	48098.5	0	299	48098-48098
#E0BCB8	48098	-0.5	299	48098-48098
#F8EFEE	48098	0.5	300	48098-48099
#F8EFEE	48098.5	1	300	48098-48099
#F8EFEE	48099	0.5	300	48098-48099
#F8EFEE	48098.5	0	300	48098-48099
#FDFCFE	48098.5	1	301	48098-48100
#FDFCFE	48099	1.5	301	48098-48100
#FDFCFE	48099.5	1	301	48098-48100
#FDFCFE	48099	0.5	301	48098-48100
#FDFAFA	48099	1.5	302	48098-48101
#FDFAFA	48099.5	2	302	48098-48101
#FDFAFA	48100	1.5	302	48098-48101
#FDFAFA	48099.5	1	302	48098-48101
#FDFAF9	48099.5	2	303	48098-48102
#FDFAF9	48100	2.5	303	48098-48102
#FDFAF9	48100.5	2	303	48098-48102
#FDFAF9	48100	1.5	303	48098-48102
#FDFAFA	48100	2.5	304	48098-48103
#FDFAFA	48100.5	3	304	48098-48103
#FDFAFA	48101	2.5	304	48098-48103
#FDFAFA	48100.5	2	304	48098-48103
#EFDBD9	48100.5	3	305	48098-48104
#EFDBD9	48101	3.5	305	48098-48104
#EFDBD9	48101.5	3	305	48098-48104
#EFDBD9	48101	2.5	305	48098-48104
#F7EDEB	48101	3.5	306	48098-48105
#F7EDEB	48101.5	4	306	48098-48105
#F7EDEB	48102	3.5	306	48098-48105
#F7EDEB	48101.5	3	306	48098-48105
#F1E0DE	48101.5	4	307	48098-48106
#F1E0DE	48102	4.5	307	48098-48106
#F1E0DE	48102.5	4	307	48098-48106
#F1E0DE	48102	3.5	307	48098-48106
#F3E4E2	48102	4.5	308	48098-48107
#F3E4E2	48102.5	5	308	48098-48107
#F3E4E2	48103	4.5	308	48098-48107
#F3E4E2	48102.5	4	308	48098-48107
#FAF4F3	48102.5	5	309	48098-48108
#FAF4F3	48103	5.5	309	48098-48108
#FAF4F3	48103.5	5	309	48098-48108
#FAF4F3	48103	4.5	309	48098-48108
#F4E5E4	48103	5.5	310	48098-48109
#F4E5E4	48103.5	6	310	48098-48109
#F4E5E4	48104	5.5	310	48098-48109
#F4E5E4	48103.5	5	310	48098-48109
#F2E3E1	48103.5	6	311	48098-48110
#F2E3E1	48104	6.5	311	48098-48110
#F2E3E1	48104.5	6	311	48098-48110
#F2E3E1	48104	5.5	311	48098-48110
#FDF9F9	48104	6.5	312	48098-48111
#FDF9F9	48104.5	7	312	48098-48111
#FDF9F9	48105	6.5	312	48098-48111
#FDF9F9	48104.5	6	312	48098-48111
#FEFEFE	48104.5	7	313	48098-48112
#FEFEFE	48105	7.5	313	48098-48112
#FEFEFE	48105.5	7	313	48098-48112
#FEFEFE	48105	6.5	313	48098-48112
#F5E9E7	48105	7.5	314	48098-48113
#F5E9E7	48105.5	8	314	48098-48113
#F5E9E7	48106	7.5	314	48098-48113
#F5E9E7	48105.5	7	314	48098-48113
#F3E4E2	48105.5	8	315	48098-48114
#F3E4E2	48106	8.5	315	48098-48114
#F3E4E2	48106.5	8	315	48098-48114
#F3E4E2	48106	7.5	315	48098-48114
#FCF7F7	48106	8.5	316	48098-48115
#FCF7F7	48106.5	9	316	48098-48115
#FCF7F7	48107	8.5	316	48098-48115
#FCF7F7	48106.5	8	316	48098-48115
#FBF6F5	48106.5	9	317	48098-48116
#FBF6F5	48107	9.5	317	48098-48116
#FBF6F5	48107.5	9	317	48098-48116
#FBF6F5	48107	8.5	317	48098-48116
#F0DDDB	48107	9.5	318	48098-48117
#F0DDDB	48107.5	10	318	48098-48117
#F0DDDB	48108	9.5	318	48098-48117
#F0DDDB	48107.5	9	318	48098-48117
#F7EDEB	48107.5	10	319	48098-48118
#F7EDEB	48108	10.5	319	48098-48118
#F7EDEB	48108.5	10	319	48098-48118
#F7EDEB	48108	9.5	319	48098-48118
#F4E6E4	48108	10.5	320	48098-48119
#F4E6E4	48108.5	11	320	48098-48119
#F4E6E4	48109	10.5	320	48098-48119
#F4E6E4	48108.5	10	320	48098-48119
#E9CFCB	48108.5	11	321	48098-48120
#E9CFCB	48109	11.5	321	48098-48120
#E9CFCB	48109.5	11	321	48098-48120
#E9CFCB	48109	10.5	321	48098-48120
#ECD4D1	48109	11.5	322	48098-48121
#ECD4D1	48109.5	12	322	48098-48121
#ECD4D1	48110	11.5	322	48098-48121
#ECD4D1	48109.5	11	322	48098-48121
#E1BFBA	48109.5	12	323	48098-48122
#E1BFBA	48110	12.5	323	48098-48122
#E1BFBA	48110.5	12	323	48098-48122
#E1BFBA	48110	11.5	323	48098-48122
#EBD2CF	48110	12.5	324	48098-48123
#EBD2CF	48110.5	13	324	48098-48123
#EBD2CF	48111	12.5	324	48098-48123
#EBD2CF	48110.5	12	324	48098-48123
#EFDCD9	48110.5	13	325	48098-48124
#EFDCD9	48111	13.5	325	48098-48124
#EFDCD9	48111.5	13	325	48098-48124
#EFDCD9	48111	12.5	325	48098-48124
#F0DEDB	48111	13.5	326	48098-48125
#F0DEDB	48111.5	14	326	48098-48125
#F0DEDB	48112	13.5	326	48098-48125
#F0DEDB	48111.5	13	326	48098-48125
#F1E0DE	48111.5	14	327	48098-48126
#F1E0DE	48112	14.5	327	48098-48126
#F1E0DE	48112.5	14	327	48098-48126
#F1E0DE	48112	13.5	327	48098-48126
#F4E6E4	48112	14.5	328	48098-48127
#F4E6E4	48112.5	15	328	48098-48127
#F4E6E4	48113	14.5	328	48098-48127
#F4E6E4	48112.5	14	328	48098-48127
#F6EBEA	48112.5	15	329	48098-48128
#F6EBEA	48113	15.5	329	48098-48128
#F6EBEA	48113.5	15	329	48098-48128
#F6EBEA	48113	14.5	329	48098-48128
#EDD8D5	48113	15.5	330	48098-48129
#EDD8D5	48113.5	16	330	48098-48129
#EDD8D5	48114	15.5	330	48098-48129
#EDD8D5	48113.5	15	330	48098-48129
#F2E1DF	48113.5	16	331	48098-48130
#F2E1DF	48114	16.5	331	48098-48130
#F2E1DF	48114.5	16	331	48098-48130
#F2E1DF	48114	15.5	331	48098-48130
#FCF7F7	48114	16.5	332	48098-48131
#FCF7F7	48114.5	17	332	48098-48131
#FCF7F7	48115	16.5	332	48098-48131
#FCF7F7	48114.5	16	332	48098-48131
#EFDCD9	48114.5	17	333	48098-48132
#EFDCD9	48115	17.5	333	48098-48132
#EFDCD9	48115.5	17	333	48098-48132
#EFDCD9	48115	16.5	333	48098-48132
#F2E1DF	48115	17.5	334	48098-48133
#F2E1DF	48115.5	18	334	48098-48133
#F2E1DF	48116	17.5	334	48098-48133
#F2E1DF	48115.5	17	334	48098-48133
#F3E4E2	48115.5	18	335	48098-48134
#F3E4E2	48116	18.5	335	48098-48134
#F3E4E2	48116.5	18	335	48098-48134
#F3E4E2	48116	17.5	335	48098-48134
#F7EDEC	48116	18.5	336	48098-48135
#F7EDEC	48116.5	19	336	48098-48135
#F7EDEC	48117	18.5	336	48098-48135
#F7EDEC	48116.5	18	336	48098-48135
#F1E0DE	48116.5	19	337	48098-48136
#F1E0DE	48117	19.5	337	48098-48136
#F1E0DE	48117.5	19	337	48098-48136
#F1E0DE	48117	18.5	337	48098-48136
#F9F1F0	48117	19.5	338	48098-48137
#F9F1F0	48117.5	20	338	48098-48137
#F9F1F0	48118	19.5	338	48098-48137
#F9F1F0	48117.5	19	338	48098-48137
#F8EEED	48117.5	20	339	48098-48138
#F8EEED	48118	20.5	339	48098-48138
#F8EEED	48118.5	20	339	48098-48138
#F8EEED	48118	19.5	339	48098-48138
#FBF5F4	48118	20.5	340	48098-48139
#FBF5F4	48118.5	21	340	48098-48139
#FBF5F4	48119	20.5	340	48098-48139
#FBF5F4	48118.5	20	340	48098-48139
#FAF3F2	48118.5	21	341	48098-48140
#FAF3F2	48119	21.5	341	48098-48140
#FAF3F2	48119.5	21	341	48098-48140
#FAF3F2	48119	20.5	341	48098-48140
#F5E8E7	48119	21.5	342	48098-48141
#F5E8E7	48119.5	22	342	48098-48141
#F5E8E7	48120	21.5	342	48098-48141
#F5E8E7	48119.5	21	342	48098-48141
#F9F1F0	48119.5	22	343	48098-48142
#F9F1F0	48120	22.5	343	48098-48142
#F9F1F0	48120.5	22	343	48098-48142
#F9F1F0	48120	21.5	343	48098-48142
#F9F1F0	48120	22.5	344	48098-48143
#F9F1F0	48120.5	23	344	48098-48143
#F9F1F0	48121	22.5	344	48098-48143
#F9F1F0	48120.5	22	344	48098-48143
#F6EBEA	48120.5	23	345	48098-48144
#F6EBEA	48121	23.5	345	48098-48144
#F6EBEA	48121.5	23	345	48098-48144
#F6EBEA	48121	22.5	345	48098-48144
#FCF8F8	48121	23.5	346	48098-48145
#FCF8F8	48121.5	24	346	48098-48145
#FCF8F8	48122	23.5	346	48098-48145
#FCF8F8	48121.5	23	346	48098-48145
#FAF3F2	48121.5	24	347	48098-48146
#FAF3F2	48122	24.5	347	48098-48146
#FAF3F2	48122.5	24	347	48098-48146
#FAF3F2	48122	23.5	347	48098-48146
#FBF5F4	48122	24.5	348	48098-48147
#FBF5F4	48122.5	25	348	48098-48147
#FBF5F4	48123	24.5	348	48098-48147
#FBF5F4	48122.5	24	348	48098-48147
#D6AAA5	48098.5	0	349	48099-48099
#D6AAA5	48099	0.5	349	48099-48099
#D6AAA5	48099.5	0	349	48099-48099
#D6AAA5	48099	-0.5	349	48099-48099
#ECD5D2	48099	0.5	350	48099-48100
#ECD5D2	48099.5	1	350	48099-48100
#ECD5D2	48100	0.5	350	48099-48100
#ECD5D2	48099.5	0	350	48099-48100
#D4A7A1	48099.5	1	351	48099-48101
#D4A7A1	48100	1.5	351	48099-48101
#D4A7A1	48100.5	1	351	48099-48101
#D4A7A1	48100	0.5	351	48099-48101
#E8CDC9	48100	1.5	352	48099-48102
#E8CDC9	48100.5	2	352	48099-48102
#E8CDC9	48101	1.5	352	48099-48102
#E8CDC9	48100.5	1	352	48099-48102
#EAD0CD	48100.5	2	353	48099-48103
#EAD0CD	48101	2.5	353	48099-48103
#EAD0CD	48101.5	2	353	48099-48103
#EAD0CD	48101	1.5	353	48099-48103
#D5A8A2	48101	2.5	354	48099-48104
#D5A8A2	48101.5	3	354	48099-48104
#D5A8A2	48102	2.5	354	48099-48104
#D5A8A2	48101.5	2	354	48099-48104
#EAD1CE	48101.5	3	355	48099-48105
#EAD1CE	48102	3.5	355	48099-48105
#EAD1CE	48102.5	3	355	48099-48105
#EAD1CE	48102	2.5	355	48099-48105
#DDB7B3	48102	3.5	356	48099-48106
#DDB7B3	48102.5	4	356	48099-48106
#DDB7B3	48103	3.5	356	48099-48106
#DDB7B3	48102.5	3	356	48099-48106
#F0DCDA	48102.5	4	357	48099-48107
#F0DCDA	48103	4.5	357	48099-48107
#F0DCDA	48103.5	4	357	48099-48107
#F0DCDA	48103	3.5	357	48099-48107
#F1DFDD	48103	4.5	358	48099-48108
#F1DFDD	48103.5	5	358	48099-48108
#F1DFDD	48104	4.5	358	48099-48108
#F1DFDD	48103.5	4	358	48099-48108
#F4E6E4	48103.5	5	359	48099-48109
#F4E6E4	48104	5.5	359	48099-48109
#F4E6E4	48104.5	5	359	48099-48109
#F4E6E4	48104	4.5	359	48099-48109
#F0DEDC	48104	5.5	360	48099-48110
#F0DEDC	48104.5	6	360	48099-48110
#F0DEDC	48105	5.5	360	48099-48110
#F0DEDC	48104.5	5	360	48099-48110
#FEFDFD	48104.5	6	361	48099-48111
#FEFDFD	48105	6.5	361	48099-48111
#FEFDFD	48105.5	6	361	48099-48111
#FEFDFD	48105	5.5	361	48099-48111
#FDFAFA	48105	6.5	362	48099-48112
#FDFAFA	48105.5	7	362	48099-48112
#FDFAFA	48106	6.5	362	48099-48112
#FDFAFA	48105.5	6	362	48099-48112
#FEFCFC	48105.5	7	363	48099-48113
#FEFCFC	48106	7.5	363	48099-48113
#FEFCFC	48106.5	7	363	48099-48113
#FEFCFC	48106	6.5	363	48099-48113
#E6C8C4	48106	7.5	364	48099-48114
#E6C8C4	48106.5	8	364	48099-48114
#E6C8C4	48107	7.5	364	48099-48114
#E6C8C4	48106.5	7	364	48099-48114
#FAF2F1	48106.5	8	365	48099-48115
#FAF2F1	48107	8.5	365	48099-48115
#FAF2F1	48107.5	8	365	48099-48115
#FAF2F1	48107	7.5	365	48099-48115
#FCF8F7	48107	8.5	366	48099-48116
#FCF8F7	48107.5	9	366	48099-48116
#FCF8F7	48108	8.5	366	48099-48116
#FCF8F7	48107.5	8	366	48099-48116
#F7EEEC	48107.5	9	367	48099-48117
#F7EEEC	48108	9.5	367	48099-48117
#F7EEEC	48108.5	9	367	48099-48117
#F7EEEC	48108	8.5	367	48099-48117
#F1E0DE	48108	9.5	368	48099-48118
#F1E0DE	48108.5	10	368	48099-48118
#F1E0DE	48109	9.5	368	48099-48118
#F1E0DE	48108.5	9	368	48099-48118
#E4C5C1	48108.5	10	369	48099-48119
#E4C5C1	48109	10.5	369	48099-48119
#E4C5C1	48109.5	10	369	48099-48119
#E4C5C1	48109	9.5	369	48099-48119
#ECD4D1	48109	10.5	370	48099-48120
#ECD4D1	48109.5	11	370	48099-48120
#ECD4D1	48110	10.5	370	48099-48120
#ECD4D1	48109.5	10	370	48099-48120
#ECD5D2	48109.5	11	371	48099-48121
#ECD5D2	48110	11.5	371	48099-48121
#ECD5D2	48110.5	11	371	48099-48121
#ECD5D2	48110	10.5	371	48099-48121
#EBD2CF	48110	11.5	372	48099-48122
#EBD2CF	48110.5	12	372	48099-48122
#EBD2CF	48111	11.5	372	48099-48122
#EBD2CF	48110.5	11	372	48099-48122
#F3E3E1	48110.5	12	373	48099-48123
#F3E3E1	48111	12.5	373	48099-48123
#F3E3E1	48111.5	12	373	48099-48123
#F3E3E1	48111	11.5	373	48099-48123
#EDD6D3	48111	12.5	374	48099-48124
#EDD6D3	48111.5	13	374	48099-48124
#EDD6D3	48112	12.5	374	48099-48124
#EDD6D3	48111.5	12	374	48099-48124
#F7ECEB	48111.5	13	375	48099-48125
#F7ECEB	48112	13.5	375	48099-48125
#F7ECEB	48112.5	13	375	48099-48125
#F7ECEB	48112	12.5	375	48099-48125
#E5C6C2	48112	13.5	376	48099-48126
#E5C6C2	48112.5	14	376	48099-48126
#E5C6C2	48113	13.5	376	48099-48126
#E5C6C2	48112.5	13	376	48099-48126
#F0DEDB	48112.5	14	377	48099-48127
#F0DEDB	48113	14.5	377	48099-48127
#F0DEDB	48113.5	14	377	48099-48127
#F0DEDB	48113	13.5	377	48099-48127
#F7ECEB	48113	14.5	378	48099-48128
#F7ECEB	48113.5	15	378	48099-48128
#F7ECEB	48114	14.5	378	48099-48128
#F7ECEB	48113.5	14	378	48099-48128
#FCF8F7	48113.5	15	379	48099-48129
#FCF8F7	48114	15.5	379	48099-48129
#FCF8F7	48114.5	15	379	48099-48129
#FCF8F7	48114	14.5	379	48099-48129
#F6EBEA	48114	15.5	380	48099-48130
#F6EBEA	48114.5	16	380	48099-48130
#F6EBEA	48115	15.5	380	48099-48130
#F6EBEA	48114.5	15	380	48099-48130
#F0DEDC	48114.5	16	381	48099-48131
#F0DEDC	48115	16.5	381	48099-48131
#F0DEDC	48115.5	16	381	48099-48131
#F0DEDC	48115	15.5	381	48099-48131
#EBD4D1	48115	16.5	382	48099-48132
#EBD4D1	48115.5	17	382	48099-48132
#EBD4D1	48116	16.5	382	48099-48132
#EBD4D1	48115.5	16	382	48099-48132
#F5E7E5	48115.5	17	383	48099-48133
#F5E7E5	48116	17.5	383	48099-48133
#F5E7E5	48116.5	17	383	48099-48133
#F5E7E5	48116	16.5	383	48099-48133
#FAF3F2	48116	17.5	384	48099-48134
#FAF3F2	48116.5	18	384	48099-48134
#FAF3F2	48117	17.5	384	48099-48134
#FAF3F2	48116.5	17	384	48099-48134
#EDD6D3	48116.5	18	385	48099-48135
#EDD6D3	48117	18.5	385	48099-48135
#EDD6D3	48117.5	18	385	48099-48135
#EDD6D3	48117	17.5	385	48099-48135
#E9CECA	48117	18.5	386	48099-48136
#E9CECA	48117.5	19	386	48099-48136
#E9CECA	48118	18.5	386	48099-48136
#E9CECA	48117.5	18	386	48099-48136
#E6C9C5	48117.5	19	387	48099-48137
#E6C9C5	48118	19.5	387	48099-48137
#E6C9C5	48118.5	19	387	48099-48137
#E6C9C5	48118	18.5	387	48099-48137
#FAF4F3	48118	19.5	388	48099-48138
#FAF4F3	48118.5	20	388	48099-48138
#FAF4F3	48119	19.5	388	48099-48138
#FAF4F3	48118.5	19	388	48099-48138
#F5E9E8	48118.5	20	389	48099-48139
#F5E9E8	48119	20.5	389	48099-48139
#F5E9E8	48119.5	20	389	48099-48139
#F5E9E8	48119	19.5	389	48099-48139
#F7ECEB	48119	20.5	390	48099-48140
#F7ECEB	48119.5	21	390	48099-48140
#F7ECEB	48120	20.5	390	48099-48140
#F7ECEB	48119.5	20	390	48099-48140
#F5E8E6	48119.5	21	391	48099-48141
#F5E8E6	48120	21.5	391	48099-48141
#F5E8E6	48120.5	21	391	48099-48141
#F5E8E6	48120	20.5	391	48099-48141
#FDFAF9	48120	21.5	392	48099-48142
#FDFAF9	48120.5	22	392	48099-48142
#FDFAF9	48121	21.5	392	48099-48142
#FDFAF9	48120.5	21	392	48099-48142
#EBD3D0	48120.5	22	393	48099-48143
#EBD3D0	48121	22.5	393	48099-48143
#EBD3D0	48121.5	22	393	48099-48143
#EBD3D0	48121	21.5	393	48099-48143
#F8F0EF	48121	22.5	394	48099-48144
#F8F0EF	48121.5	23	394	48099-48144
#F8F0EF	48122	22.5	394	48099-48144
#F8F0EF	48121.5	22	394	48099-48144
#FCF8F7	48121.5	23	395	48099-48145
#FCF8F7	48122	23.5	395	48099-48145
#FCF8F7	48122.5	23	395	48099-48145
#FCF8F7	48122	22.5	395	48099-48145
#FBF5F4	48122	23.5	396	48099-48146
#FBF5F4	48122.5	24	396	48099-48146
#FBF5F4	48123	23.5	396	48099-48146
#FBF5F4	48122.5	23	396	48099-48146
#F9F2F1	48122.5	24	397	48099-48147
#F9F2F1	48123	24.5	397	48099-48147
#F9F2F1	48123.5	24	397	48099-48147
#F9F2F1	48123	23.5	397	48099-48147
#F5E9E7	48123	24.5	398	48099-48148
#F5E9E7	48123.5	25	398	48099-48148
#F5E9E7	48124	24.5	398	48099-48148
#F5E9E7	48123.5	24	398	48099-48148
#E2C0BC	48099.5	0	399	48100-48100
#E2C0BC	48100	0.5	399	48100-48100
#E2C0BC	48100.5	0	399	48100-48100
#E2C0BC	48100	-0.5	399	48100-48100
#E1BFBA	48100	0.5	400	48100-48101
#E1BFBA	48100.5	1	400	48100-48101
#E1BFBA	48101	0.5	400	48100-48101
#E1BFBA	48100.5	0	400	48100-48101
#ECD4D1	48100.5	1	401	48100-48102
#ECD4D1	48101	1.5	401	48100-48102
#ECD4D1	48101.5	1	401	48100-48102
#ECD4D1	48101	0.5	401	48100-48102
#EDD8D5	48101	1.5	402	48100-48103
#EDD8D5	48101.5	2	402	48100-48103
#EDD8D5	48102	1.5	402	48100-48103
#EDD8D5	48101.5	1	402	48100-48103
#D4A6A0	48101.5	2	403	48100-48104
#D4A6A0	48102	2.5	403	48100-48104
#D4A6A0	48102.5	2	403	48100-48104
#D4A6A0	48102	1.5	403	48100-48104
#E2C1BD	48102	2.5	404	48100-48105
#E2C1BD	48102.5	3	404	48100-48105
#E2C1BD	48103	2.5	404	48100-48105
#E2C1BD	48102.5	2	404	48100-48105
#D6A9A3	48102.5	3	405	48100-48106
#D6A9A3	48103	3.5	405	48100-48106
#D6A9A3	48103.5	3	405	48100-48106
#D6A9A3	48103	2.5	405	48100-48106
#F2E1DE	48103	3.5	406	48100-48107
#F2E1DE	48103.5	4	406	48100-48107
#F2E1DE	48104	3.5	406	48100-48107
#F2E1DE	48103.5	3	406	48100-48107
#F8EEED	48103.5	4	407	48100-48108
#F8EEED	48104	4.5	407	48100-48108
#F8EEED	48104.5	4	407	48100-48108
#F8EEED	48104	3.5	407	48100-48108
#F0DDDA	48104	4.5	408	48100-48109
#F0DDDA	48104.5	5	408	48100-48109
#F0DDDA	48105	4.5	408	48100-48109
#F0DDDA	48104.5	4	408	48100-48109
#E8CDCA	48104.5	5	409	48100-48110
#E8CDCA	48105	5.5	409	48100-48110
#E8CDCA	48105.5	5	409	48100-48110
#E8CDCA	48105	4.5	409	48100-48110
#F8EEED	48105	5.5	410	48100-48111
#F8EEED	48105.5	6	410	48100-48111
#F8EEED	48106	5.5	410	48100-48111
#F8EEED	48105.5	5	410	48100-48111
#FEFCFC	48105.5	6	411	48100-48112
#FEFCFC	48106	6.5	411	48100-48112
#FEFCFC	48106.5	6	411	48100-48112
#FEFCFC	48106	5.5	411	48100-48112
#F9F1F0	48106	6.5	412	48100-48113
#F9F1F0	48106.5	7	412	48100-48113
#F9F1F0	48107	6.5	412	48100-48113
#F9F1F0	48106.5	6	412	48100-48113
#F8F0EF	48106.5	7	413	48100-48114
#F8F0EF	48107	7.5	413	48100-48114
#F8F0EF	48107.5	7	413	48100-48114
#F8F0EF	48107	6.5	413	48100-48114
#EFDBD8	48107	7.5	414	48100-48115
#EFDBD8	48107.5	8	414	48100-48115
#EFDBD8	48108	7.5	414	48100-48115
#EFDBD8	48107.5	7	414	48100-48115
#F7EDEC	48107.5	8	415	48100-48116
#F7EDEC	48108	8.5	415	48100-48116
#F7EDEC	48108.5	8	415	48100-48116
#F7EDEC	48108	7.5	415	48100-48116
#F4E6E4	48108	8.5	416	48100-48117
#F4E6E4	48108.5	9	416	48100-48117
#F4E6E4	48109	8.5	416	48100-48117
#F4E6E4	48108.5	8	416	48100-48117
#EBD3D0	48108.5	9	417	48100-48118
#EBD3D0	48109	9.5	417	48100-48118
#EBD3D0	48109.5	9	417	48100-48118
#EBD3D0	48109	8.5	417	48100-48118
#F1DFDC	48109	9.5	418	48100-48119
#F1DFDC	48109.5	10	418	48100-48119
#F1DFDC	48110	9.5	418	48100-48119
#F1DFDC	48109.5	9	418	48100-48119
#E4C4C0	48109.5	10	419	48100-48120
#E4C4C0	48110	10.5	419	48100-48120
#E4C4C0	48110.5	10	419	48100-48120
#E4C4C0	48110	9.5	419	48100-48120
#EDD7D4	48110	10.5	420	48100-48121
#EDD7D4	48110.5	11	420	48100-48121
#EDD7D4	48111	10.5	420	48100-48121
#EDD7D4	48110.5	10	420	48100-48121
#EED9D6	48110.5	11	421	48100-48122
#EED9D6	48111	11.5	421	48100-48122
#EED9D6	48111.5	11	421	48100-48122
#EED9D6	48111	10.5	421	48100-48122
#F8F0EF	48111	11.5	422	48100-48123
#F8F0EF	48111.5	12	422	48100-48123
#F8F0EF	48112	11.5	422	48100-48123
#F8F0EF	48111.5	11	422	48100-48123
#EED9D6	48111.5	12	423	48100-48124
#EED9D6	48112	12.5	423	48100-48124
#EED9D6	48112.5	12	423	48100-48124
#EED9D6	48112	11.5	423	48100-48124
#E3C3BF	48112	12.5	424	48100-48125
#E3C3BF	48112.5	13	424	48100-48125
#E3C3BF	48113	12.5	424	48100-48125
#E3C3BF	48112.5	12	424	48100-48125
#F1E0DE	48112.5	13	425	48100-48126
#F1E0DE	48113	13.5	425	48100-48126
#F1E0DE	48113.5	13	425	48100-48126
#F1E0DE	48113	12.5	425	48100-48126
#F5E8E6	48113	13.5	426	48100-48127
#F5E8E6	48113.5	14	426	48100-48127
#F5E8E6	48114	13.5	426	48100-48127
#F5E8E6	48113.5	13	426	48100-48127
#F3E3E1	48113.5	14	427	48100-48128
#F3E3E1	48114	14.5	427	48100-48128
#F3E3E1	48114.5	14	427	48100-48128
#F3E3E1	48114	13.5	427	48100-48128
#EFDBD8	48114	14.5	428	48100-48129
#EFDBD8	48114.5	15	428	48100-48129
#EFDBD8	48115	14.5	428	48100-48129
#EFDBD8	48114.5	14	428	48100-48129
#F7EDEC	48114.5	15	429	48100-48130
#F7EDEC	48115	15.5	429	48100-48130
#F7EDEC	48115.5	15	429	48100-48130
#F7EDEC	48115	14.5	429	48100-48130
#EFDCDA	48115	15.5	430	48100-48131
#EFDCDA	48115.5	16	430	48100-48131
#EFDCDA	48116	15.5	430	48100-48131
#EFDCDA	48115.5	15	430	48100-48131
#F7ECEB	48115.5	16	431	48100-48132
#F7ECEB	48116	16.5	431	48100-48132
#F7ECEB	48116.5	16	431	48100-48132
#F7ECEB	48116	15.5	431	48100-48132
#F0DEDB	48116	16.5	432	48100-48133
#F0DEDB	48116.5	17	432	48100-48133
#F0DEDB	48117	16.5	432	48100-48133
#F0DEDB	48116.5	16	432	48100-48133
#E7CAC6	48116.5	17	433	48100-48134
#E7CAC6	48117	17.5	433	48100-48134
#E7CAC6	48117.5	17	433	48100-48134
#E7CAC6	48117	16.5	433	48100-48134
#EBD3CF	48117	17.5	434	48100-48135
#EBD3CF	48117.5	18	434	48100-48135
#EBD3CF	48118	17.5	434	48100-48135
#EBD3CF	48117.5	17	434	48100-48135
#EFDAD8	48117.5	18	435	48100-48136
#EFDAD8	48118	18.5	435	48100-48136
#EFDAD8	48118.5	18	435	48100-48136
#EFDAD8	48118	17.5	435	48100-48136
#F2E1DF	48118	18.5	436	48100-48137
#F2E1DF	48118.5	19	436	48100-48137
#F2E1DF	48119	18.5	436	48100-48137
#F2E1DF	48118.5	18	436	48100-48137
#EEDAD7	48118.5	19	437	48100-48138
#EEDAD7	48119	19.5	437	48100-48138
#EEDAD7	48119.5	19	437	48100-48138
#EEDAD7	48119	18.5	437	48100-48138
#EEDAD7	48119	19.5	438	48100-48139
#EEDAD7	48119.5	20	438	48100-48139
#EEDAD7	48120	19.5	438	48100-48139
#EEDAD7	48119.5	19	438	48100-48139
#F5E9E7	48119.5	20	439	48100-48140
#F5E9E7	48120	20.5	439	48100-48140
#F5E9E7	48120.5	20	439	48100-48140
#F5E9E7	48120	19.5	439	48100-48140
#F6EAE8	48120	20.5	440	48100-48141
#F6EAE8	48120.5	21	440	48100-48141
#F6EAE8	48121	20.5	440	48100-48141
#F6EAE8	48120.5	20	440	48100-48141
#F0DDDB	48120.5	21	441	48100-48142
#F0DDDB	48121	21.5	441	48100-48142
#F0DDDB	48121.5	21	441	48100-48142
#F0DDDB	48121	20.5	441	48100-48142
#FDFAF9	48121	21.5	442	48100-48143
#FDFAF9	48121.5	22	442	48100-48143
#FDFAF9	48122	21.5	442	48100-48143
#FDFAF9	48121.5	21	442	48100-48143
#FDFBFB	48121.5	22	443	48100-48144
#FDFBFB	48122	22.5	443	48100-48144
#FDFBFB	48122.5	22	443	48100-48144
#FDFBFB	48122	21.5	443	48100-48144
#FAF4F3	48122	22.5	444	48100-48145
#FAF4F3	48122.5	23	444	48100-48145
#FAF4F3	48123	22.5	444	48100-48145
#FAF4F3	48122.5	22	444	48100-48145
#F6EAE8	48122.5	23	445	48100-48146
#F6EAE8	48123	23.5	445	48100-48146
#F6EAE8	48123.5	23	445	48100-48146
#F6EAE8	48123	22.5	445	48100-48146
#F7EDEC	48123	23.5	446	48100-48147
#F7EDEC	48123.5	24	446	48100-48147
#F7EDEC	48124	23.5	446	48100-48147
#F7EDEC	48123.5	23	446	48100-48147
#F9F1F0	48123.5	24	447	48100-48148
#F9F1F0	48124	24.5	447	48100-48148
#F9F1F0	48124.5	24	447	48100-48148
#F9F1F0	48124	23.5	447	48100-48148
#FBF6F6	48124	24.5	448	48100-48149
#FBF6F6	48124.5	25	448	48100-48149
#FBF6F6	48125	24.5	448	48100-48149
#FBF6F6	48124.5	24	448	48100-48149
#BB7B74	48100.5	0	449	48101-48101
#BB7B74	48101	0.5	449	48101-48101
#BB7B74	48101.5	0	449	48101-48101
#BB7B74	48101	-0.5	449	48101-48101
#EAD1CE	48101	0.5	450	48101-48102
#EAD1CE	48101.5	1	450	48101-48102
#EAD1CE	48102	0.5	450	48101-48102
#EAD1CE	48101.5	0	450	48101-48102
#ECD5D2	48101.5	1	451	48101-48103
#ECD5D2	48102	1.5	451	48101-48103
#ECD5D2	48102.5	1	451	48101-48103
#ECD5D2	48102	0.5	451	48101-48103
#C9928B	48102	1.5	452	48101-48104
#C9928B	48102.5	2	452	48101-48104
#C9928B	48103	1.5	452	48101-48104
#C9928B	48102.5	1	452	48101-48104
#E1BEBA	48102.5	2	453	48101-48105
#E1BEBA	48103	2.5	453	48101-48105
#E1BEBA	48103.5	2	453	48101-48105
#E1BEBA	48103	1.5	453	48101-48105
#DAB1AC	48103	2.5	454	48101-48106
#DAB1AC	48103.5	3	454	48101-48106
#DAB1AC	48104	2.5	454	48101-48106
#DAB1AC	48103.5	2	454	48101-48106
#F5E9E8	48103.5	3	455	48101-48107
#F5E9E8	48104	3.5	455	48101-48107
#F5E9E8	48104.5	3	455	48101-48107
#F5E9E8	48104	2.5	455	48101-48107
#FFFFFE	48104	3.5	456	48101-48108
#FFFFFE	48104.5	4	456	48101-48108
#FFFFFE	48105	3.5	456	48101-48108
#FFFFFE	48104.5	3	456	48101-48108
#E8CECA	48104.5	4	457	48101-48109
#E8CECA	48105	4.5	457	48101-48109
#E8CECA	48105.5	4	457	48101-48109
#E8CECA	48105	3.5	457	48101-48109
#E2C1BC	48105	4.5	458	48101-48110
#E2C1BC	48105.5	5	458	48101-48110
#E2C1BC	48106	4.5	458	48101-48110
#E2C1BC	48105.5	4	458	48101-48110
#F0DDDB	48105.5	5	459	48101-48111
#F0DDDB	48106	5.5	459	48101-48111
#F0DDDB	48106.5	5	459	48101-48111
#F0DDDB	48106	4.5	459	48101-48111
#FBF5F4	48106	5.5	460	48101-48112
#FBF5F4	48106.5	6	460	48101-48112
#FBF5F4	48107	5.5	460	48101-48112
#FBF5F4	48106.5	5	460	48101-48112
#FDFAF9	48106.5	6	461	48101-48113
#FDFAF9	48107	6.5	461	48101-48113
#FDFAF9	48107.5	6	461	48101-48113
#FDFAF9	48107	5.5	461	48101-48113
#EAD0CD	48107	6.5	462	48101-48114
#EAD0CD	48107.5	7	462	48101-48114
#EAD0CD	48108	6.5	462	48101-48114
#EAD0CD	48107.5	6	462	48101-48114
#F4E5E4	48107.5	7	463	48101-48115
#F4E5E4	48108	7.5	463	48101-48115
#F4E5E4	48108.5	7	463	48101-48115
#F4E5E4	48108	6.5	463	48101-48115
#EEDAD7	48108	7.5	464	48101-48116
#EEDAD7	48108.5	8	464	48101-48116
#EEDAD7	48109	7.5	464	48101-48116
#EEDAD7	48108.5	7	464	48101-48116
#F5E9E7	48108.5	8	465	48101-48117
#F5E9E7	48109	8.5	465	48101-48117
#F5E9E7	48109.5	8	465	48101-48117
#F5E9E7	48109	7.5	465	48101-48117
#F0DCDA	48109	8.5	466	48101-48118
#F0DCDA	48109.5	9	466	48101-48118
#F0DCDA	48110	8.5	466	48101-48118
#F0DCDA	48109.5	8	466	48101-48118
#F4E6E4	48109.5	9	467	48101-48119
#F4E6E4	48110	9.5	467	48101-48119
#F4E6E4	48110.5	9	467	48101-48119
#F4E6E4	48110	8.5	467	48101-48119
#E6C8C4	48110	9.5	468	48101-48120
#E6C8C4	48110.5	10	468	48101-48120
#E6C8C4	48111	9.5	468	48101-48120
#E6C8C4	48110.5	9	468	48101-48120
#DEB9B4	48110.5	10	469	48101-48121
#DEB9B4	48111	10.5	469	48101-48121
#DEB9B4	48111.5	10	469	48101-48121
#DEB9B4	48111	9.5	469	48101-48121
#F2E2DF	48111	10.5	470	48101-48122
#F2E2DF	48111.5	11	470	48101-48122
#F2E2DF	48112	10.5	470	48101-48122
#F2E2DF	48111.5	10	470	48101-48122
#F2E1DE	48111.5	11	471	48101-48123
#F2E1DE	48112	11.5	471	48101-48123
#F2E1DE	48112.5	11	471	48101-48123
#F2E1DE	48112	10.5	471	48101-48123
#EBD2CF	48112	11.5	472	48101-48124
#EBD2CF	48112.5	12	472	48101-48124
#EBD2CF	48113	11.5	472	48101-48124
#EBD2CF	48112.5	11	472	48101-48124
#E9D0CC	48112.5	12	473	48101-48125
#E9D0CC	48113	12.5	473	48101-48125
#E9D0CC	48113.5	12	473	48101-48125
#E9D0CC	48113	11.5	473	48101-48125
#F0DDDA	48113	12.5	474	48101-48126
#F0DDDA	48113.5	13	474	48101-48126
#F0DDDA	48114	12.5	474	48101-48126
#F0DDDA	48113.5	12	474	48101-48126
#F5E7E6	48113.5	13	475	48101-48127
#F5E7E6	48114	13.5	475	48101-48127
#F5E7E6	48114.5	13	475	48101-48127
#F5E7E6	48114	12.5	475	48101-48127
#F9F2F1	48114	13.5	476	48101-48128
#F9F2F1	48114.5	14	476	48101-48128
#F9F2F1	48115	13.5	476	48101-48128
#F9F2F1	48114.5	13	476	48101-48128
#F1E0DE	48114.5	14	477	48101-48129
#F1E0DE	48115	14.5	477	48101-48129
#F1E0DE	48115.5	14	477	48101-48129
#F1E0DE	48115	13.5	477	48101-48129
#F0DEDB	48115	14.5	478	48101-48130
#F0DEDB	48115.5	15	478	48101-48130
#F0DEDB	48116	14.5	478	48101-48130
#F0DEDB	48115.5	14	478	48101-48130
#F7EEEC	48115.5	15	479	48101-48131
#F7EEEC	48116	15.5	479	48101-48131
#F7EEEC	48116.5	15	479	48101-48131
#F7EEEC	48116	14.5	479	48101-48131
#EAD1CE	48116	15.5	480	48101-48132
#EAD1CE	48116.5	16	480	48101-48132
#EAD1CE	48117	15.5	480	48101-48132
#EAD1CE	48116.5	15	480	48101-48132
#F0DDDB	48116.5	16	481	48101-48133
#F0DDDB	48117	16.5	481	48101-48133
#F0DDDB	48117.5	16	481	48101-48133
#F0DDDB	48117	15.5	481	48101-48133
#F4E5E3	48117	16.5	482	48101-48134
#F4E5E3	48117.5	17	482	48101-48134
#F4E5E3	48118	16.5	482	48101-48134
#F4E5E3	48117.5	16	482	48101-48134
#EDD7D4	48117.5	17	483	48101-48135
#EDD7D4	48118	17.5	483	48101-48135
#EDD7D4	48118.5	17	483	48101-48135
#EDD7D4	48118	16.5	483	48101-48135
#E2C0BC	48118	17.5	484	48101-48136
#E2C0BC	48118.5	18	484	48101-48136
#E2C0BC	48119	17.5	484	48101-48136
#E2C0BC	48118.5	17	484	48101-48136
#F6EBEA	48118.5	18	485	48101-48137
#F6EBEA	48119	18.5	485	48101-48137
#F6EBEA	48119.5	18	485	48101-48137
#F6EBEA	48119	17.5	485	48101-48137
#EFDCD9	48119	18.5	486	48101-48138
#EFDCD9	48119.5	19	486	48101-48138
#EFDCD9	48120	18.5	486	48101-48138
#EFDCD9	48119.5	18	486	48101-48138
#F7ECEB	48119.5	19	487	48101-48139
#F7ECEB	48120	19.5	487	48101-48139
#F7ECEB	48120.5	19	487	48101-48139
#F7ECEB	48120	18.5	487	48101-48139
#F6E9E8	48120	19.5	488	48101-48140
#F6E9E8	48120.5	20	488	48101-48140
#F6E9E8	48121	19.5	488	48101-48140
#F6E9E8	48120.5	19	488	48101-48140
#EDD8D5	48120.5	20	489	48101-48141
#EDD8D5	48121	20.5	489	48101-48141
#EDD8D5	48121.5	20	489	48101-48141
#EDD8D5	48121	19.5	489	48101-48141
#FBF5F4	48121	20.5	490	48101-48142
#FBF5F4	48121.5	21	490	48101-48142
#FBF5F4	48122	20.5	490	48101-48142
#FBF5F4	48121.5	20	490	48101-48142
#F3E3E1	48121.5	21	491	48101-48143
#F3E3E1	48122	21.5	491	48101-48143
#F3E3E1	48122.5	21	491	48101-48143
#F3E3E1	48122	20.5	491	48101-48143
#E9CECA	48122	21.5	492	48101-48144
#E9CECA	48122.5	22	492	48101-48144
#E9CECA	48123	21.5	492	48101-48144
#E9CECA	48122.5	21	492	48101-48144
#FAF4F3	48122.5	22	493	48101-48145
#FAF4F3	48123	22.5	493	48101-48145
#FAF4F3	48123.5	22	493	48101-48145
#FAF4F3	48123	21.5	493	48101-48145
#EFDCD9	48123	22.5	494	48101-48146
#EFDCD9	48123.5	23	494	48101-48146
#EFDCD9	48124	22.5	494	48101-48146
#EFDCD9	48123.5	22	494	48101-48146
#FCF9F8	48123.5	23	495	48101-48147
#FCF9F8	48124	23.5	495	48101-48147
#FCF9F8	48124.5	23	495	48101-48147
#FCF9F8	48124	22.5	495	48101-48147
#FAF3F2	48124	23.5	496	48101-48148
#FAF3F2	48124.5	24	496	48101-48148
#FAF3F2	48125	23.5	496	48101-48148
#FAF3F2	48124.5	23	496	48101-48148
#F8EEED	48124.5	24	497	48101-48149
#F8EEED	48125	24.5	497	48101-48149
#F8EEED	48125.5	24	497	48101-48149
#F8EEED	48125	23.5	497	48101-48149
#FCF9F9	48125	24.5	498	48101-48150
#FCF9F9	48125.5	25	498	48101-48150
#FCF9F9	48126	24.5	498	48101-48150
#FCF9F9	48125.5	24	498	48101-48150
#CC9790	48101.5	0	499	48102-48102
#CC9790	48102	0.5	499	48102-48102
#CC9790	48102.5	0	499	48102-48102
#CC9790	48102	-0.5	499	48102-48102
#E9CFCC	48102	0.5	500	48102-48103
#E9CFCC	48102.5	1	500	48102-48103
#E9CFCC	48103	0.5	500	48102-48103
#E9CFCC	48102.5	0	500	48102-48103
#E1BEBA	48102.5	1	501	48102-48104
#E1BEBA	48103	1.5	501	48102-48104
#E1BEBA	48103.5	1	501	48102-48104
#E1BEBA	48103	0.5	501	48102-48104
#E6C9C5	48103	1.5	502	48102-48105
#E6C9C5	48103.5	2	502	48102-48105
#E6C9C5	48104	1.5	502	48102-48105
#E6C9C5	48103.5	1	502	48102-48105
#E6C8C4	48103.5	2	503	48102-48106
#E6C8C4	48104	2.5	503	48102-48106
#E6C8C4	48104.5	2	503	48102-48106
#E6C8C4	48104	1.5	503	48102-48106
#F8EFED	48104	2.5	504	48102-48107
#F8EFED	48104.5	3	504	48102-48107
#F8EFED	48105	2.5	504	48102-48107
#F8EFED	48104.5	2	504	48102-48107
#FAF3F3	48104.5	3	505	48102-48108
#FAF3F3	48105	3.5	505	48102-48108
#FAF3F3	48105.5	3	505	48102-48108
#FAF3F3	48105	2.5	505	48102-48108
#F1E0DE	48105	3.5	506	48102-48109
#F1E0DE	48105.5	4	506	48102-48109
#F1E0DE	48106	3.5	506	48102-48109
#F1E0DE	48105.5	3	506	48102-48109
#F0DEDB	48105.5	4	507	48102-48110
#F0DEDB	48106	4.5	507	48102-48110
#F0DEDB	48106.5	4	507	48102-48110
#F0DEDB	48106	3.5	507	48102-48110
#F7ECEB	48106	4.5	508	48102-48111
#F7ECEB	48106.5	5	508	48102-48111
#F7ECEB	48107	4.5	508	48102-48111
#F7ECEB	48106.5	4	508	48102-48111
#FDFBFB	48106.5	5	509	48102-48112
#FDFBFB	48107	5.5	509	48102-48112
#FDFBFB	48107.5	5	509	48102-48112
#FDFBFB	48107	4.5	509	48102-48112
#F9F0EF	48107	5.5	510	48102-48113
#F9F0EF	48107.5	6	510	48102-48113
#F9F0EF	48108	5.5	510	48102-48113
#F9F0EF	48107.5	5	510	48102-48113
#EDD7D4	48107.5	6	511	48102-48114
#EDD7D4	48108	6.5	511	48102-48114
#EDD7D4	48108.5	6	511	48102-48114
#EDD7D4	48108	5.5	511	48102-48114
#ECD5D2	48108	6.5	512	48102-48115
#ECD5D2	48108.5	7	512	48102-48115
#ECD5D2	48109	6.5	512	48102-48115
#ECD5D2	48108.5	6	512	48102-48115
#F6ECEA	48108.5	7	513	48102-48116
#F6ECEA	48109	7.5	513	48102-48116
#F6ECEA	48109.5	7	513	48102-48116
#F6ECEA	48109	6.5	513	48102-48116
#E7CAC7	48109	7.5	514	48102-48117
#E7CAC7	48109.5	8	514	48102-48117
#E7CAC7	48110	7.5	514	48102-48117
#E7CAC7	48109.5	7	514	48102-48117
#EFDBD9	48109.5	8	515	48102-48118
#EFDBD9	48110	8.5	515	48102-48118
#EFDBD9	48110.5	8	515	48102-48118
#EFDBD9	48110	7.5	515	48102-48118
#EFDBD8	48110	8.5	516	48102-48119
#EFDBD8	48110.5	9	516	48102-48119
#EFDBD8	48111	8.5	516	48102-48119
#EFDBD8	48110.5	8	516	48102-48119
#DDB6B1	48110.5	9	517	48102-48120
#DDB6B1	48111	9.5	517	48102-48120
#DDB6B1	48111.5	9	517	48102-48120
#DDB6B1	48111	8.5	517	48102-48120
#E9CFCC	48111	9.5	518	48102-48121
#E9CFCC	48111.5	10	518	48102-48121
#E9CFCC	48112	9.5	518	48102-48121
#E9CFCC	48111.5	9	518	48102-48121
#F0DEDB	48111.5	10	519	48102-48122
#F0DEDB	48112	10.5	519	48102-48122
#F0DEDB	48112.5	10	519	48102-48122
#F0DEDB	48112	9.5	519	48102-48122
#F1DFDD	48112	10.5	520	48102-48123
#F1DFDD	48112.5	11	520	48102-48123
#F1DFDD	48113	10.5	520	48102-48123
#F1DFDD	48112.5	10	520	48102-48123
#E7CAC7	48112.5	11	521	48102-48124
#E7CAC7	48113	11.5	521	48102-48124
#E7CAC7	48113.5	11	521	48102-48124
#E7CAC7	48113	10.5	521	48102-48124
#EDD7D4	48113	11.5	522	48102-48125
#EDD7D4	48113.5	12	522	48102-48125
#EDD7D4	48114	11.5	522	48102-48125
#EDD7D4	48113.5	11	522	48102-48125
#EED9D6	48113.5	12	523	48102-48126
#EED9D6	48114	12.5	523	48102-48126
#EED9D6	48114.5	12	523	48102-48126
#EED9D6	48114	11.5	523	48102-48126
#E9D0CC	48114	12.5	524	48102-48127
#E9D0CC	48114.5	13	524	48102-48127
#E9D0CC	48115	12.5	524	48102-48127
#E9D0CC	48114.5	12	524	48102-48127
#F4E6E4	48114.5	13	525	48102-48128
#F4E6E4	48115	13.5	525	48102-48128
#F4E6E4	48115.5	13	525	48102-48128
#F4E6E4	48115	12.5	525	48102-48128
#E7CAC6	48115	13.5	526	48102-48129
#E7CAC6	48115.5	14	526	48102-48129
#E7CAC6	48116	13.5	526	48102-48129
#E7CAC6	48115.5	13	526	48102-48129
#EEDAD7	48115.5	14	527	48102-48130
#EEDAD7	48116	14.5	527	48102-48130
#EEDAD7	48116.5	14	527	48102-48130
#EEDAD7	48116	13.5	527	48102-48130
#ECD5D2	48116	14.5	528	48102-48131
#ECD5D2	48116.5	15	528	48102-48131
#ECD5D2	48117	14.5	528	48102-48131
#ECD5D2	48116.5	14	528	48102-48131
#EBD3D0	48116.5	15	529	48102-48132
#EBD3D0	48117	15.5	529	48102-48132
#EBD3D0	48117.5	15	529	48102-48132
#EBD3D0	48117	14.5	529	48102-48132
#F0DCDA	48117	15.5	530	48102-48133
#F0DCDA	48117.5	16	530	48102-48133
#F0DCDA	48118	15.5	530	48102-48133
#F0DCDA	48117.5	15	530	48102-48133
#F2E2E0	48117.5	16	531	48102-48134
#F2E2E0	48118	16.5	531	48102-48134
#F2E2E0	48118.5	16	531	48102-48134
#F2E2E0	48118	15.5	531	48102-48134
#EED8D6	48118	16.5	532	48102-48135
#EED8D6	48118.5	17	532	48102-48135
#EED8D6	48119	16.5	532	48102-48135
#EED8D6	48118.5	16	532	48102-48135
#EFDBD9	48118.5	17	533	48102-48136
#EFDBD9	48119	17.5	533	48102-48136
#EFDBD9	48119.5	17	533	48102-48136
#EFDBD9	48119	16.5	533	48102-48136
#ECD6D3	48119	17.5	534	48102-48137
#ECD6D3	48119.5	18	534	48102-48137
#ECD6D3	48120	17.5	534	48102-48137
#ECD6D3	48119.5	17	534	48102-48137
#F2E2E0	48119.5	18	535	48102-48138
#F2E2E0	48120	18.5	535	48102-48138
#F2E2E0	48120.5	18	535	48102-48138
#F2E2E0	48120	17.5	535	48102-48138
#ECD6D3	48120	18.5	536	48102-48139
#ECD6D3	48120.5	19	536	48102-48139
#ECD6D3	48121	18.5	536	48102-48139
#ECD6D3	48120.5	18	536	48102-48139
#F0DDDB	48120.5	19	537	48102-48140
#F0DDDB	48121	19.5	537	48102-48140
#F0DDDB	48121.5	19	537	48102-48140
#F0DDDB	48121	18.5	537	48102-48140
#F4E7E5	48121	19.5	538	48102-48141
#F4E7E5	48121.5	20	538	48102-48141
#F4E7E5	48122	19.5	538	48102-48141
#F4E7E5	48121.5	19	538	48102-48141
#EEDAD7	48121.5	20	539	48102-48142
#EEDAD7	48122	20.5	539	48102-48142
#EEDAD7	48122.5	20	539	48102-48142
#EEDAD7	48122	19.5	539	48102-48142
#F5E9E7	48122	20.5	540	48102-48143
#F5E9E7	48122.5	21	540	48102-48143
#F5E9E7	48123	20.5	540	48102-48143
#F5E9E7	48122.5	20	540	48102-48143
#E3C2BE	48122.5	21	541	48102-48144
#E3C2BE	48123	21.5	541	48102-48144
#E3C2BE	48123.5	21	541	48102-48144
#E3C2BE	48123	20.5	541	48102-48144
#F6EAE9	48123	21.5	542	48102-48145
#F6EAE9	48123.5	22	542	48102-48145
#F6EAE9	48124	21.5	542	48102-48145
#F6EAE9	48123.5	21	542	48102-48145
#F8EFED	48123.5	22	543	48102-48146
#F8EFED	48124	22.5	543	48102-48146
#F8EFED	48124.5	22	543	48102-48146
#F8EFED	48124	21.5	543	48102-48146
#F5E9E7	48124	22.5	544	48102-48147
#F5E9E7	48124.5	23	544	48102-48147
#F5E9E7	48125	22.5	544	48102-48147
#F5E9E7	48124.5	22	544	48102-48147
#F4E6E5	48124.5	23	545	48102-48148
#F4E6E5	48125	23.5	545	48102-48148
#F4E6E5	48125.5	23	545	48102-48148
#F4E6E5	48125	22.5	545	48102-48148
#F7ECEB	48125	23.5	546	48102-48149
#F7ECEB	48125.5	24	546	48102-48149
#F7ECEB	48126	23.5	546	48102-48149
#F7ECEB	48125.5	23	546	48102-48149
#FCF9F9	48125.5	24	547	48102-48150
#FCF9F9	48126	24.5	547	48102-48150
#FCF9F9	48126.5	24	547	48102-48150
#FCF9F9	48126	23.5	547	48102-48150
#F5E8E6	48126	24.5	548	48102-48151
#F5E8E6	48126.5	25	548	48102-48151
#F5E8E6	48127	24.5	548	48102-48151
#F5E8E6	48126.5	24	548	48102-48151
#B9776F	48102.5	0	549	48103-48103
#B9776F	48103	0.5	549	48103-48103
#B9776F	48103.5	0	549	48103-48103
#B9776F	48103	-0.5	549	48103-48103
#D1A19B	48103	0.5	550	48103-48104
#D1A19B	48103.5	1	550	48103-48104
#D1A19B	48104	0.5	550	48103-48104
#D1A19B	48103.5	0	550	48103-48104
#E3C3BF	48103.5	1	551	48103-48105
#E3C3BF	48104	1.5	551	48103-48105
#E3C3BF	48104.5	1	551	48103-48105
#E3C3BF	48104	0.5	551	48103-48105
#DFBBB6	48104	1.5	552	48103-48106
#DFBBB6	48104.5	2	552	48103-48106
#DFBBB6	48105	1.5	552	48103-48106
#DFBBB6	48104.5	1	552	48103-48106
#F3E4E2	48104.5	2	553	48103-48107
#F3E4E2	48105	2.5	553	48103-48107
#F3E4E2	48105.5	2	553	48103-48107
#F3E4E2	48105	1.5	553	48103-48107
#F0DDDA	48105	2.5	554	48103-48108
#F0DDDA	48105.5	3	554	48103-48108
#F0DDDA	48106	2.5	554	48103-48108
#F0DDDA	48105.5	2	554	48103-48108
#F0DDDB	48105.5	3	555	48103-48109
#F0DDDB	48106	3.5	555	48103-48109
#F0DDDB	48106.5	3	555	48103-48109
#F0DDDB	48106	2.5	555	48103-48109
#EFDCD9	48106	3.5	556	48103-48110
#EFDCD9	48106.5	4	556	48103-48110
#EFDCD9	48107	3.5	556	48103-48110
#EFDCD9	48106.5	3	556	48103-48110
#FBFBFD	48106.5	4	557	48103-48111
#FBFBFD	48107	4.5	557	48103-48111
#FBFBFD	48107.5	4	557	48103-48111
#FBFBFD	48107	3.5	557	48103-48111
#F5F3F9	48107	4.5	558	48103-48112
#F5F3F9	48107.5	5	558	48103-48112
#F5F3F9	48108	4.5	558	48103-48112
#F5F3F9	48107.5	4	558	48103-48112
#FDFAFA	48107.5	5	559	48103-48113
#FDFAFA	48108	5.5	559	48103-48113
#FDFAFA	48108.5	5	559	48103-48113
#FDFAFA	48108	4.5	559	48103-48113
#EFDCDA	48108	5.5	560	48103-48114
#EFDCDA	48108.5	6	560	48103-48114
#EFDCDA	48109	5.5	560	48103-48114
#EFDCDA	48108.5	5	560	48103-48114
#F0DDDA	48108.5	6	561	48103-48115
#F0DDDA	48109	6.5	561	48103-48115
#F0DDDA	48109.5	6	561	48103-48115
#F0DDDA	48109	5.5	561	48103-48115
#FBF6F5	48109	6.5	562	48103-48116
#FBF6F5	48109.5	7	562	48103-48116
#FBF6F5	48110	6.5	562	48103-48116
#FBF6F5	48109.5	6	562	48103-48116
#EDD8D5	48109.5	7	563	48103-48117
#EDD8D5	48110	7.5	563	48103-48117
#EDD8D5	48110.5	7	563	48103-48117
#EDD8D5	48110	6.5	563	48103-48117
#EEDAD7	48110	7.5	564	48103-48118
#EEDAD7	48110.5	8	564	48103-48118
#EEDAD7	48111	7.5	564	48103-48118
#EEDAD7	48110.5	7	564	48103-48118
#E7CAC6	48110.5	8	565	48103-48119
#E7CAC6	48111	8.5	565	48103-48119
#E7CAC6	48111.5	8	565	48103-48119
#E7CAC6	48111	7.5	565	48103-48119
#F7ECEA	48111	8.5	566	48103-48120
#F7ECEA	48111.5	9	566	48103-48120
#F7ECEA	48112	8.5	566	48103-48120
#F7ECEA	48111.5	8	566	48103-48120
#F8EEED	48111.5	9	567	48103-48121
#F8EEED	48112	9.5	567	48103-48121
#F8EEED	48112.5	9	567	48103-48121
#F8EEED	48112	8.5	567	48103-48121
#F6EAE9	48112	9.5	568	48103-48122
#F6EAE9	48112.5	10	568	48103-48122
#F6EAE9	48113	9.5	568	48103-48122
#F6EAE9	48112.5	9	568	48103-48122
#FCF8F8	48112.5	10	569	48103-48123
#FCF8F8	48113	10.5	569	48103-48123
#FCF8F8	48113.5	10	569	48103-48123
#FCF8F8	48113	9.5	569	48103-48123
#EDD8D5	48113	10.5	570	48103-48124
#EDD8D5	48113.5	11	570	48103-48124
#EDD8D5	48114	10.5	570	48103-48124
#EDD8D5	48113.5	10	570	48103-48124
#F9F1F0	48113.5	11	571	48103-48125
#F9F1F0	48114	11.5	571	48103-48125
#F9F1F0	48114.5	11	571	48103-48125
#F9F1F0	48114	10.5	571	48103-48125
#E7CAC6	48114	11.5	572	48103-48126
#E7CAC6	48114.5	12	572	48103-48126
#E7CAC6	48115	11.5	572	48103-48126
#E7CAC6	48114.5	11	572	48103-48126
#F3E5E3	48114.5	12	573	48103-48127
#F3E5E3	48115	12.5	573	48103-48127
#F3E5E3	48115.5	12	573	48103-48127
#F3E5E3	48115	11.5	573	48103-48127
#F2E2E0	48115	12.5	574	48103-48128
#F2E2E0	48115.5	13	574	48103-48128
#F2E2E0	48116	12.5	574	48103-48128
#F2E2E0	48115.5	12	574	48103-48128
#E7CBC7	48115.5	13	575	48103-48129
#E7CBC7	48116	13.5	575	48103-48129
#E7CBC7	48116.5	13	575	48103-48129
#E7CBC7	48116	12.5	575	48103-48129
#F0DEDC	48116	13.5	576	48103-48130
#F0DEDC	48116.5	14	576	48103-48130
#F0DEDC	48117	13.5	576	48103-48130
#F0DEDC	48116.5	13	576	48103-48130
#EAD2CE	48116.5	14	577	48103-48131
#EAD2CE	48117	14.5	577	48103-48131
#EAD2CE	48117.5	14	577	48103-48131
#EAD2CE	48117	13.5	577	48103-48131
#DBB3AE	48117	14.5	578	48103-48132
#DBB3AE	48117.5	15	578	48103-48132
#DBB3AE	48118	14.5	578	48103-48132
#DBB3AE	48117.5	14	578	48103-48132
#DDB7B2	48117.5	15	579	48103-48133
#DDB7B2	48118	15.5	579	48103-48133
#DDB7B2	48118.5	15	579	48103-48133
#DDB7B2	48118	14.5	579	48103-48133
#ECD5D2	48118	15.5	580	48103-48134
#ECD5D2	48118.5	16	580	48103-48134
#ECD5D2	48119	15.5	580	48103-48134
#ECD5D2	48118.5	15	580	48103-48134
#EDD7D4	48118.5	16	581	48103-48135
#EDD7D4	48119	16.5	581	48103-48135
#EDD7D4	48119.5	16	581	48103-48135
#EDD7D4	48119	15.5	581	48103-48135
#F2E1DF	48119	16.5	582	48103-48136
#F2E1DF	48119.5	17	582	48103-48136
#F2E1DF	48120	16.5	582	48103-48136
#F2E1DF	48119.5	16	582	48103-48136
#F0DDDA	48119.5	17	583	48103-48137
#F0DDDA	48120	17.5	583	48103-48137
#F0DDDA	48120.5	17	583	48103-48137
#F0DDDA	48120	16.5	583	48103-48137
#F7EDEB	48120	17.5	584	48103-48138
#F7EDEB	48120.5	18	584	48103-48138
#F7EDEB	48121	17.5	584	48103-48138
#F7EDEB	48120.5	17	584	48103-48138
#F6EAE9	48120.5	18	585	48103-48139
#F6EAE9	48121	18.5	585	48103-48139
#F6EAE9	48121.5	18	585	48103-48139
#F6EAE9	48121	17.5	585	48103-48139
#F0DDDA	48121	18.5	586	48103-48140
#F0DDDA	48121.5	19	586	48103-48140
#F0DDDA	48122	18.5	586	48103-48140
#F0DDDA	48121.5	18	586	48103-48140
#EDD6D3	48121.5	19	587	48103-48141
#EDD6D3	48122	19.5	587	48103-48141
#EDD6D3	48122.5	19	587	48103-48141
#EDD6D3	48122	18.5	587	48103-48141
#EDD8D5	48122	19.5	588	48103-48142
#EDD8D5	48122.5	20	588	48103-48142
#EDD8D5	48123	19.5	588	48103-48142
#EDD8D5	48122.5	19	588	48103-48142
#F9F1F0	48122.5	20	589	48103-48143
#F9F1F0	48123	20.5	589	48103-48143
#F9F1F0	48123.5	20	589	48103-48143
#F9F1F0	48123	19.5	589	48103-48143
#F6EAE8	48123	20.5	590	48103-48144
#F6EAE8	48123.5	21	590	48103-48144
#F6EAE8	48124	20.5	590	48103-48144
#F6EAE8	48123.5	20	590	48103-48144
#F3E3E1	48123.5	21	591	48103-48145
#F3E3E1	48124	21.5	591	48103-48145
#F3E3E1	48124.5	21	591	48103-48145
#F3E3E1	48124	20.5	591	48103-48145
#F2E2E0	48124	21.5	592	48103-48146
#F2E2E0	48124.5	22	592	48103-48146
#F2E2E0	48125	21.5	592	48103-48146
#F2E2E0	48124.5	21	592	48103-48146
#F7ECEB	48124.5	22	593	48103-48147
#F7ECEB	48125	22.5	593	48103-48147
#F7ECEB	48125.5	22	593	48103-48147
#F7ECEB	48125	21.5	593	48103-48147
#F6EAE8	48125	22.5	594	48103-48148
#F6EAE8	48125.5	23	594	48103-48148
#F6EAE8	48126	22.5	594	48103-48148
#F6EAE8	48125.5	22	594	48103-48148
#FAF2F1	48125.5	23	595	48103-48149
#FAF2F1	48126	23.5	595	48103-48149
#FAF2F1	48126.5	23	595	48103-48149
#FAF2F1	48126	22.5	595	48103-48149
#FCF9F8	48126	23.5	596	48103-48150
#FCF9F8	48126.5	24	596	48103-48150
#FCF9F8	48127	23.5	596	48103-48150
#FCF9F8	48126.5	23	596	48103-48150
#FBF5F5	48126.5	24	597	48103-48151
#FBF5F5	48127	24.5	597	48103-48151
#FBF5F5	48127.5	24	597	48103-48151
#FBF5F5	48127	23.5	597	48103-48151
#F3E5E3	48127	24.5	598	48103-48152
#F3E5E3	48127.5	25	598	48103-48152
#F3E5E3	48128	24.5	598	48103-48152
#F3E5E3	48127.5	24	598	48103-48152
#BE7F78	48103.5	0	599	48104-48104
#BE7F78	48104	0.5	599	48104-48104
#BE7F78	48104.5	0	599	48104-48104
#BE7F78	48104	-0.5	599	48104-48104
#ECD4D1	48104	0.5	600	48104-48105
#ECD4D1	48104.5	1	600	48104-48105
#ECD4D1	48105	0.5	600	48104-48105
#ECD4D1	48104.5	0	600	48104-48105
#CE9B95	48104.5	1	601	48104-48106
#CE9B95	48105	1.5	601	48104-48106
#CE9B95	48105.5	1	601	48104-48106
#CE9B95	48105	0.5	601	48104-48106
#F4E5E4	48105	1.5	602	48104-48107
#F4E5E4	48105.5	2	602	48104-48107
#F4E5E4	48106	1.5	602	48104-48107
#F4E5E4	48105.5	1	602	48104-48107
#F5E9E7	48105.5	2	603	48104-48108
#F5E9E7	48106	2.5	603	48104-48108
#F5E9E7	48106.5	2	603	48104-48108
#F5E9E7	48106	1.5	603	48104-48108
#EED9D6	48106	2.5	604	48104-48109
#EED9D6	48106.5	3	604	48104-48109
#EED9D6	48107	2.5	604	48104-48109
#EED9D6	48106.5	2	604	48104-48109
#F1DFDC	48106.5	3	605	48104-48110
#F1DFDC	48107	3.5	605	48104-48110
#F1DFDC	48107.5	3	605	48104-48110
#F1DFDC	48107	2.5	605	48104-48110
#F8F7FB	48107	3.5	606	48104-48111
#F8F7FB	48107.5	4	606	48104-48111
#F8F7FB	48108	3.5	606	48104-48111
#F8F7FB	48107.5	3	606	48104-48111
#F2F0F8	48107.5	4	607	48104-48112
#F2F0F8	48108	4.5	607	48104-48112
#F2F0F8	48108.5	4	607	48104-48112
#F2F0F8	48108	3.5	607	48104-48112
#FDFDFE	48108	4.5	608	48104-48113
#FDFDFE	48108.5	5	608	48104-48113
#FDFDFE	48109	4.5	608	48104-48113
#FDFDFE	48108.5	4	608	48104-48113
#F0DCDA	48108.5	5	609	48104-48114
#F0DCDA	48109	5.5	609	48104-48114
#F0DCDA	48109.5	5	609	48104-48114
#F0DCDA	48109	4.5	609	48104-48114
#F8EFEE	48109	5.5	610	48104-48115
#F8EFEE	48109.5	6	610	48104-48115
#F8EFEE	48110	5.5	610	48104-48115
#F8EFEE	48109.5	5	610	48104-48115
#FDFAFA	48109.5	6	611	48104-48116
#FDFAFA	48110	6.5	611	48104-48116
#FDFAFA	48110.5	6	611	48104-48116
#FDFAFA	48110	5.5	611	48104-48116
#F4E6E4	48110	6.5	612	48104-48117
#F4E6E4	48110.5	7	612	48104-48117
#F4E6E4	48111	6.5	612	48104-48117
#F4E6E4	48110.5	6	612	48104-48117
#F7EEEC	48110.5	7	613	48104-48118
#F7EEEC	48111	7.5	613	48104-48118
#F7EEEC	48111.5	7	613	48104-48118
#F7EEEC	48111	6.5	613	48104-48118
#F3E5E3	48111	7.5	614	48104-48119
#F3E5E3	48111.5	8	614	48104-48119
#F3E5E3	48112	7.5	614	48104-48119
#F3E5E3	48111.5	7	614	48104-48119
#F2E1DF	48111.5	8	615	48104-48120
#F2E1DF	48112	8.5	615	48104-48120
#F2E1DF	48112.5	8	615	48104-48120
#F2E1DF	48112	7.5	615	48104-48120
#EFDCD9	48112	8.5	616	48104-48121
#EFDCD9	48112.5	9	616	48104-48121
#EFDCD9	48113	8.5	616	48104-48121
#EFDCD9	48112.5	8	616	48104-48121
#F5E8E6	48112.5	9	617	48104-48122
#F5E8E6	48113	9.5	617	48104-48122
#F5E8E6	48113.5	9	617	48104-48122
#F5E8E6	48113	8.5	617	48104-48122
#F7EDEB	48113	9.5	618	48104-48123
#F7EDEB	48113.5	10	618	48104-48123
#F7EDEB	48114	9.5	618	48104-48123
#F7EDEB	48113.5	9	618	48104-48123
#F3E3E1	48113.5	10	619	48104-48124
#F3E3E1	48114	10.5	619	48104-48124
#F3E3E1	48114.5	10	619	48104-48124
#F3E3E1	48114	9.5	619	48104-48124
#FBF5F4	48114	10.5	620	48104-48125
#FBF5F4	48114.5	11	620	48104-48125
#FBF5F4	48115	10.5	620	48104-48125
#FBF5F4	48114.5	10	620	48104-48125
#F8F0EF	48114.5	11	621	48104-48126
#F8F0EF	48115	11.5	621	48104-48126
#F8F0EF	48115.5	11	621	48104-48126
#F8F0EF	48115	10.5	621	48104-48126
#F4E7E5	48115	11.5	622	48104-48127
#F4E7E5	48115.5	12	622	48104-48127
#F4E7E5	48116	11.5	622	48104-48127
#F4E7E5	48115.5	11	622	48104-48127
#ECD4D1	48115.5	12	623	48104-48128
#ECD4D1	48116	12.5	623	48104-48128
#ECD4D1	48116.5	12	623	48104-48128
#ECD4D1	48116	11.5	623	48104-48128
#F1DFDD	48116	12.5	624	48104-48129
#F1DFDD	48116.5	13	624	48104-48129
#F1DFDD	48117	12.5	624	48104-48129
#F1DFDD	48116.5	12	624	48104-48129
#F1DFDC	48116.5	13	625	48104-48130
#F1DFDC	48117	13.5	625	48104-48130
#F1DFDC	48117.5	13	625	48104-48130
#F1DFDC	48117	12.5	625	48104-48130
#EFDCD9	48117	13.5	626	48104-48131
#EFDCD9	48117.5	14	626	48104-48131
#EFDCD9	48118	13.5	626	48104-48131
#EFDCD9	48117.5	13	626	48104-48131
#F2E2E0	48117.5	14	627	48104-48132
#F2E2E0	48118	14.5	627	48104-48132
#F2E2E0	48118.5	14	627	48104-48132
#F2E2E0	48118	13.5	627	48104-48132
#E5C7C3	48118	14.5	628	48104-48133
#E5C7C3	48118.5	15	628	48104-48133
#E5C7C3	48119	14.5	628	48104-48133
#E5C7C3	48118.5	14	628	48104-48133
#E9CECB	48118.5	15	629	48104-48134
#E9CECB	48119	15.5	629	48104-48134
#E9CECB	48119.5	15	629	48104-48134
#E9CECB	48119	14.5	629	48104-48134
#F0DDDB	48119	15.5	630	48104-48135
#F0DDDB	48119.5	16	630	48104-48135
#F0DDDB	48120	15.5	630	48104-48135
#F0DDDB	48119.5	15	630	48104-48135
#EED9D6	48119.5	16	631	48104-48136
#EED9D6	48120	16.5	631	48104-48136
#EED9D6	48120.5	16	631	48104-48136
#EED9D6	48120	15.5	631	48104-48136
#EEDAD7	48120	16.5	632	48104-48137
#EEDAD7	48120.5	17	632	48104-48137
#EEDAD7	48121	16.5	632	48104-48137
#EEDAD7	48120.5	16	632	48104-48137
#EFDCD9	48120.5	17	633	48104-48138
#EFDCD9	48121	17.5	633	48104-48138
#EFDCD9	48121.5	17	633	48104-48138
#EFDCD9	48121	16.5	633	48104-48138
#F6EBEA	48121	17.5	634	48104-48139
#F6EBEA	48121.5	18	634	48104-48139
#F6EBEA	48122	17.5	634	48104-48139
#F6EBEA	48121.5	17	634	48104-48139
#F4E6E4	48121.5	18	635	48104-48140
#F4E6E4	48122	18.5	635	48104-48140
#F4E6E4	48122.5	18	635	48104-48140
#F4E6E4	48122	17.5	635	48104-48140
#EBD2CF	48122	18.5	636	48104-48141
#EBD2CF	48122.5	19	636	48104-48141
#EBD2CF	48123	18.5	636	48104-48141
#EBD2CF	48122.5	18	636	48104-48141
#FAF4F4	48122.5	19	637	48104-48142
#FAF4F4	48123	19.5	637	48104-48142
#FAF4F4	48123.5	19	637	48104-48142
#FAF4F4	48123	18.5	637	48104-48142
#EDD8D5	48123	19.5	638	48104-48143
#EDD8D5	48123.5	20	638	48104-48143
#EDD8D5	48124	19.5	638	48104-48143
#EDD8D5	48123.5	19	638	48104-48143
#F6EAE9	48123.5	20	639	48104-48144
#F6EAE9	48124	20.5	639	48104-48144
#F6EAE9	48124.5	20	639	48104-48144
#F6EAE9	48124	19.5	639	48104-48144
#F9F0EF	48124	20.5	640	48104-48145
#F9F0EF	48124.5	21	640	48104-48145
#F9F0EF	48125	20.5	640	48104-48145
#F9F0EF	48124.5	20	640	48104-48145
#F0DEDC	48124.5	21	641	48104-48146
#F0DEDC	48125	21.5	641	48104-48146
#F0DEDC	48125.5	21	641	48104-48146
#F0DEDC	48125	20.5	641	48104-48146
#EBD2CF	48125	21.5	642	48104-48147
#EBD2CF	48125.5	22	642	48104-48147
#EBD2CF	48126	21.5	642	48104-48147
#EBD2CF	48125.5	21	642	48104-48147
#F2E1DE	48125.5	22	643	48104-48148
#F2E1DE	48126	22.5	643	48104-48148
#F2E1DE	48126.5	22	643	48104-48148
#F2E1DE	48126	21.5	643	48104-48148
#FAF3F2	48126	22.5	644	48104-48149
#FAF3F2	48126.5	23	644	48104-48149
#FAF3F2	48127	22.5	644	48104-48149
#FAF3F2	48126.5	22	644	48104-48149
#FDFAF9	48126.5	23	645	48104-48150
#FDFAF9	48127	23.5	645	48104-48150
#FDFAF9	48127.5	23	645	48104-48150
#FDFAF9	48127	22.5	645	48104-48150
#FAF4F3	48127	23.5	646	48104-48151
#FAF4F3	48127.5	24	646	48104-48151
#FAF4F3	48128	23.5	646	48104-48151
#FAF4F3	48127.5	23	646	48104-48151
#F7EEEC	48127.5	24	647	48104-48152
#F7EEEC	48128	24.5	647	48104-48152
#F7EEEC	48128.5	24	647	48104-48152
#F7EEEC	48128	23.5	647	48104-48152
#F4E7E5	48128	24.5	648	48104-48153
#F4E7E5	48128.5	25	648	48104-48153
#F4E7E5	48129	24.5	648	48104-48153
#F4E7E5	48128.5	24	648	48104-48153
#C58B84	48104.5	0	649	48105-48105
#C58B84	48105	0.5	649	48105-48105
#C58B84	48105.5	0	649	48105-48105
#C58B84	48105	-0.5	649	48105-48105
#D5A7A2	48105	0.5	650	48105-48106
#D5A7A2	48105.5	1	650	48105-48106
#D5A7A2	48106	0.5	650	48105-48106
#D5A7A2	48105.5	0	650	48105-48106
#EBD3D0	48105.5	1	651	48105-48107
#EBD3D0	48106	1.5	651	48105-48107
#EBD3D0	48106.5	1	651	48105-48107
#EBD3D0	48106	0.5	651	48105-48107
#F2E1DF	48106	1.5	652	48105-48108
#F2E1DF	48106.5	2	652	48105-48108
#F2E1DF	48107	1.5	652	48105-48108
#F2E1DF	48106.5	1	652	48105-48108
#E3C2BD	48106.5	2	653	48105-48109
#E3C2BD	48107	2.5	653	48105-48109
#E3C2BD	48107.5	2	653	48105-48109
#E3C2BD	48107	1.5	653	48105-48109
#EAD0CD	48107	2.5	654	48105-48110
#EAD0CD	48107.5	3	654	48105-48110
#EAD0CD	48108	2.5	654	48105-48110
#EAD0CD	48107.5	2	654	48105-48110
#FDFAF9	48107.5	3	655	48105-48111
#FDFAF9	48108	3.5	655	48105-48111
#FDFAF9	48108.5	3	655	48105-48111
#FDFAF9	48108	2.5	655	48105-48111
#F8F7FB	48108	3.5	656	48105-48112
#F8F7FB	48108.5	4	656	48105-48112
#F8F7FB	48109	3.5	656	48105-48112
#F8F7FB	48108.5	3	656	48105-48112
#FBF5F4	48108.5	4	657	48105-48113
#FBF5F4	48109	4.5	657	48105-48113
#FBF5F4	48109.5	4	657	48105-48113
#FBF5F4	48109	3.5	657	48105-48113
#EDD6D3	48109	4.5	658	48105-48114
#EDD6D3	48109.5	5	658	48105-48114
#EDD6D3	48110	4.5	658	48105-48114
#EDD6D3	48109.5	4	658	48105-48114
#E3C2BE	48109.5	5	659	48105-48115
#E3C2BE	48110	5.5	659	48105-48115
#E3C2BE	48110.5	5	659	48105-48115
#E3C2BE	48110	4.5	659	48105-48115
#FDFAFA	48110	5.5	660	48105-48116
#FDFAFA	48110.5	6	660	48105-48116
#FDFAFA	48111	5.5	660	48105-48116
#FDFAFA	48110.5	5	660	48105-48116
#FBF6F5	48110.5	6	661	48105-48117
#FBF6F5	48111	6.5	661	48105-48117
#FBF6F5	48111.5	6	661	48105-48117
#FBF6F5	48111	5.5	661	48105-48117
#F4E7E5	48111	6.5	662	48105-48118
#F4E7E5	48111.5	7	662	48105-48118
#F4E7E5	48112	6.5	662	48105-48118
#F4E7E5	48111.5	6	662	48105-48118
#F7ECEB	48111.5	7	663	48105-48119
#F7ECEB	48112	7.5	663	48105-48119
#F7ECEB	48112.5	7	663	48105-48119
#F7ECEB	48112	6.5	663	48105-48119
#F1E0DE	48112	7.5	664	48105-48120
#F1E0DE	48112.5	8	664	48105-48120
#F1E0DE	48113	7.5	664	48105-48120
#F1E0DE	48112.5	7	664	48105-48120
#FCF7F6	48112.5	8	665	48105-48121
#FCF7F6	48113	8.5	665	48105-48121
#FCF7F6	48113.5	8	665	48105-48121
#FCF7F6	48113	7.5	665	48105-48121
#ECD4D1	48113	8.5	666	48105-48122
#ECD4D1	48113.5	9	666	48105-48122
#ECD4D1	48114	8.5	666	48105-48122
#ECD4D1	48113.5	8	666	48105-48122
#FAF5F4	48113.5	9	667	48105-48123
#FAF5F4	48114	9.5	667	48105-48123
#FAF5F4	48114.5	9	667	48105-48123
#FAF5F4	48114	8.5	667	48105-48123
#F4E7E5	48114	9.5	668	48105-48124
#F4E7E5	48114.5	10	668	48105-48124
#F4E7E5	48115	9.5	668	48105-48124
#F4E7E5	48114.5	9	668	48105-48124
#FAF3F2	48114.5	10	669	48105-48125
#FAF3F2	48115	10.5	669	48105-48125
#FAF3F2	48115.5	10	669	48105-48125
#FAF3F2	48115	9.5	669	48105-48125
#F6EAE8	48115	10.5	670	48105-48126
#F6EAE8	48115.5	11	670	48105-48126
#F6EAE8	48116	10.5	670	48105-48126
#F6EAE8	48115.5	10	670	48105-48126
#EDD6D3	48115.5	11	671	48105-48127
#EDD6D3	48116	11.5	671	48105-48127
#EDD6D3	48116.5	11	671	48105-48127
#EDD6D3	48116	10.5	671	48105-48127
#EBD4D0	48116	11.5	672	48105-48128
#EBD4D0	48116.5	12	672	48105-48128
#EBD4D0	48117	11.5	672	48105-48128
#EBD4D0	48116.5	11	672	48105-48128
#F5E7E6	48116.5	12	673	48105-48129
#F5E7E6	48117	12.5	673	48105-48129
#F5E7E6	48117.5	12	673	48105-48129
#F5E7E6	48117	11.5	673	48105-48129
#F1E0DD	48117	12.5	674	48105-48130
#F1E0DD	48117.5	13	674	48105-48130
#F1E0DD	48118	12.5	674	48105-48130
#F1E0DD	48117.5	12	674	48105-48130
#F1DFDC	48117.5	13	675	48105-48131
#F1DFDC	48118	13.5	675	48105-48131
#F1DFDC	48118.5	13	675	48105-48131
#F1DFDC	48118	12.5	675	48105-48131
#ECD4D1	48118	13.5	676	48105-48132
#ECD4D1	48118.5	14	676	48105-48132
#ECD4D1	48119	13.5	676	48105-48132
#ECD4D1	48118.5	13	676	48105-48132
#E1BFBB	48118.5	14	677	48105-48133
#E1BFBB	48119	14.5	677	48105-48133
#E1BFBB	48119.5	14	677	48105-48133
#E1BFBB	48119	13.5	677	48105-48133
#EAD1CE	48119	14.5	678	48105-48134
#EAD1CE	48119.5	15	678	48105-48134
#EAD1CE	48120	14.5	678	48105-48134
#EAD1CE	48119.5	14	678	48105-48134
#FBF5F4	48119.5	15	679	48105-48135
#FBF5F4	48120	15.5	679	48105-48135
#FBF5F4	48120.5	15	679	48105-48135
#FBF5F4	48120	14.5	679	48105-48135
#FAF4F3	48120	15.5	680	48105-48136
#FAF4F3	48120.5	16	680	48105-48136
#FAF4F3	48121	15.5	680	48105-48136
#FAF4F3	48120.5	15	680	48105-48136
#F1DFDC	48120.5	16	681	48105-48137
#F1DFDC	48121	16.5	681	48105-48137
#F1DFDC	48121.5	16	681	48105-48137
#F1DFDC	48121	15.5	681	48105-48137
#E7CCC8	48121	16.5	682	48105-48138
#E7CCC8	48121.5	17	682	48105-48138
#E7CCC8	48122	16.5	682	48105-48138
#E7CCC8	48121.5	16	682	48105-48138
#EAD0CD	48121.5	17	683	48105-48139
#EAD0CD	48122	17.5	683	48105-48139
#EAD0CD	48122.5	17	683	48105-48139
#EAD0CD	48122	16.5	683	48105-48139
#EBD3D0	48122	17.5	684	48105-48140
#EBD3D0	48122.5	18	684	48105-48140
#EBD3D0	48123	17.5	684	48105-48140
#EBD3D0	48122.5	17	684	48105-48140
#E9CECB	48122.5	18	685	48105-48141
#E9CECB	48123	18.5	685	48105-48141
#E9CECB	48123.5	18	685	48105-48141
#E9CECB	48123	17.5	685	48105-48141
#E8CCC8	48123	18.5	686	48105-48142
#E8CCC8	48123.5	19	686	48105-48142
#E8CCC8	48124	18.5	686	48105-48142
#E8CCC8	48123.5	18	686	48105-48142
#F3E5E3	48123.5	19	687	48105-48143
#F3E5E3	48124	19.5	687	48105-48143
#F3E5E3	48124.5	19	687	48105-48143
#F3E5E3	48124	18.5	687	48105-48143
#F2E1DF	48124	19.5	688	48105-48144
#F2E1DF	48124.5	20	688	48105-48144
#F2E1DF	48125	19.5	688	48105-48144
#F2E1DF	48124.5	19	688	48105-48144
#F7EDEB	48124.5	20	689	48105-48145
#F7EDEB	48125	20.5	689	48105-48145
#F7EDEB	48125.5	20	689	48105-48145
#F7EDEB	48125	19.5	689	48105-48145
#EFDBD9	48125	20.5	690	48105-48146
#EFDBD9	48125.5	21	690	48105-48146
#EFDBD9	48126	20.5	690	48105-48146
#EFDBD9	48125.5	20	690	48105-48146
#ECD6D3	48125.5	21	691	48105-48147
#ECD6D3	48126	21.5	691	48105-48147
#ECD6D3	48126.5	21	691	48105-48147
#ECD6D3	48126	20.5	691	48105-48147
#F1E0DD	48126	21.5	692	48105-48148
#F1E0DD	48126.5	22	692	48105-48148
#F1E0DD	48127	21.5	692	48105-48148
#F1E0DD	48126.5	21	692	48105-48148
#F5E8E7	48126.5	22	693	48105-48149
#F5E8E7	48127	22.5	693	48105-48149
#F5E8E7	48127.5	22	693	48105-48149
#F5E8E7	48127	21.5	693	48105-48149
#FAF3F2	48127	22.5	694	48105-48150
#FAF3F2	48127.5	23	694	48105-48150
#FAF3F2	48128	22.5	694	48105-48150
#FAF3F2	48127.5	22	694	48105-48150
#FCF7F7	48127.5	23	695	48105-48151
#FCF7F7	48128	23.5	695	48105-48151
#FCF7F7	48128.5	23	695	48105-48151
#FCF7F7	48128	22.5	695	48105-48151
#F3E5E3	48128	23.5	696	48105-48152
#F3E5E3	48128.5	24	696	48105-48152
#F3E5E3	48129	23.5	696	48105-48152
#F3E5E3	48128.5	23	696	48105-48152
#FCF7F6	48128.5	24	697	48105-48153
#FCF7F6	48129	24.5	697	48105-48153
#FCF7F6	48129.5	24	697	48105-48153
#FCF7F6	48129	23.5	697	48105-48153
#F5E9E7	48129	24.5	698	48105-48154
#F5E9E7	48129.5	25	698	48105-48154
#F5E9E7	48130	24.5	698	48105-48154
#F5E9E7	48129.5	24	698	48105-48154
#B16A63	48105.5	0	699	48106-48106
#B16A63	48106	0.5	699	48106-48106
#B16A63	48106.5	0	699	48106-48106
#B16A63	48106	-0.5	699	48106-48106
#E4C5C0	48106	0.5	700	48106-48107
#E4C5C0	48106.5	1	700	48106-48107
#E4C5C0	48107	0.5	700	48106-48107
#E4C5C0	48106.5	0	700	48106-48107
#D7ABA6	48106.5	1	701	48106-48108
#D7ABA6	48107	1.5	701	48106-48108
#D7ABA6	48107.5	1	701	48106-48108
#D7ABA6	48107	0.5	701	48106-48108
#C9928B	48107	1.5	702	48106-48109
#C9928B	48107.5	2	702	48106-48109
#C9928B	48108	1.5	702	48106-48109
#C9928B	48107.5	1	702	48106-48109
#C68C85	48107.5	2	703	48106-48110
#C68C85	48108	2.5	703	48106-48110
#C68C85	48108.5	2	703	48106-48110
#C68C85	48108	1.5	703	48106-48110
#FBF6F5	48108	2.5	704	48106-48111
#FBF6F5	48108.5	3	704	48106-48111
#FBF6F5	48109	2.5	704	48106-48111
#FBF6F5	48108.5	2	704	48106-48111
#FEFEFE	48108.5	3	705	48106-48112
#FEFEFE	48109	3.5	705	48106-48112
#FEFEFE	48109.5	3	705	48106-48112
#FEFEFE	48109	2.5	705	48106-48112
#F4E5E3	48109	3.5	706	48106-48113
#F4E5E3	48109.5	4	706	48106-48113
#F4E5E3	48110	3.5	706	48106-48113
#F4E5E3	48109.5	3	706	48106-48113
#EFDAD8	48109.5	4	707	48106-48114
#EFDAD8	48110	4.5	707	48106-48114
#EFDAD8	48110.5	4	707	48106-48114
#EFDAD8	48110	3.5	707	48106-48114
#F1DFDD	48110	4.5	708	48106-48115
#F1DFDD	48110.5	5	708	48106-48115
#F1DFDD	48111	4.5	708	48106-48115
#F1DFDD	48110.5	4	708	48106-48115
#FDF9F9	48110.5	5	709	48106-48116
#FDF9F9	48111	5.5	709	48106-48116
#FDF9F9	48111.5	5	709	48106-48116
#FDF9F9	48111	4.5	709	48106-48116
#F4E6E4	48111	5.5	710	48106-48117
#F4E6E4	48111.5	6	710	48106-48117
#F4E6E4	48112	5.5	710	48106-48117
#F4E6E4	48111.5	5	710	48106-48117
#FBF5F4	48111.5	6	711	48106-48118
#FBF5F4	48112	6.5	711	48106-48118
#FBF5F4	48112.5	6	711	48106-48118
#FBF5F4	48112	5.5	711	48106-48118
#EFDCD9	48112	6.5	712	48106-48119
#EFDCD9	48112.5	7	712	48106-48119
#EFDCD9	48113	6.5	712	48106-48119
#EFDCD9	48112.5	6	712	48106-48119
#F0DDDB	48112.5	7	713	48106-48120
#F0DDDB	48113	7.5	713	48106-48120
#F0DDDB	48113.5	7	713	48106-48120
#F0DDDB	48113	6.5	713	48106-48120
#F9F0EF	48113	7.5	714	48106-48121
#F9F0EF	48113.5	8	714	48106-48121
#F9F0EF	48114	7.5	714	48106-48121
#F9F0EF	48113.5	7	714	48106-48121
#F8EFED	48113.5	8	715	48106-48122
#F8EFED	48114	8.5	715	48106-48122
#F8EFED	48114.5	8	715	48106-48122
#F8EFED	48114	7.5	715	48106-48122
#F7ECEB	48114	8.5	716	48106-48123
#F7ECEB	48114.5	9	716	48106-48123
#F7ECEB	48115	8.5	716	48106-48123
#F7ECEB	48114.5	8	716	48106-48123
#F9F2F1	48114.5	9	717	48106-48124
#F9F2F1	48115	9.5	717	48106-48124
#F9F2F1	48115.5	9	717	48106-48124
#F9F2F1	48115	8.5	717	48106-48124
#F9F2F1	48115	9.5	718	48106-48125
#F9F2F1	48115.5	10	718	48106-48125
#F9F2F1	48116	9.5	718	48106-48125
#F9F2F1	48115.5	9	718	48106-48125
#F9F1F0	48115.5	10	719	48106-48126
#F9F1F0	48116	10.5	719	48106-48126
#F9F1F0	48116.5	10	719	48106-48126
#F9F1F0	48116	9.5	719	48106-48126
#F8EFEE	48116	10.5	720	48106-48127
#F8EFEE	48116.5	11	720	48106-48127
#F8EFEE	48117	10.5	720	48106-48127
#F8EFEE	48116.5	10	720	48106-48127
#EDD7D5	48116.5	11	721	48106-48128
#EDD7D5	48117	11.5	721	48106-48128
#EDD7D5	48117.5	11	721	48106-48128
#EDD7D5	48117	10.5	721	48106-48128
#F0DDDA	48117	11.5	722	48106-48129
#F0DDDA	48117.5	12	722	48106-48129
#F0DDDA	48118	11.5	722	48106-48129
#F0DDDA	48117.5	11	722	48106-48129
#F6EAE8	48117.5	12	723	48106-48130
#F6EAE8	48118	12.5	723	48106-48130
#F6EAE8	48118.5	12	723	48106-48130
#F6EAE8	48118	11.5	723	48106-48130
#F4E6E4	48118	12.5	724	48106-48131
#F4E6E4	48118.5	13	724	48106-48131
#F4E6E4	48119	12.5	724	48106-48131
#F4E6E4	48118.5	12	724	48106-48131
#E1BFBB	48118.5	13	725	48106-48132
#E1BFBB	48119	13.5	725	48106-48132
#E1BFBB	48119.5	13	725	48106-48132
#E1BFBB	48119	12.5	725	48106-48132
#E5C7C3	48119	13.5	726	48106-48133
#E5C7C3	48119.5	14	726	48106-48133
#E5C7C3	48120	13.5	726	48106-48133
#E5C7C3	48119.5	13	726	48106-48133
#F7ECEB	48119.5	14	727	48106-48134
#F7ECEB	48120	14.5	727	48106-48134
#F7ECEB	48120.5	14	727	48106-48134
#F7ECEB	48120	13.5	727	48106-48134
#F6EBEA	48120	14.5	728	48106-48135
#F6EBEA	48120.5	15	728	48106-48135
#F6EBEA	48121	14.5	728	48106-48135
#F6EBEA	48120.5	14	728	48106-48135
#F9F1F0	48120.5	15	729	48106-48136
#F9F1F0	48121	15.5	729	48106-48136
#F9F1F0	48121.5	15	729	48106-48136
#F9F1F0	48121	14.5	729	48106-48136
#F4E6E4	48121	15.5	730	48106-48137
#F4E6E4	48121.5	16	730	48106-48137
#F4E6E4	48122	15.5	730	48106-48137
#F4E6E4	48121.5	15	730	48106-48137
#F4E7E5	48121.5	16	731	48106-48138
#F4E7E5	48122	16.5	731	48106-48138
#F4E7E5	48122.5	16	731	48106-48138
#F4E7E5	48122	15.5	731	48106-48138
#EED9D6	48122	16.5	732	48106-48139
#EED9D6	48122.5	17	732	48106-48139
#EED9D6	48123	16.5	732	48106-48139
#EED9D6	48122.5	16	732	48106-48139
#E8CCC9	48122.5	17	733	48106-48140
#E8CCC9	48123	17.5	733	48106-48140
#E8CCC9	48123.5	17	733	48106-48140
#E8CCC9	48123	16.5	733	48106-48140
#EDD6D3	48123	17.5	734	48106-48141
#EDD6D3	48123.5	18	734	48106-48141
#EDD6D3	48124	17.5	734	48106-48141
#EDD6D3	48123.5	17	734	48106-48141
#F3E4E2	48123.5	18	735	48106-48142
#F3E4E2	48124	18.5	735	48106-48142
#F3E4E2	48124.5	18	735	48106-48142
#F3E4E2	48124	17.5	735	48106-48142
#F3E5E3	48124	18.5	736	48106-48143
#F3E5E3	48124.5	19	736	48106-48143
#F3E5E3	48125	18.5	736	48106-48143
#F3E5E3	48124.5	18	736	48106-48143
#F6EAE9	48124.5	19	737	48106-48144
#F6EAE9	48125	19.5	737	48106-48144
#F6EAE9	48125.5	19	737	48106-48144
#F6EAE9	48125	18.5	737	48106-48144
#F8F0EE	48125	19.5	738	48106-48145
#F8F0EE	48125.5	20	738	48106-48145
#F8F0EE	48126	19.5	738	48106-48145
#F8F0EE	48125.5	19	738	48106-48145
#F7ECEB	48125.5	20	739	48106-48146
#F7ECEB	48126	20.5	739	48106-48146
#F7ECEB	48126.5	20	739	48106-48146
#F7ECEB	48126	19.5	739	48106-48146
#F8F0EF	48126	20.5	740	48106-48147
#F8F0EF	48126.5	21	740	48106-48147
#F8F0EF	48127	20.5	740	48106-48147
#F8F0EF	48126.5	20	740	48106-48147
#F8F0EF	48126.5	21	741	48106-48148
#F8F0EF	48127	21.5	741	48106-48148
#F8F0EF	48127.5	21	741	48106-48148
#F8F0EF	48127	20.5	741	48106-48148
#FCF9F8	48127	21.5	742	48106-48149
#FCF9F8	48127.5	22	742	48106-48149
#FCF9F8	48128	21.5	742	48106-48149
#FCF9F8	48127.5	21	742	48106-48149
#F5E8E6	48127.5	22	743	48106-48150
#F5E8E6	48128	22.5	743	48106-48150
#F5E8E6	48128.5	22	743	48106-48150
#F5E8E6	48128	21.5	743	48106-48150
#F9F2F1	48128	22.5	744	48106-48151
#F9F2F1	48128.5	23	744	48106-48151
#F9F2F1	48129	22.5	744	48106-48151
#F9F2F1	48128.5	22	744	48106-48151
#F6EBEA	48128.5	23	745	48106-48152
#F6EBEA	48129	23.5	745	48106-48152
#F6EBEA	48129.5	23	745	48106-48152
#F6EBEA	48129	22.5	745	48106-48152
#FCF8F8	48129	23.5	746	48106-48153
#FCF8F8	48129.5	24	746	48106-48153
#FCF8F8	48130	23.5	746	48106-48153
#FCF8F8	48129.5	23	746	48106-48153
#FEFDFE	48129.5	24	747	48106-48154
#FEFDFE	48130	24.5	747	48106-48154
#FEFDFE	48130.5	24	747	48106-48154
#FEFDFE	48130	23.5	747	48106-48154
#FEFEFE	48130	24.5	748	48106-48155
#FEFEFE	48130.5	25	748	48106-48155
#FEFEFE	48131	24.5	748	48106-48155
#FEFEFE	48130.5	24	748	48106-48155
#B57069	48106.5	0	749	48107-48107
#B57069	48107	0.5	749	48107-48107
#B57069	48107.5	0	749	48107-48107
#B57069	48107	-0.5	749	48107-48107
#E0BDB9	48107	0.5	750	48107-48108
#E0BDB9	48107.5	1	750	48107-48108
#E0BDB9	48108	0.5	750	48107-48108
#E0BDB9	48107.5	0	750	48107-48108
#BE7F78	48107.5	1	751	48107-48109
#BE7F78	48108	1.5	751	48107-48109
#BE7F78	48108.5	1	751	48107-48109
#BE7F78	48108	0.5	751	48107-48109
#C28780	48108	1.5	752	48107-48110
#C28780	48108.5	2	752	48107-48110
#C28780	48109	1.5	752	48107-48110
#C28780	48108.5	1	752	48107-48110
#FAF3F2	48108.5	2	753	48107-48111
#FAF3F2	48109	2.5	753	48107-48111
#FAF3F2	48109.5	2	753	48107-48111
#FAF3F2	48109	1.5	753	48107-48111
#FEFDFD	48109	2.5	754	48107-48112
#FEFDFD	48109.5	3	754	48107-48112
#FEFDFD	48110	2.5	754	48107-48112
#FEFDFD	48109.5	2	754	48107-48112
#F3E4E2	48109.5	3	755	48107-48113
#F3E4E2	48110	3.5	755	48107-48113
#F3E4E2	48110.5	3	755	48107-48113
#F3E4E2	48110	2.5	755	48107-48113
#EFDCD9	48110	3.5	756	48107-48114
#EFDCD9	48110.5	4	756	48107-48114
#EFDCD9	48111	3.5	756	48107-48114
#EFDCD9	48110.5	3	756	48107-48114
#EFDCD9	48110.5	4	757	48107-48115
#EFDCD9	48111	4.5	757	48107-48115
#EFDCD9	48111.5	4	757	48107-48115
#EFDCD9	48111	3.5	757	48107-48115
#FBF6F5	48111	4.5	758	48107-48116
#FBF6F5	48111.5	5	758	48107-48116
#FBF6F5	48112	4.5	758	48107-48116
#FBF6F5	48111.5	4	758	48107-48116
#F5E8E6	48111.5	5	759	48107-48117
#F5E8E6	48112	5.5	759	48107-48117
#F5E8E6	48112.5	5	759	48107-48117
#F5E8E6	48112	4.5	759	48107-48117
#FFFEFE	48112	5.5	760	48107-48118
#FFFEFE	48112.5	6	760	48107-48118
#FFFEFE	48113	5.5	760	48107-48118
#FFFEFE	48112.5	5	760	48107-48118
#FFFFFF	48112.5	6	761	48107-48119
#FFFFFF	48113	6.5	761	48107-48119
#FFFFFF	48113.5	6	761	48107-48119
#FFFFFF	48113	5.5	761	48107-48119
#FDFAFA	48113	6.5	762	48107-48120
#FDFAFA	48113.5	7	762	48107-48120
#FDFAFA	48114	6.5	762	48107-48120
#FDFAFA	48113.5	6	762	48107-48120
#FCF8F8	48113.5	7	763	48107-48121
#FCF8F8	48114	7.5	763	48107-48121
#FCF8F8	48114.5	7	763	48107-48121
#FCF8F8	48114	6.5	763	48107-48121
#FCF8F7	48114	7.5	764	48107-48122
#FCF8F7	48114.5	8	764	48107-48122
#FCF8F7	48115	7.5	764	48107-48122
#FCF8F7	48114.5	7	764	48107-48122
#FEFEFD	48114.5	8	765	48107-48123
#FEFEFD	48115	8.5	765	48107-48123
#FEFEFD	48115.5	8	765	48107-48123
#FEFEFD	48115	7.5	765	48107-48123
#FCF7F7	48115	8.5	766	48107-48124
#FCF7F7	48115.5	9	766	48107-48124
#FCF7F7	48116	8.5	766	48107-48124
#FCF7F7	48115.5	8	766	48107-48124
#FAF2F1	48115.5	9	767	48107-48125
#FAF2F1	48116	9.5	767	48107-48125
#FAF2F1	48116.5	9	767	48107-48125
#FAF2F1	48116	8.5	767	48107-48125
#FAF3F2	48116	9.5	768	48107-48126
#FAF3F2	48116.5	10	768	48107-48126
#FAF3F2	48117	9.5	768	48107-48126
#FAF3F2	48116.5	9	768	48107-48126
#FCF8F7	48116.5	10	769	48107-48127
#FCF8F7	48117	10.5	769	48107-48127
#FCF8F7	48117.5	10	769	48107-48127
#FCF8F7	48117	9.5	769	48107-48127
#FAF3F2	48117	10.5	770	48107-48128
#FAF3F2	48117.5	11	770	48107-48128
#FAF3F2	48118	10.5	770	48107-48128
#FAF3F2	48117.5	10	770	48107-48128
#FAF2F1	48117.5	11	771	48107-48129
#FAF2F1	48118	11.5	771	48107-48129
#FAF2F1	48118.5	11	771	48107-48129
#FAF2F1	48118	10.5	771	48107-48129
#FBF5F5	48118	11.5	772	48107-48130
#FBF5F5	48118.5	12	772	48107-48130
#FBF5F5	48119	11.5	772	48107-48130
#FBF5F5	48118.5	11	772	48107-48130
#F9F1EF	48118.5	12	773	48107-48131
#F9F1EF	48119	12.5	773	48107-48131
#F9F1EF	48119.5	12	773	48107-48131
#F9F1EF	48119	11.5	773	48107-48131
#EDD6D3	48119	12.5	774	48107-48132
#EDD6D3	48119.5	13	774	48107-48132
#EDD6D3	48120	12.5	774	48107-48132
#EDD6D3	48119.5	12	774	48107-48132
#E9CECB	48119.5	13	775	48107-48133
#E9CECB	48120	13.5	775	48107-48133
#E9CECB	48120.5	13	775	48107-48133
#E9CECB	48120	12.5	775	48107-48133
#F0DDDB	48120	13.5	776	48107-48134
#F0DDDB	48120.5	14	776	48107-48134
#F0DDDB	48121	13.5	776	48107-48134
#F0DDDB	48120.5	13	776	48107-48134
#F5E8E7	48120.5	14	777	48107-48135
#F5E8E7	48121	14.5	777	48107-48135
#F5E8E7	48121.5	14	777	48107-48135
#F5E8E7	48121	13.5	777	48107-48135
#FAF4F3	48121	14.5	778	48107-48136
#FAF4F3	48121.5	15	778	48107-48136
#FAF4F3	48122	14.5	778	48107-48136
#FAF4F3	48121.5	14	778	48107-48136
#FDFAFA	48121.5	15	779	48107-48137
#FDFAFA	48122	15.5	779	48107-48137
#FDFAFA	48122.5	15	779	48107-48137
#FDFAFA	48122	14.5	779	48107-48137
#FAF2F1	48122	15.5	780	48107-48138
#FAF2F1	48122.5	16	780	48107-48138
#FAF2F1	48123	15.5	780	48107-48138
#FAF2F1	48122.5	15	780	48107-48138
#FBF5F4	48122.5	16	781	48107-48139
#FBF5F4	48123	16.5	781	48107-48139
#FBF5F4	48123.5	16	781	48107-48139
#FBF5F4	48123	15.5	781	48107-48139
#EFDBD8	48123	16.5	782	48107-48140
#EFDBD8	48123.5	17	782	48107-48140
#EFDBD8	48124	16.5	782	48107-48140
#EFDBD8	48123.5	16	782	48107-48140
#F3E4E2	48123.5	17	783	48107-48141
#F3E4E2	48124	17.5	783	48107-48141
#F3E4E2	48124.5	17	783	48107-48141
#F3E4E2	48124	16.5	783	48107-48141
#F8F0EF	48124	17.5	784	48107-48142
#F8F0EF	48124.5	18	784	48107-48142
#F8F0EF	48125	17.5	784	48107-48142
#F8F0EF	48124.5	17	784	48107-48142
#F4E7E5	48124.5	18	785	48107-48143
#F4E7E5	48125	18.5	785	48107-48143
#F4E7E5	48125.5	18	785	48107-48143
#F4E7E5	48125	17.5	785	48107-48143
#F3E3E1	48125	18.5	786	48107-48144
#F3E3E1	48125.5	19	786	48107-48144
#F3E3E1	48126	18.5	786	48107-48144
#F3E3E1	48125.5	18	786	48107-48144
#FEFCFC	48125.5	19	787	48107-48145
#FEFCFC	48126	19.5	787	48107-48145
#FEFCFC	48126.5	19	787	48107-48145
#FEFCFC	48126	18.5	787	48107-48145
#F6EBEA	48126	19.5	788	48107-48146
#F6EBEA	48126.5	20	788	48107-48146
#F6EBEA	48127	19.5	788	48107-48146
#F6EBEA	48126.5	19	788	48107-48146
#FBF6F5	48126.5	20	789	48107-48147
#FBF6F5	48127	20.5	789	48107-48147
#FBF6F5	48127.5	20	789	48107-48147
#FBF6F5	48127	19.5	789	48107-48147
#FDFBFB	48127	20.5	790	48107-48148
#FDFBFB	48127.5	21	790	48107-48148
#FDFBFB	48128	20.5	790	48107-48148
#FDFBFB	48127.5	20	790	48107-48148
#FEFCFC	48127.5	21	791	48107-48149
#FEFCFC	48128	21.5	791	48107-48149
#FEFCFC	48128.5	21	791	48107-48149
#FEFCFC	48128	20.5	791	48107-48149
#FDFAFA	48128	21.5	792	48107-48150
#FDFAFA	48128.5	22	792	48107-48150
#FDFAFA	48129	21.5	792	48107-48150
#FDFAFA	48128.5	21	792	48107-48150
#FDFAFA	48128.5	22	793	48107-48151
#FDFAFA	48129	22.5	793	48107-48151
#FDFAFA	48129.5	22	793	48107-48151
#FDFAFA	48129	21.5	793	48107-48151
#FDFAFA	48129	22.5	794	48107-48152
#FDFAFA	48129.5	23	794	48107-48152
#FDFAFA	48130	22.5	794	48107-48152
#FDFAFA	48129.5	22	794	48107-48152
#FEFEFE	48129.5	23	795	48107-48153
#FEFEFE	48130	23.5	795	48107-48153
#FEFEFE	48130.5	23	795	48107-48153
#FEFEFE	48130	22.5	795	48107-48153
#FBFAFD	48130	23.5	796	48107-48154
#FBFAFD	48130.5	24	796	48107-48154
#FBFAFD	48131	23.5	796	48107-48154
#FBFAFD	48130.5	23	796	48107-48154
#FEFCFC	48130.5	24	797	48107-48155
#FEFCFC	48131	24.5	797	48107-48155
#FEFCFC	48131.5	24	797	48107-48155
#FEFCFC	48131	23.5	797	48107-48155
#F9F8FC	48131	24.5	798	48107-48156
#F9F8FC	48131.5	25	798	48107-48156
#F9F8FC	48132	24.5	798	48107-48156
#F9F8FC	48131.5	24	798	48107-48156
#BE7F78	48107.5	0	799	48108-48108
#BE7F78	48108	0.5	799	48108-48108
#BE7F78	48108.5	0	799	48108-48108
#BE7F78	48108	-0.5	799	48108-48108
#E6C9C5	48108	0.5	800	48108-48109
#E6C9C5	48108.5	1	800	48108-48109
#E6C9C5	48109	0.5	800	48108-48109
#E6C9C5	48108.5	0	800	48108-48109
#E5C7C3	48108.5	1	801	48108-48110
#E5C7C3	48109	1.5	801	48108-48110
#E5C7C3	48109.5	1	801	48108-48110
#E5C7C3	48109	0.5	801	48108-48110
#FCF8F7	48109	1.5	802	48108-48111
#FCF8F7	48109.5	2	802	48108-48111
#FCF8F7	48110	1.5	802	48108-48111
#FCF8F7	48109.5	1	802	48108-48111
#FAF4F4	48109.5	2	803	48108-48112
#FAF4F4	48110	2.5	803	48108-48112
#FAF4F4	48110.5	2	803	48108-48112
#FAF4F4	48110	1.5	803	48108-48112
#FAF3F2	48110	2.5	804	48108-48113
#FAF3F2	48110.5	3	804	48108-48113
#FAF3F2	48111	2.5	804	48108-48113
#FAF3F2	48110.5	2	804	48108-48113
#F3E3E1	48110.5	3	805	48108-48114
#F3E3E1	48111	3.5	805	48108-48114
#F3E3E1	48111.5	3	805	48108-48114
#F3E3E1	48111	2.5	805	48108-48114
#E5C7C4	48111	3.5	806	48108-48115
#E5C7C4	48111.5	4	806	48108-48115
#E5C7C4	48112	3.5	806	48108-48115
#E5C7C4	48111.5	3	806	48108-48115
#FDFAFA	48111.5	4	807	48108-48116
#FDFAFA	48112	4.5	807	48108-48116
#FDFAFA	48112.5	4	807	48108-48116
#FDFAFA	48112	3.5	807	48108-48116
#FCF7F7	48112	4.5	808	48108-48117
#FCF7F7	48112.5	5	808	48108-48117
#FCF7F7	48113	4.5	808	48108-48117
#FCF7F7	48112.5	4	808	48108-48117
#FFFEFE	48112.5	5	809	48108-48118
#FFFEFE	48113	5.5	809	48108-48118
#FFFEFE	48113.5	5	809	48108-48118
#FFFEFE	48113	4.5	809	48108-48118
#FDFCFE	48113	5.5	810	48108-48119
#FDFCFE	48113.5	6	810	48108-48119
#FDFCFE	48114	5.5	810	48108-48119
#FDFCFE	48113.5	5	810	48108-48119
#FCF8F8	48113.5	6	811	48108-48120
#FCF8F8	48114	6.5	811	48108-48120
#FCF8F8	48114.5	6	811	48108-48120
#FCF8F8	48114	5.5	811	48108-48120
#FCF8F7	48114	6.5	812	48108-48121
#FCF8F7	48114.5	7	812	48108-48121
#FCF8F7	48115	6.5	812	48108-48121
#FCF8F7	48114.5	6	812	48108-48121
#F8EFEE	48114.5	7	813	48108-48122
#F8EFEE	48115	7.5	813	48108-48122
#F8EFEE	48115.5	7	813	48108-48122
#F8EFEE	48115	6.5	813	48108-48122
#FBF6F5	48115	7.5	814	48108-48123
#FBF6F5	48115.5	8	814	48108-48123
#FBF6F5	48116	7.5	814	48108-48123
#FBF6F5	48115.5	7	814	48108-48123
#F8F0EF	48115.5	8	815	48108-48124
#F8F0EF	48116	8.5	815	48108-48124
#F8F0EF	48116.5	8	815	48108-48124
#F8F0EF	48116	7.5	815	48108-48124
#FBF6F5	48116	8.5	816	48108-48125
#FBF6F5	48116.5	9	816	48108-48125
#FBF6F5	48117	8.5	816	48108-48125
#FBF6F5	48116.5	8	816	48108-48125
#F8EEED	48116.5	9	817	48108-48126
#F8EEED	48117	9.5	817	48108-48126
#F8EEED	48117.5	9	817	48108-48126
#F8EEED	48117	8.5	817	48108-48126
#FCF8F7	48117	9.5	818	48108-48127
#FCF8F7	48117.5	10	818	48108-48127
#FCF8F7	48118	9.5	818	48108-48127
#FCF8F7	48117.5	9	818	48108-48127
#FCF8F7	48117.5	10	819	48108-48128
#FCF8F7	48118	10.5	819	48108-48128
#FCF8F7	48118.5	10	819	48108-48128
#FCF8F7	48118	9.5	819	48108-48128
#F3E4E2	48118	10.5	820	48108-48129
#F3E4E2	48118.5	11	820	48108-48129
#F3E4E2	48119	10.5	820	48108-48129
#F3E4E2	48118.5	10	820	48108-48129
#FEFDFD	48118.5	11	821	48108-48130
#FEFDFD	48119	11.5	821	48108-48130
#FEFDFD	48119.5	11	821	48108-48130
#FEFDFD	48119	10.5	821	48108-48130
#F1DFDD	48119	11.5	822	48108-48131
#F1DFDD	48119.5	12	822	48108-48131
#F1DFDD	48120	11.5	822	48108-48131
#F1DFDD	48119.5	11	822	48108-48131
#EED9D6	48119.5	12	823	48108-48132
#EED9D6	48120	12.5	823	48108-48132
#EED9D6	48120.5	12	823	48108-48132
#EED9D6	48120	11.5	823	48108-48132
#E6C8C4	48120	12.5	824	48108-48133
#E6C8C4	48120.5	13	824	48108-48133
#E6C8C4	48121	12.5	824	48108-48133
#E6C8C4	48120.5	12	824	48108-48133
#ECD4D1	48120.5	13	825	48108-48134
#ECD4D1	48121	13.5	825	48108-48134
#ECD4D1	48121.5	13	825	48108-48134
#ECD4D1	48121	12.5	825	48108-48134
#F9F1F0	48121	13.5	826	48108-48135
#F9F1F0	48121.5	14	826	48108-48135
#F9F1F0	48122	13.5	826	48108-48135
#F9F1F0	48121.5	13	826	48108-48135
#FEFCFC	48121.5	14	827	48108-48136
#FEFCFC	48122	14.5	827	48108-48136
#FEFCFC	48122.5	14	827	48108-48136
#FEFCFC	48122	13.5	827	48108-48136
#FDF9F9	48122	14.5	828	48108-48137
#FDF9F9	48122.5	15	828	48108-48137
#FDF9F9	48123	14.5	828	48108-48137
#FDF9F9	48122.5	14	828	48108-48137
#F9F1F0	48122.5	15	829	48108-48138
#F9F1F0	48123	15.5	829	48108-48138
#F9F1F0	48123.5	15	829	48108-48138
#F9F1F0	48123	14.5	829	48108-48138
#F9F2F1	48123	15.5	830	48108-48139
#F9F2F1	48123.5	16	830	48108-48139
#F9F2F1	48124	15.5	830	48108-48139
#F9F2F1	48123.5	15	830	48108-48139
#F0DDDA	48123.5	16	831	48108-48140
#F0DDDA	48124	16.5	831	48108-48140
#F0DDDA	48124.5	16	831	48108-48140
#F0DDDA	48124	15.5	831	48108-48140
#EDD7D5	48124	16.5	832	48108-48141
#EDD7D5	48124.5	17	832	48108-48141
#EDD7D5	48125	16.5	832	48108-48141
#EDD7D5	48124.5	16	832	48108-48141
#F7ECEB	48124.5	17	833	48108-48142
#F7ECEB	48125	17.5	833	48108-48142
#F7ECEB	48125.5	17	833	48108-48142
#F7ECEB	48125	16.5	833	48108-48142
#FAF2F1	48125	17.5	834	48108-48143
#FAF2F1	48125.5	18	834	48108-48143
#FAF2F1	48126	17.5	834	48108-48143
#FAF2F1	48125.5	17	834	48108-48143
#EED9D6	48125.5	18	835	48108-48144
#EED9D6	48126	18.5	835	48108-48144
#EED9D6	48126.5	18	835	48108-48144
#EED9D6	48126	17.5	835	48108-48144
#F2E1DE	48126	18.5	836	48108-48145
#F2E1DE	48126.5	19	836	48108-48145
#F2E1DE	48127	18.5	836	48108-48145
#F2E1DE	48126.5	18	836	48108-48145
#F7EDEC	48126.5	19	837	48108-48146
#F7EDEC	48127	19.5	837	48108-48146
#F7EDEC	48127.5	19	837	48108-48146
#F7EDEC	48127	18.5	837	48108-48146
#FCF7F7	48127	19.5	838	48108-48147
#FCF7F7	48127.5	20	838	48108-48147
#FCF7F7	48128	19.5	838	48108-48147
#FCF7F7	48127.5	19	838	48108-48147
#F5E8E6	48127.5	20	839	48108-48148
#F5E8E6	48128	20.5	839	48108-48148
#F5E8E6	48128.5	20	839	48108-48148
#F5E8E6	48128	19.5	839	48108-48148
#F9F0EF	48128	20.5	840	48108-48149
#F9F0EF	48128.5	21	840	48108-48149
#F9F0EF	48129	20.5	840	48108-48149
#F9F0EF	48128.5	20	840	48108-48149
#FCF7F6	48128.5	21	841	48108-48150
#FCF7F6	48129	21.5	841	48108-48150
#FCF7F6	48129.5	21	841	48108-48150
#FCF7F6	48129	20.5	841	48108-48150
#FDFBFA	48129	21.5	842	48108-48151
#FDFBFA	48129.5	22	842	48108-48151
#FDFBFA	48130	21.5	842	48108-48151
#FDFBFA	48129.5	21	842	48108-48151
#FBF7F6	48129.5	22	843	48108-48152
#FBF7F6	48130	22.5	843	48108-48152
#FBF7F6	48130.5	22	843	48108-48152
#FBF7F6	48130	21.5	843	48108-48152
#FBF6F6	48130	22.5	844	48108-48153
#FBF6F6	48130.5	23	844	48108-48153
#FBF6F6	48131	22.5	844	48108-48153
#FBF6F6	48130.5	22	844	48108-48153
#FEFEFF	48130.5	23	845	48108-48154
#FEFEFF	48131	23.5	845	48108-48154
#FEFEFF	48131.5	23	845	48108-48154
#FEFEFF	48131	22.5	845	48108-48154
#FFFEFF	48131	23.5	846	48108-48155
#FFFEFF	48131.5	24	846	48108-48155
#FFFEFF	48132	23.5	846	48108-48155
#FFFEFF	48131.5	23	846	48108-48155
#FBF6F6	48131.5	24	847	48108-48156
#FBF6F6	48132	24.5	847	48108-48156
#FBF6F6	48132.5	24	847	48108-48156
#FBF6F6	48132	23.5	847	48108-48156
#FFFEFE	48132	24.5	848	48108-48157
#FFFEFE	48132.5	25	848	48108-48157
#FFFEFE	48133	24.5	848	48108-48157
#FFFEFE	48132.5	24	848	48108-48157
#BF817A	48108.5	0	849	48109-48109
#BF817A	48109	0.5	849	48109-48109
#BF817A	48109.5	0	849	48109-48109
#BF817A	48109	-0.5	849	48109-48109
#E6C9C6	48109	0.5	850	48109-48110
#E6C9C6	48109.5	1	850	48109-48110
#E6C9C6	48110	0.5	850	48109-48110
#E6C9C6	48109.5	0	850	48109-48110
#F7ECEB	48109.5	1	851	48109-48111
#F7ECEB	48110	1.5	851	48109-48111
#F7ECEB	48110.5	1	851	48109-48111
#F7ECEB	48110	0.5	851	48109-48111
#EED9D7	48110	1.5	852	48109-48112
#EED9D7	48110.5	2	852	48109-48112
#EED9D7	48111	1.5	852	48109-48112
#EED9D7	48110.5	1	852	48109-48112
#F3E3E1	48110.5	2	853	48109-48113
#F3E3E1	48111	2.5	853	48109-48113
#F3E3E1	48111.5	2	853	48109-48113
#F3E3E1	48111	1.5	853	48109-48113
#E2C2BD	48111	2.5	854	48109-48114
#E2C2BD	48111.5	3	854	48109-48114
#E2C2BD	48112	2.5	854	48109-48114
#E2C2BD	48111.5	2	854	48109-48114
#E1BFBB	48111.5	3	855	48109-48115
#E1BFBB	48112	3.5	855	48109-48115
#E1BFBB	48112.5	3	855	48109-48115
#E1BFBB	48112	2.5	855	48109-48115
#F8EEED	48112	3.5	856	48109-48116
#F8EEED	48112.5	4	856	48109-48116
#F8EEED	48113	3.5	856	48109-48116
#F8EEED	48112.5	3	856	48109-48116
#F4E6E4	48112.5	4	857	48109-48117
#F4E6E4	48113	4.5	857	48109-48117
#F4E6E4	48113.5	4	857	48109-48117
#F4E6E4	48113	3.5	857	48109-48117
#FBF6F5	48113	4.5	858	48109-48118
#FBF6F5	48113.5	5	858	48109-48118
#FBF6F5	48114	4.5	858	48109-48118
#FBF6F5	48113.5	4	858	48109-48118
#F9F2F1	48113.5	5	859	48109-48119
#F9F2F1	48114	5.5	859	48109-48119
#F9F2F1	48114.5	5	859	48109-48119
#F9F2F1	48114	4.5	859	48109-48119
#FDFDFE	48114	5.5	860	48109-48120
#FDFDFE	48114.5	6	860	48109-48120
#FDFDFE	48115	5.5	860	48109-48120
#FDFDFE	48114.5	5	860	48109-48120
#FFFFFF	48114.5	6	861	48109-48121
#FFFFFF	48115	6.5	861	48109-48121
#FFFFFF	48115.5	6	861	48109-48121
#FFFFFF	48115	5.5	861	48109-48121
#FFFFFF	48115	6.5	862	48109-48122
#FFFFFF	48115.5	7	862	48109-48122
#FFFFFF	48116	6.5	862	48109-48122
#FFFFFF	48115.5	6	862	48109-48122
#FDFDFE	48115.5	7	863	48109-48123
#FDFDFE	48116	7.5	863	48109-48123
#FDFDFE	48116.5	7	863	48109-48123
#FDFDFE	48116	6.5	863	48109-48123
#FBF6F5	48116	7.5	864	48109-48124
#FBF6F5	48116.5	8	864	48109-48124
#FBF6F5	48117	7.5	864	48109-48124
#FBF6F5	48116.5	7	864	48109-48124
#FFFFFF	48116.5	8	865	48109-48125
#FFFFFF	48117	8.5	865	48109-48125
#FFFFFF	48117.5	8	865	48109-48125
#FFFFFF	48117	7.5	865	48109-48125
#FCF7F7	48117	8.5	866	48109-48126
#FCF7F7	48117.5	9	866	48109-48126
#FCF7F7	48118	8.5	866	48109-48126
#FCF7F7	48117.5	8	866	48109-48126
#F8EFEE	48117.5	9	867	48109-48127
#F8EFEE	48118	9.5	867	48109-48127
#F8EFEE	48118.5	9	867	48109-48127
#F8EFEE	48118	8.5	867	48109-48127
#F9F1F0	48118	9.5	868	48109-48128
#F9F1F0	48118.5	10	868	48109-48128
#F9F1F0	48119	9.5	868	48109-48128
#F9F1F0	48118.5	9	868	48109-48128
#FBF5F5	48118.5	10	869	48109-48129
#FBF5F5	48119	10.5	869	48109-48129
#FBF5F5	48119.5	10	869	48109-48129
#FBF5F5	48119	9.5	869	48109-48129
#FCF7F7	48119	10.5	870	48109-48130
#FCF7F7	48119.5	11	870	48109-48130
#FCF7F7	48120	10.5	870	48109-48130
#FCF7F7	48119.5	10	870	48109-48130
#F7ECEA	48119.5	11	871	48109-48131
#F7ECEA	48120	11.5	871	48109-48131
#F7ECEA	48120.5	11	871	48109-48131
#F7ECEA	48120	10.5	871	48109-48131
#FBF6F5	48120	11.5	872	48109-48132
#FBF6F5	48120.5	12	872	48109-48132
#FBF6F5	48121	11.5	872	48109-48132
#FBF6F5	48120.5	11	872	48109-48132
#F0DEDB	48120.5	12	873	48109-48133
#F0DEDB	48121	12.5	873	48109-48133
#F0DEDB	48121.5	12	873	48109-48133
#F0DEDB	48121	11.5	873	48109-48133
#F5E9E7	48121	12.5	874	48109-48134
#F5E9E7	48121.5	13	874	48109-48134
#F5E9E7	48122	12.5	874	48109-48134
#F5E9E7	48121.5	12	874	48109-48134
#F9F1EF	48121.5	13	875	48109-48135
#F9F1EF	48122	13.5	875	48109-48135
#F9F1EF	48122.5	13	875	48109-48135
#F9F1EF	48122	12.5	875	48109-48135
#FCF9F9	48122	13.5	876	48109-48136
#FCF9F9	48122.5	14	876	48109-48136
#FCF9F9	48123	13.5	876	48109-48136
#FCF9F9	48122.5	13	876	48109-48136
#F1E0DE	48122.5	14	877	48109-48137
#F1E0DE	48123	14.5	877	48109-48137
#F1E0DE	48123.5	14	877	48109-48137
#F1E0DE	48123	13.5	877	48109-48137
#FAF3F2	48123	14.5	878	48109-48138
#FAF3F2	48123.5	15	878	48109-48138
#FAF3F2	48124	14.5	878	48109-48138
#FAF3F2	48123.5	14	878	48109-48138
#F3E4E2	48123.5	15	879	48109-48139
#F3E4E2	48124	15.5	879	48109-48139
#F3E4E2	48124.5	15	879	48109-48139
#F3E4E2	48124	14.5	879	48109-48139
#F6EBE9	48124	15.5	880	48109-48140
#F6EBE9	48124.5	16	880	48109-48140
#F6EBE9	48125	15.5	880	48109-48140
#F6EBE9	48124.5	15	880	48109-48140
#F2E1DF	48124.5	16	881	48109-48141
#F2E1DF	48125	16.5	881	48109-48141
#F2E1DF	48125.5	16	881	48109-48141
#F2E1DF	48125	15.5	881	48109-48141
#FBF6F5	48125	16.5	882	48109-48142
#FBF6F5	48125.5	17	882	48109-48142
#FBF6F5	48126	16.5	882	48109-48142
#FBF6F5	48125.5	16	882	48109-48142
#F4E6E4	48125.5	17	883	48109-48143
#F4E6E4	48126	17.5	883	48109-48143
#F4E6E4	48126.5	17	883	48109-48143
#F4E6E4	48126	16.5	883	48109-48143
#FCF8F7	48126	17.5	884	48109-48144
#FCF8F7	48126.5	18	884	48109-48144
#FCF8F7	48127	17.5	884	48109-48144
#FCF8F7	48126.5	17	884	48109-48144
#F7ECEA	48126.5	18	885	48109-48145
#F7ECEA	48127	18.5	885	48109-48145
#F7ECEA	48127.5	18	885	48109-48145
#F7ECEA	48127	17.5	885	48109-48145
#F7ECEB	48127	18.5	886	48109-48146
#F7ECEB	48127.5	19	886	48109-48146
#F7ECEB	48128	18.5	886	48109-48146
#F7ECEB	48127.5	18	886	48109-48146
#FDFAF9	48127.5	19	887	48109-48147
#FDFAF9	48128	19.5	887	48109-48147
#FDFAF9	48128.5	19	887	48109-48147
#FDFAF9	48128	18.5	887	48109-48147
#FCF8F8	48128	19.5	888	48109-48148
#FCF8F8	48128.5	20	888	48109-48148
#FCF8F8	48129	19.5	888	48109-48148
#FCF8F8	48128.5	19	888	48109-48148
#FEFDFD	48128.5	20	889	48109-48149
#FEFDFD	48129	20.5	889	48109-48149
#FEFDFD	48129.5	20	889	48109-48149
#FEFDFD	48129	19.5	889	48109-48149
#FFFFFF	48129	20.5	890	48109-48150
#FFFFFF	48129.5	21	890	48109-48150
#FFFFFF	48130	20.5	890	48109-48150
#FFFFFF	48129.5	20	890	48109-48150
#FCF8F8	48129.5	21	891	48109-48151
#FCF8F8	48130	21.5	891	48109-48151
#FCF8F8	48130.5	21	891	48109-48151
#FCF8F8	48130	20.5	891	48109-48151
#FBF5F4	48130	21.5	892	48109-48152
#FBF5F4	48130.5	22	892	48109-48152
#FBF5F4	48131	21.5	892	48109-48152
#FBF5F4	48130.5	21	892	48109-48152
#FEFDFD	48130.5	22	893	48109-48153
#FEFDFD	48131	22.5	893	48109-48153
#FEFDFD	48131.5	22	893	48109-48153
#FEFDFD	48131	21.5	893	48109-48153
#FDFDFE	48131	22.5	894	48109-48154
#FDFDFE	48131.5	23	894	48109-48154
#FDFDFE	48132	22.5	894	48109-48154
#FDFDFE	48131.5	22	894	48109-48154
#FCF9F8	48131.5	23	895	48109-48155
#FCF9F8	48132	23.5	895	48109-48155
#FCF9F8	48132.5	23	895	48109-48155
#FCF9F8	48132	22.5	895	48109-48155
#FFFEFE	48132	23.5	896	48109-48156
#FFFEFE	48132.5	24	896	48109-48156
#FFFEFE	48133	23.5	896	48109-48156
#FFFEFE	48132.5	23	896	48109-48156
#FEFCFC	48132.5	24	897	48109-48157
#FEFCFC	48133	24.5	897	48109-48157
#FEFCFC	48133.5	24	897	48109-48157
#FEFCFC	48133	23.5	897	48109-48157
#FFFFFF	48133	24.5	898	48109-48158
#FFFFFF	48133.5	25	898	48109-48158
#FFFFFF	48134	24.5	898	48109-48158
#FFFFFF	48133.5	24	898	48109-48158
#CF9D97	48109.5	0	899	48110-48110
#CF9D97	48110	0.5	899	48110-48110
#CF9D97	48110.5	0	899	48110-48110
#CF9D97	48110	-0.5	899	48110-48110
#F0DDDB	48110	0.5	900	48110-48111
#F0DDDB	48110.5	1	900	48110-48111
#F0DDDB	48111	0.5	900	48110-48111
#F0DDDB	48110.5	0	900	48110-48111
#F4E5E3	48110.5	1	901	48110-48112
#F4E5E3	48111	1.5	901	48110-48112
#F4E5E3	48111.5	1	901	48110-48112
#F4E5E3	48111	0.5	901	48110-48112
#ECD5D2	48111	1.5	902	48110-48113
#ECD5D2	48111.5	2	902	48110-48113
#ECD5D2	48112	1.5	902	48110-48113
#ECD5D2	48111.5	1	902	48110-48113
#DBB4AE	48111.5	2	903	48110-48114
#DBB4AE	48112	2.5	903	48110-48114
#DBB4AE	48112.5	2	903	48110-48114
#DBB4AE	48112	1.5	903	48110-48114
#E9CECB	48112	2.5	904	48110-48115
#E9CECB	48112.5	3	904	48110-48115
#E9CECB	48113	2.5	904	48110-48115
#E9CECB	48112.5	2	904	48110-48115
#FFFEFE	48112.5	3	905	48110-48116
#FFFEFE	48113	3.5	905	48110-48116
#FFFEFE	48113.5	3	905	48110-48116
#FFFEFE	48113	2.5	905	48110-48116
#FAF4F3	48113	3.5	906	48110-48117
#FAF4F3	48113.5	4	906	48110-48117
#FAF4F3	48114	3.5	906	48110-48117
#FAF4F3	48113.5	3	906	48110-48117
#FFFEFE	48113.5	4	907	48110-48118
#FFFEFE	48114	4.5	907	48110-48118
#FFFEFE	48114.5	4	907	48110-48118
#FFFEFE	48114	3.5	907	48110-48118
#FAF4F4	48114	4.5	908	48110-48119
#FAF4F4	48114.5	5	908	48110-48119
#FAF4F4	48115	4.5	908	48110-48119
#FAF4F4	48114.5	4	908	48110-48119
#FEFEFF	48114.5	5	909	48110-48120
#FEFEFF	48115	5.5	909	48110-48120
#FEFEFF	48115.5	5	909	48110-48120
#FEFEFF	48115	4.5	909	48110-48120
#FCFBFD	48115	5.5	910	48110-48121
#FCFBFD	48115.5	6	910	48110-48121
#FCFBFD	48116	5.5	910	48110-48121
#FCFBFD	48115.5	5	910	48110-48121
#FDFCFE	48115.5	6	911	48110-48122
#FDFCFE	48116	6.5	911	48110-48122
#FDFCFE	48116.5	6	911	48110-48122
#FDFCFE	48116	5.5	911	48110-48122
#FFFFFF	48116	6.5	912	48110-48123
#FFFFFF	48116.5	7	912	48110-48123
#FFFFFF	48117	6.5	912	48110-48123
#FFFFFF	48116.5	6	912	48110-48123
#FCF8F8	48116.5	7	913	48110-48124
#FCF8F8	48117	7.5	913	48110-48124
#FCF8F8	48117.5	7	913	48110-48124
#FCF8F8	48117	6.5	913	48110-48124
#FAF9FC	48117	7.5	914	48110-48125
#FAF9FC	48117.5	8	914	48110-48125
#FAF9FC	48118	7.5	914	48110-48125
#FAF9FC	48117.5	7	914	48110-48125
#FEFDFE	48117.5	8	915	48110-48126
#FEFDFE	48118	8.5	915	48110-48126
#FEFDFE	48118.5	8	915	48110-48126
#FEFDFE	48118	7.5	915	48110-48126
#FDFBFB	48118	8.5	916	48110-48127
#FDFBFB	48118.5	9	916	48110-48127
#FDFBFB	48119	8.5	916	48110-48127
#FDFBFB	48118.5	8	916	48110-48127
#FDF9F9	48118.5	9	917	48110-48128
#FDF9F9	48119	9.5	917	48110-48128
#FDF9F9	48119.5	9	917	48110-48128
#FDF9F9	48119	8.5	917	48110-48128
#F8EEED	48119	9.5	918	48110-48129
#F8EEED	48119.5	10	918	48110-48129
#F8EEED	48120	9.5	918	48110-48129
#F8EEED	48119.5	9	918	48110-48129
#FEFDFD	48119.5	10	919	48110-48130
#FEFDFD	48120	10.5	919	48110-48130
#FEFDFD	48120.5	10	919	48110-48130
#FEFDFD	48120	9.5	919	48110-48130
#FDFBFB	48120	10.5	920	48110-48131
#FDFBFB	48120.5	11	920	48110-48131
#FDFBFB	48121	10.5	920	48110-48131
#FDFBFB	48120.5	10	920	48110-48131
#F8EFEE	48120.5	11	921	48110-48132
#F8EFEE	48121	11.5	921	48110-48132
#F8EFEE	48121.5	11	921	48110-48132
#F8EFEE	48121	10.5	921	48110-48132
#F2E2DF	48121	11.5	922	48110-48133
#F2E2DF	48121.5	12	922	48110-48133
#F2E2DF	48122	11.5	922	48110-48133
#F2E2DF	48121.5	11	922	48110-48133
#F3E3E1	48121.5	12	923	48110-48134
#F3E3E1	48122	12.5	923	48110-48134
#F3E3E1	48122.5	12	923	48110-48134
#F3E3E1	48122	11.5	923	48110-48134
#FEFEFE	48122	12.5	924	48110-48135
#FEFEFE	48122.5	13	924	48110-48135
#FEFEFE	48123	12.5	924	48110-48135
#FEFEFE	48122.5	12	924	48110-48135
#F7EDEB	48122.5	13	925	48110-48136
#F7EDEB	48123	13.5	925	48110-48136
#F7EDEB	48123.5	13	925	48110-48136
#F7EDEB	48123	12.5	925	48110-48136
#FCF9F8	48123	13.5	926	48110-48137
#FCF9F8	48123.5	14	926	48110-48137
#FCF9F8	48124	13.5	926	48110-48137
#FCF9F8	48123.5	13	926	48110-48137
#F6EAE8	48123.5	14	927	48110-48138
#F6EAE8	48124	14.5	927	48110-48138
#F6EAE8	48124.5	14	927	48110-48138
#F6EAE8	48124	13.5	927	48110-48138
#F1DFDD	48124	14.5	928	48110-48139
#F1DFDD	48124.5	15	928	48110-48139
#F1DFDD	48125	14.5	928	48110-48139
#F1DFDD	48124.5	14	928	48110-48139
#FAF2F1	48124.5	15	929	48110-48140
#FAF2F1	48125	15.5	929	48110-48140
#FAF2F1	48125.5	15	929	48110-48140
#FAF2F1	48125	14.5	929	48110-48140
#F5E8E6	48125	15.5	930	48110-48141
#F5E8E6	48125.5	16	930	48110-48141
#F5E8E6	48126	15.5	930	48110-48141
#F5E8E6	48125.5	15	930	48110-48141
#F9F0EF	48125.5	16	931	48110-48142
#F9F0EF	48126	16.5	931	48110-48142
#F9F0EF	48126.5	16	931	48110-48142
#F9F0EF	48126	15.5	931	48110-48142
#F4E5E3	48126	16.5	932	48110-48143
#F4E5E3	48126.5	17	932	48110-48143
#F4E5E3	48127	16.5	932	48110-48143
#F4E5E3	48126.5	16	932	48110-48143
#F8EFED	48126.5	17	933	48110-48144
#F8EFED	48127	17.5	933	48110-48144
#F8EFED	48127.5	17	933	48110-48144
#F8EFED	48127	16.5	933	48110-48144
#F4E6E4	48127	17.5	934	48110-48145
#F4E6E4	48127.5	18	934	48110-48145
#F4E6E4	48128	17.5	934	48110-48145
#F4E6E4	48127.5	17	934	48110-48145
#F3E4E2	48127.5	18	935	48110-48146
#F3E4E2	48128	18.5	935	48110-48146
#F3E4E2	48128.5	18	935	48110-48146
#F3E4E2	48128	17.5	935	48110-48146
#FBF6F6	48128	18.5	936	48110-48147
#FBF6F6	48128.5	19	936	48110-48147
#FBF6F6	48129	18.5	936	48110-48147
#FBF6F6	48128.5	18	936	48110-48147
#FCF8F7	48128.5	19	937	48110-48148
#FCF8F7	48129	19.5	937	48110-48148
#FCF8F7	48129.5	19	937	48110-48148
#FCF8F7	48129	18.5	937	48110-48148
#FEFCFC	48129	19.5	938	48110-48149
#FEFCFC	48129.5	20	938	48110-48149
#FEFCFC	48130	19.5	938	48110-48149
#FEFCFC	48129.5	19	938	48110-48149
#FEFDFD	48129.5	20	939	48110-48150
#FEFDFD	48130	20.5	939	48110-48150
#FEFDFD	48130.5	20	939	48110-48150
#FEFDFD	48130	19.5	939	48110-48150
#FBF6F6	48130	20.5	940	48110-48151
#FBF6F6	48130.5	21	940	48110-48151
#FBF6F6	48131	20.5	940	48110-48151
#FBF6F6	48130.5	20	940	48110-48151
#FFFEFE	48130.5	21	941	48110-48152
#FFFEFE	48131	21.5	941	48110-48152
#FFFEFE	48131.5	21	941	48110-48152
#FFFEFE	48131	20.5	941	48110-48152
#FDFBFB	48131	21.5	942	48110-48153
#FDFBFB	48131.5	22	942	48110-48153
#FDFBFB	48132	21.5	942	48110-48153
#FDFBFB	48131.5	21	942	48110-48153
#FAF9FC	48131.5	22	943	48110-48154
#FAF9FC	48132	22.5	943	48110-48154
#FAF9FC	48132.5	22	943	48110-48154
#FAF9FC	48132	21.5	943	48110-48154
#FEFEFF	48132	22.5	944	48110-48155
#FEFEFF	48132.5	23	944	48110-48155
#FEFEFF	48133	22.5	944	48110-48155
#FEFEFF	48132.5	22	944	48110-48155
#FEFDFE	48132.5	23	945	48110-48156
#FEFDFE	48133	23.5	945	48110-48156
#FEFDFE	48133.5	23	945	48110-48156
#FEFDFE	48133	22.5	945	48110-48156
#FAF9FC	48133	23.5	946	48110-48157
#FAF9FC	48133.5	24	946	48110-48157
#FAF9FC	48134	23.5	946	48110-48157
#FAF9FC	48133.5	23	946	48110-48157
#FDFCFE	48133.5	24	947	48110-48158
#FDFCFE	48134	24.5	947	48110-48158
#FDFCFE	48134.5	24	947	48110-48158
#FDFCFE	48134	23.5	947	48110-48158
#FCF8F7	48134	24.5	948	48110-48159
#FCF8F7	48134.5	25	948	48110-48159
#FCF8F7	48135	24.5	948	48110-48159
#FCF8F7	48134.5	24	948	48110-48159
#C78F88	48110.5	0	949	48111-48111
#C78F88	48111	0.5	949	48111-48111
#C78F88	48111.5	0	949	48111-48111
#C78F88	48111	-0.5	949	48111-48111
#E3C3BF	48111	0.5	950	48111-48112
#E3C3BF	48111.5	1	950	48111-48112
#E3C3BF	48112	0.5	950	48111-48112
#E3C3BF	48111.5	0	950	48111-48112
#D4A7A1	48111.5	1	951	48111-48113
#D4A7A1	48112	1.5	951	48111-48113
#D4A7A1	48112.5	1	951	48111-48113
#D4A7A1	48112	0.5	951	48111-48113
#C38881	48112	1.5	952	48111-48114
#C38881	48112.5	2	952	48111-48114
#C38881	48113	1.5	952	48111-48114
#C38881	48112.5	1	952	48111-48114
#E0BCB7	48112.5	2	953	48111-48115
#E0BCB7	48113	2.5	953	48111-48115
#E0BCB7	48113.5	2	953	48111-48115
#E0BCB7	48113	1.5	953	48111-48115
#F7EEEC	48113	2.5	954	48111-48116
#F7EEEC	48113.5	3	954	48111-48116
#F7EEEC	48114	2.5	954	48111-48116
#F7EEEC	48113.5	2	954	48111-48116
#E6C9C5	48113.5	3	955	48111-48117
#E6C9C5	48114	3.5	955	48111-48117
#E6C9C5	48114.5	3	955	48111-48117
#E6C9C5	48114	2.5	955	48111-48117
#F5E8E7	48114	3.5	956	48111-48118
#F5E8E7	48114.5	4	956	48111-48118
#F5E8E7	48115	3.5	956	48111-48118
#F5E8E7	48114.5	3	956	48111-48118
#F4E6E4	48114.5	4	957	48111-48119
#F4E6E4	48115	4.5	957	48111-48119
#F4E6E4	48115.5	4	957	48111-48119
#F4E6E4	48115	3.5	957	48111-48119
#FDFAF9	48115	4.5	958	48111-48120
#FDFAF9	48115.5	5	958	48111-48120
#FDFAF9	48116	4.5	958	48111-48120
#FDFAF9	48115.5	4	958	48111-48120
#FCFBFD	48115.5	5	959	48111-48121
#FCFBFD	48116	5.5	959	48111-48121
#FCFBFD	48116.5	5	959	48111-48121
#FCFBFD	48116	4.5	959	48111-48121
#FEFCFC	48116	5.5	960	48111-48122
#FEFCFC	48116.5	6	960	48111-48122
#FEFCFC	48117	5.5	960	48111-48122
#FEFCFC	48116.5	5	960	48111-48122
#FEFEFE	48116.5	6	961	48111-48123
#FEFEFE	48117	6.5	961	48111-48123
#FEFEFE	48117.5	6	961	48111-48123
#FEFEFE	48117	5.5	961	48111-48123
#FDFDFE	48117	6.5	962	48111-48124
#FDFDFE	48117.5	7	962	48111-48124
#FDFDFE	48118	6.5	962	48111-48124
#FDFDFE	48117.5	6	962	48111-48124
#FFFEFE	48117.5	7	963	48111-48125
#FFFEFE	48118	7.5	963	48111-48125
#FFFEFE	48118.5	7	963	48111-48125
#FFFEFE	48118	6.5	963	48111-48125
#FEFCFC	48118	7.5	964	48111-48126
#FEFCFC	48118.5	8	964	48111-48126
#FEFCFC	48119	7.5	964	48111-48126
#FEFCFC	48118.5	7	964	48111-48126
#F7ECEB	48118.5	8	965	48111-48127
#F7ECEB	48119	8.5	965	48111-48127
#F7ECEB	48119.5	8	965	48111-48127
#F7ECEB	48119	7.5	965	48111-48127
#FEFEFF	48119	8.5	966	48111-48128
#FEFEFF	48119.5	9	966	48111-48128
#FEFEFF	48120	8.5	966	48111-48128
#FEFEFF	48119.5	8	966	48111-48128
#FAF2F1	48119.5	9	967	48111-48129
#FAF2F1	48120	9.5	967	48111-48129
#FAF2F1	48120.5	9	967	48111-48129
#FAF2F1	48120	8.5	967	48111-48129
#FDFAFA	48120	9.5	968	48111-48130
#FDFAFA	48120.5	10	968	48111-48130
#FDFAFA	48121	9.5	968	48111-48130
#FDFAFA	48120.5	9	968	48111-48130
#FDFBFB	48120.5	10	969	48111-48131
#FDFBFB	48121	10.5	969	48111-48131
#FDFBFB	48121.5	10	969	48111-48131
#FDFBFB	48121	9.5	969	48111-48131
#F3E3E1	48121	10.5	970	48111-48132
#F3E3E1	48121.5	11	970	48111-48132
#F3E3E1	48122	10.5	970	48111-48132
#F3E3E1	48121.5	10	970	48111-48132
#EDD7D4	48121.5	11	971	48111-48133
#EDD7D4	48122	11.5	971	48111-48133
#EDD7D4	48122.5	11	971	48111-48133
#EDD7D4	48122	10.5	971	48111-48133
#F1DFDC	48122	11.5	972	48111-48134
#F1DFDC	48122.5	12	972	48111-48134
#F1DFDC	48123	11.5	972	48111-48134
#F1DFDC	48122.5	11	972	48111-48134
#FEFCFB	48122.5	12	973	48111-48135
#FEFCFB	48123	12.5	973	48111-48135
#FEFCFB	48123.5	12	973	48111-48135
#FEFCFB	48123	11.5	973	48111-48135
#FCF8F7	48123	12.5	974	48111-48136
#FCF8F7	48123.5	13	974	48111-48136
#FCF8F7	48124	12.5	974	48111-48136
#FCF8F7	48123.5	12	974	48111-48136
#FBF6F5	48123.5	13	975	48111-48137
#FBF6F5	48124	13.5	975	48111-48137
#FBF6F5	48124.5	13	975	48111-48137
#FBF6F5	48124	12.5	975	48111-48137
#F3E4E2	48124	13.5	976	48111-48138
#F3E4E2	48124.5	14	976	48111-48138
#F3E4E2	48125	13.5	976	48111-48138
#F3E4E2	48124.5	13	976	48111-48138
#F7EDEC	48124.5	14	977	48111-48139
#F7EDEC	48125	14.5	977	48111-48139
#F7EDEC	48125.5	14	977	48111-48139
#F7EDEC	48125	13.5	977	48111-48139
#F5E7E5	48125	14.5	978	48111-48140
#F5E7E5	48125.5	15	978	48111-48140
#F5E7E5	48126	14.5	978	48111-48140
#F5E7E5	48125.5	14	978	48111-48140
#FAF3F2	48125.5	15	979	48111-48141
#FAF3F2	48126	15.5	979	48111-48141
#FAF3F2	48126.5	15	979	48111-48141
#FAF3F2	48126	14.5	979	48111-48141
#F9F0EF	48126	15.5	980	48111-48142
#F9F0EF	48126.5	16	980	48111-48142
#F9F0EF	48127	15.5	980	48111-48142
#F9F0EF	48126.5	15	980	48111-48142
#F9F2F1	48126.5	16	981	48111-48143
#F9F2F1	48127	16.5	981	48111-48143
#F9F2F1	48127.5	16	981	48111-48143
#F9F2F1	48127	15.5	981	48111-48143
#F2E2E0	48127	16.5	982	48111-48144
#F2E2E0	48127.5	17	982	48111-48144
#F2E2E0	48128	16.5	982	48111-48144
#F2E2E0	48127.5	16	982	48111-48144
#F7EEEC	48127.5	17	983	48111-48145
#F7EEEC	48128	17.5	983	48111-48145
#F7EEEC	48128.5	17	983	48111-48145
#F7EEEC	48128	16.5	983	48111-48145
#F4E5E3	48128	17.5	984	48111-48146
#F4E5E3	48128.5	18	984	48111-48146
#F4E5E3	48129	17.5	984	48111-48146
#F4E5E3	48128.5	17	984	48111-48146
#F6EBE9	48128.5	18	985	48111-48147
#F6EBE9	48129	18.5	985	48111-48147
#F6EBE9	48129.5	18	985	48111-48147
#F6EBE9	48129	17.5	985	48111-48147
#FDFAFA	48129	18.5	986	48111-48148
#FDFAFA	48129.5	19	986	48111-48148
#FDFAFA	48130	18.5	986	48111-48148
#FDFAFA	48129.5	18	986	48111-48148
#FCF9F8	48129.5	19	987	48111-48149
#FCF9F8	48130	19.5	987	48111-48149
#FCF9F8	48130.5	19	987	48111-48149
#FCF9F8	48130	18.5	987	48111-48149
#FCF7F7	48130	19.5	988	48111-48150
#FCF7F7	48130.5	20	988	48111-48150
#FCF7F7	48131	19.5	988	48111-48150
#FCF7F7	48130.5	19	988	48111-48150
#FDFAF9	48130.5	20	989	48111-48151
#FDFAF9	48131	20.5	989	48111-48151
#FDFAF9	48131.5	20	989	48111-48151
#FDFAF9	48131	19.5	989	48111-48151
#FBF6F5	48131	20.5	990	48111-48152
#FBF6F5	48131.5	21	990	48111-48152
#FBF6F5	48132	20.5	990	48111-48152
#FBF6F5	48131.5	20	990	48111-48152
#FCFCFE	48131.5	21	991	48111-48153
#FCFCFE	48132	21.5	991	48111-48153
#FCFCFE	48132.5	21	991	48111-48153
#FCFCFE	48132	20.5	991	48111-48153
#FBFBFD	48132	21.5	992	48111-48154
#FBFBFD	48132.5	22	992	48111-48154
#FBFBFD	48133	21.5	992	48111-48154
#FBFBFD	48132.5	21	992	48111-48154
#FDFDFE	48132.5	22	993	48111-48155
#FDFDFE	48133	22.5	993	48111-48155
#FDFDFE	48133.5	22	993	48111-48155
#FDFDFE	48133	21.5	993	48111-48155
#FBFAFD	48133	22.5	994	48111-48156
#FBFAFD	48133.5	23	994	48111-48156
#FBFAFD	48134	22.5	994	48111-48156
#FBFAFD	48133.5	22	994	48111-48156
#FCF9F8	48133.5	23	995	48111-48157
#FCF9F8	48134	23.5	995	48111-48157
#FCF9F8	48134.5	23	995	48111-48157
#FCF9F8	48134	22.5	995	48111-48157
#FDFCFE	48134	23.5	996	48111-48158
#FDFCFE	48134.5	24	996	48111-48158
#FDFCFE	48135	23.5	996	48111-48158
#FDFCFE	48134.5	23	996	48111-48158
#FEFCFC	48134.5	24	997	48111-48159
#FEFCFC	48135	24.5	997	48111-48159
#FEFCFC	48135.5	24	997	48111-48159
#FEFCFC	48135	23.5	997	48111-48159
#F8F7FB	48135	24.5	998	48111-48160
#F8F7FB	48135.5	25	998	48111-48160
#F8F7FB	48136	24.5	998	48111-48160
#F8F7FB	48135.5	24	998	48111-48160
#AC635B	48111.5	0	999	48112-48112
#AC635B	48112	0.5	999	48112-48112
#AC635B	48112.5	0	999	48112-48112
#AC635B	48112	-0.5	999	48112-48112
#E6C8C4	48112	0.5	1000	48112-48113
#E6C8C4	48112.5	1	1000	48112-48113
#E6C8C4	48113	0.5	1000	48112-48113
#E6C8C4	48112.5	0	1000	48112-48113
#CA938D	48112.5	1	1001	48112-48114
#CA938D	48113	1.5	1001	48112-48114
#CA938D	48113.5	1	1001	48112-48114
#CA938D	48113	0.5	1001	48112-48114
#E7CAC6	48113	1.5	1002	48112-48115
#E7CAC6	48113.5	2	1002	48112-48115
#E7CAC6	48114	1.5	1002	48112-48115
#E7CAC6	48113.5	1	1002	48112-48115
#FEFDFC	48113.5	2	1003	48112-48116
#FEFDFC	48114	2.5	1003	48112-48116
#FEFDFC	48114.5	2	1003	48112-48116
#FEFDFC	48114	1.5	1003	48112-48116
#F1DFDC	48114	2.5	1004	48112-48117
#F1DFDC	48114.5	3	1004	48112-48117
#F1DFDC	48115	2.5	1004	48112-48117
#F1DFDC	48114.5	2	1004	48112-48117
#FAFAFD	48114.5	3	1005	48112-48118
#FAFAFD	48115	3.5	1005	48112-48118
#FAFAFD	48115.5	3	1005	48112-48118
#FAFAFD	48115	2.5	1005	48112-48118
#FFFEFE	48115	3.5	1006	48112-48119
#FFFEFE	48115.5	4	1006	48112-48119
#FFFEFE	48116	3.5	1006	48112-48119
#FFFEFE	48115.5	3	1006	48112-48119
#F6F4FA	48115.5	4	1007	48112-48120
#F6F4FA	48116	4.5	1007	48112-48120
#F6F4FA	48116.5	4	1007	48112-48120
#F6F4FA	48116	3.5	1007	48112-48120
#E8E4F2	48116	4.5	1008	48112-48121
#E8E4F2	48116.5	5	1008	48112-48121
#E8E4F2	48117	4.5	1008	48112-48121
#E8E4F2	48116.5	4	1008	48112-48121
#F9F8FC	48116.5	5	1009	48112-48122
#F9F8FC	48117	5.5	1009	48112-48122
#F9F8FC	48117.5	5	1009	48112-48122
#F9F8FC	48117	4.5	1009	48112-48122
#F6F4FA	48117	5.5	1010	48112-48123
#F6F4FA	48117.5	6	1010	48112-48123
#F6F4FA	48118	5.5	1010	48112-48123
#F6F4FA	48117.5	5	1010	48112-48123
#FFFFFF	48117.5	6	1011	48112-48124
#FFFFFF	48118	6.5	1011	48112-48124
#FFFFFF	48118.5	6	1011	48112-48124
#FFFFFF	48118	5.5	1011	48112-48124
#F5F3F9	48118	6.5	1012	48112-48125
#F5F3F9	48118.5	7	1012	48112-48125
#F5F3F9	48119	6.5	1012	48112-48125
#F5F3F9	48118.5	6	1012	48112-48125
#FEFEFE	48118.5	7	1013	48112-48126
#FEFEFE	48119	7.5	1013	48112-48126
#FEFEFE	48119.5	7	1013	48112-48126
#FEFEFE	48119	6.5	1013	48112-48126
#FEFEFE	48119	7.5	1014	48112-48127
#FEFEFE	48119.5	8	1014	48112-48127
#FEFEFE	48120	7.5	1014	48112-48127
#FEFEFE	48119.5	7	1014	48112-48127
#FFFEFE	48119.5	8	1015	48112-48128
#FFFEFE	48120	8.5	1015	48112-48128
#FFFEFE	48120.5	8	1015	48112-48128
#FFFEFE	48120	7.5	1015	48112-48128
#FEFCFC	48120	8.5	1016	48112-48129
#FEFCFC	48120.5	9	1016	48112-48129
#FEFCFC	48121	8.5	1016	48112-48129
#FEFCFC	48120.5	8	1016	48112-48129
#FDFCFE	48120.5	9	1017	48112-48130
#FDFCFE	48121	9.5	1017	48112-48130
#FDFCFE	48121.5	9	1017	48112-48130
#FDFCFE	48121	8.5	1017	48112-48130
#FBFBFD	48121	9.5	1018	48112-48131
#FBFBFD	48121.5	10	1018	48112-48131
#FBFBFD	48122	9.5	1018	48112-48131
#FBFBFD	48121.5	9	1018	48112-48131
#FEFCFC	48121.5	10	1019	48112-48132
#FEFCFC	48122	10.5	1019	48112-48132
#FEFCFC	48122.5	10	1019	48112-48132
#FEFCFC	48122	9.5	1019	48112-48132
#EDD8D5	48122	10.5	1020	48112-48133
#EDD8D5	48122.5	11	1020	48112-48133
#EDD8D5	48123	10.5	1020	48112-48133
#EDD8D5	48122.5	10	1020	48112-48133
#FAF5F4	48122.5	11	1021	48112-48134
#FAF5F4	48123	11.5	1021	48112-48134
#FAF5F4	48123.5	11	1021	48112-48134
#FAF5F4	48123	10.5	1021	48112-48134
#FFFFFF	48123	11.5	1022	48112-48135
#FFFFFF	48123.5	12	1022	48112-48135
#FFFFFF	48124	11.5	1022	48112-48135
#FFFFFF	48123.5	11	1022	48112-48135
#FCF8F7	48123.5	12	1023	48112-48136
#FCF8F7	48124	12.5	1023	48112-48136
#FCF8F7	48124.5	12	1023	48112-48136
#FCF8F7	48124	11.5	1023	48112-48136
#F7ECEA	48124	12.5	1024	48112-48137
#F7ECEA	48124.5	13	1024	48112-48137
#F7ECEA	48125	12.5	1024	48112-48137
#F7ECEA	48124.5	12	1024	48112-48137
#FBF6F6	48124.5	13	1025	48112-48138
#FBF6F6	48125	13.5	1025	48112-48138
#FBF6F6	48125.5	13	1025	48112-48138
#FBF6F6	48125	12.5	1025	48112-48138
#FDFAFA	48125	13.5	1026	48112-48139
#FDFAFA	48125.5	14	1026	48112-48139
#FDFAFA	48126	13.5	1026	48112-48139
#FDFAFA	48125.5	13	1026	48112-48139
#F4E7E5	48125.5	14	1027	48112-48140
#F4E7E5	48126	14.5	1027	48112-48140
#F4E7E5	48126.5	14	1027	48112-48140
#F4E7E5	48126	13.5	1027	48112-48140
#F8F0EE	48126	14.5	1028	48112-48141
#F8F0EE	48126.5	15	1028	48112-48141
#F8F0EE	48127	14.5	1028	48112-48141
#F8F0EE	48126.5	14	1028	48112-48141
#FBF5F4	48126.5	15	1029	48112-48142
#FBF5F4	48127	15.5	1029	48112-48142
#FBF5F4	48127.5	15	1029	48112-48142
#FBF5F4	48127	14.5	1029	48112-48142
#F6EAE8	48127	15.5	1030	48112-48143
#F6EAE8	48127.5	16	1030	48112-48143
#F6EAE8	48128	15.5	1030	48112-48143
#F6EAE8	48127.5	15	1030	48112-48143
#F9F0EF	48127.5	16	1031	48112-48144
#F9F0EF	48128	16.5	1031	48112-48144
#F9F0EF	48128.5	16	1031	48112-48144
#F9F0EF	48128	15.5	1031	48112-48144
#FBF7F6	48128	16.5	1032	48112-48145
#FBF7F6	48128.5	17	1032	48112-48145
#FBF7F6	48129	16.5	1032	48112-48145
#FBF7F6	48128.5	16	1032	48112-48145
#F9F0EF	48128.5	17	1033	48112-48146
#F9F0EF	48129	17.5	1033	48112-48146
#F9F0EF	48129.5	17	1033	48112-48146
#F9F0EF	48129	16.5	1033	48112-48146
#FBF5F4	48129	17.5	1034	48112-48147
#FBF5F4	48129.5	18	1034	48112-48147
#FBF5F4	48130	17.5	1034	48112-48147
#FBF5F4	48129.5	17	1034	48112-48147
#F9F0EF	48129.5	18	1035	48112-48148
#F9F0EF	48130	18.5	1035	48112-48148
#F9F0EF	48130.5	18	1035	48112-48148
#F9F0EF	48130	17.5	1035	48112-48148
#F9F2F1	48130	18.5	1036	48112-48149
#F9F2F1	48130.5	19	1036	48112-48149
#F9F2F1	48131	18.5	1036	48112-48149
#F9F2F1	48130.5	18	1036	48112-48149
#FEFDFD	48130.5	19	1037	48112-48150
#FEFDFD	48131	19.5	1037	48112-48150
#FEFDFD	48131.5	19	1037	48112-48150
#FEFDFD	48131	18.5	1037	48112-48150
#FFFEFE	48131	19.5	1038	48112-48151
#FFFEFE	48131.5	20	1038	48112-48151
#FFFEFE	48132	19.5	1038	48112-48151
#FFFEFE	48131.5	19	1038	48112-48151
#FEFEFE	48131.5	20	1039	48112-48152
#FEFEFE	48132	20.5	1039	48112-48152
#FEFEFE	48132.5	20	1039	48112-48152
#FEFEFE	48132	19.5	1039	48112-48152
#F8F7FB	48132	20.5	1040	48112-48153
#F8F7FB	48132.5	21	1040	48112-48153
#F8F7FB	48133	20.5	1040	48112-48153
#F8F7FB	48132.5	20	1040	48112-48153
#FAFAFC	48132.5	21	1041	48112-48154
#FAFAFC	48133	21.5	1041	48112-48154
#FAFAFC	48133.5	21	1041	48112-48154
#FAFAFC	48133	20.5	1041	48112-48154
#F9F8FC	48133	21.5	1042	48112-48155
#F9F8FC	48133.5	22	1042	48112-48155
#F9F8FC	48134	21.5	1042	48112-48155
#F9F8FC	48133.5	21	1042	48112-48155
#F8F7FB	48133.5	22	1043	48112-48156
#F8F7FB	48134	22.5	1043	48112-48156
#F8F7FB	48134.5	22	1043	48112-48156
#F8F7FB	48134	21.5	1043	48112-48156
#FCFCFE	48134	22.5	1044	48112-48157
#FCFCFE	48134.5	23	1044	48112-48157
#FCFCFE	48135	22.5	1044	48112-48157
#FCFCFE	48134.5	22	1044	48112-48157
#FFFFFF	48134.5	23	1045	48112-48158
#FFFFFF	48135	23.5	1045	48112-48158
#FFFFFF	48135.5	23	1045	48112-48158
#FFFFFF	48135	22.5	1045	48112-48158
#F9F8FC	48135	23.5	1046	48112-48159
#F9F8FC	48135.5	24	1046	48112-48159
#F9F8FC	48136	23.5	1046	48112-48159
#F9F8FC	48135.5	23	1046	48112-48159
#FEFEFE	48135.5	24	1047	48112-48160
#FEFEFE	48136	24.5	1047	48112-48160
#FEFEFE	48136.5	24	1047	48112-48160
#FEFEFE	48136	23.5	1047	48112-48160
#FCF9F8	48136	24.5	1048	48112-48161
#FCF9F8	48136.5	25	1048	48112-48161
#FCF9F8	48137	24.5	1048	48112-48161
#FCF9F8	48136.5	24	1048	48112-48161
#B26D65	48112.5	0	1049	48113-48113
#B26D65	48113	0.5	1049	48113-48113
#B26D65	48113.5	0	1049	48113-48113
#B26D65	48113	-0.5	1049	48113-48113
#CF9C96	48113	0.5	1050	48113-48114
#CF9C96	48113.5	1	1050	48113-48114
#CF9C96	48114	0.5	1050	48113-48114
#CF9C96	48113.5	0	1050	48113-48114
#C78F88	48113.5	1	1051	48113-48115
#C78F88	48114	1.5	1051	48113-48115
#C78F88	48114.5	1	1051	48113-48115
#C78F88	48114	0.5	1051	48113-48115
#E1BFBB	48114	1.5	1052	48113-48116
#E1BFBB	48114.5	2	1052	48113-48116
#E1BFBB	48115	1.5	1052	48113-48116
#E1BFBB	48114.5	1	1052	48113-48116
#D8ADA8	48114.5	2	1053	48113-48117
#D8ADA8	48115	2.5	1053	48113-48117
#D8ADA8	48115.5	2	1053	48113-48117
#D8ADA8	48115	1.5	1053	48113-48117
#EBD2CF	48115	2.5	1054	48113-48118
#EBD2CF	48115.5	3	1054	48113-48118
#EBD2CF	48116	2.5	1054	48113-48118
#EBD2CF	48115.5	2	1054	48113-48118
#F3E4E2	48115.5	3	1055	48113-48119
#F3E4E2	48116	3.5	1055	48113-48119
#F3E4E2	48116.5	3	1055	48113-48119
#F3E4E2	48116	2.5	1055	48113-48119
#FDFDFE	48116	3.5	1056	48113-48120
#FDFDFE	48116.5	4	1056	48113-48120
#FDFDFE	48117	3.5	1056	48113-48120
#FDFDFE	48116.5	3	1056	48113-48120
#FBFAFD	48116.5	4	1057	48113-48121
#FBFAFD	48117	4.5	1057	48113-48121
#FBFAFD	48117.5	4	1057	48113-48121
#FBFAFD	48117	3.5	1057	48113-48121
#FDFDFE	48117	4.5	1058	48113-48122
#FDFDFE	48117.5	5	1058	48113-48122
#FDFDFE	48118	4.5	1058	48113-48122
#FDFDFE	48117.5	4	1058	48113-48122
#F5F4FA	48117.5	5	1059	48113-48123
#F5F4FA	48118	5.5	1059	48113-48123
#F5F4FA	48118.5	5	1059	48113-48123
#F5F4FA	48118	4.5	1059	48113-48123
#FCFBFD	48118	5.5	1060	48113-48124
#FCFBFD	48118.5	6	1060	48113-48124
#FCFBFD	48119	5.5	1060	48113-48124
#FCFBFD	48118.5	5	1060	48113-48124
#F8F8FB	48118.5	6	1061	48113-48125
#F8F8FB	48119	6.5	1061	48113-48125
#F8F8FB	48119.5	6	1061	48113-48125
#F8F8FB	48119	5.5	1061	48113-48125
#FCF8F7	48119	6.5	1062	48113-48126
#FCF8F7	48119.5	7	1062	48113-48126
#FCF8F7	48120	6.5	1062	48113-48126
#FCF8F7	48119.5	6	1062	48113-48126
#FDFAFA	48119.5	7	1063	48113-48127
#FDFAFA	48120	7.5	1063	48113-48127
#FDFAFA	48120.5	7	1063	48113-48127
#FDFAFA	48120	6.5	1063	48113-48127
#FFFEFE	48120	7.5	1064	48113-48128
#FFFEFE	48120.5	8	1064	48113-48128
#FFFEFE	48121	7.5	1064	48113-48128
#FFFEFE	48120.5	7	1064	48113-48128
#FFFEFE	48120.5	8	1065	48113-48129
#FFFEFE	48121	8.5	1065	48113-48129
#FFFEFE	48121.5	8	1065	48113-48129
#FFFEFE	48121	7.5	1065	48113-48129
#FEFDFE	48121	8.5	1066	48113-48130
#FEFDFE	48121.5	9	1066	48113-48130
#FEFDFE	48122	8.5	1066	48113-48130
#FEFDFE	48121.5	8	1066	48113-48130
#F9F2F1	48121.5	9	1067	48113-48131
#F9F2F1	48122	9.5	1067	48113-48131
#F9F2F1	48122.5	9	1067	48113-48131
#F9F2F1	48122	8.5	1067	48113-48131
#FDFBFB	48122	9.5	1068	48113-48132
#FDFBFB	48122.5	10	1068	48113-48132
#FDFBFB	48123	9.5	1068	48113-48132
#FDFBFB	48122.5	9	1068	48113-48132
#F7ECEB	48122.5	10	1069	48113-48133
#F7ECEB	48123	10.5	1069	48113-48133
#F7ECEB	48123.5	10	1069	48113-48133
#F7ECEB	48123	9.5	1069	48113-48133
#F7EDEB	48123	10.5	1070	48113-48134
#F7EDEB	48123.5	11	1070	48113-48134
#F7EDEB	48124	10.5	1070	48113-48134
#F7EDEB	48123.5	10	1070	48113-48134
#FDF9F9	48123.5	11	1071	48113-48135
#FDF9F9	48124	11.5	1071	48113-48135
#FDF9F9	48124.5	11	1071	48113-48135
#FDF9F9	48124	10.5	1071	48113-48135
#FEFEFD	48124	11.5	1072	48113-48136
#FEFEFD	48124.5	12	1072	48113-48136
#FEFEFD	48125	11.5	1072	48113-48136
#FEFEFD	48124.5	11	1072	48113-48136
#F4E7E5	48124.5	12	1073	48113-48137
#F4E7E5	48125	12.5	1073	48113-48137
#F4E7E5	48125.5	12	1073	48113-48137
#F4E7E5	48125	11.5	1073	48113-48137
#F9F1F0	48125	12.5	1074	48113-48138
#F9F1F0	48125.5	13	1074	48113-48138
#F9F1F0	48126	12.5	1074	48113-48138
#F9F1F0	48125.5	12	1074	48113-48138
#F7ECEA	48125.5	13	1075	48113-48139
#F7ECEA	48126	13.5	1075	48113-48139
#F7ECEA	48126.5	13	1075	48113-48139
#F7ECEA	48126	12.5	1075	48113-48139
#F7ECEB	48126	13.5	1076	48113-48140
#F7ECEB	48126.5	14	1076	48113-48140
#F7ECEB	48127	13.5	1076	48113-48140
#F7ECEB	48126.5	13	1076	48113-48140
#F6EAE8	48126.5	14	1077	48113-48141
#F6EAE8	48127	14.5	1077	48113-48141
#F6EAE8	48127.5	14	1077	48113-48141
#F6EAE8	48127	13.5	1077	48113-48141
#F6EAE9	48127	14.5	1078	48113-48142
#F6EAE9	48127.5	15	1078	48113-48142
#F6EAE9	48128	14.5	1078	48113-48142
#F6EAE9	48127.5	14	1078	48113-48142
#FBF5F5	48127.5	15	1079	48113-48143
#FBF5F5	48128	15.5	1079	48113-48143
#FBF5F5	48128.5	15	1079	48113-48143
#FBF5F5	48128	14.5	1079	48113-48143
#FCF7F7	48128	15.5	1080	48113-48144
#FCF7F7	48128.5	16	1080	48113-48144
#FCF7F7	48129	15.5	1080	48113-48144
#FCF7F7	48128.5	15	1080	48113-48144
#FFFFFF	48128.5	16	1081	48113-48145
#FFFFFF	48129	16.5	1081	48113-48145
#FFFFFF	48129.5	16	1081	48113-48145
#FFFFFF	48129	15.5	1081	48113-48145
#F7ECEA	48129	16.5	1082	48113-48146
#F7ECEA	48129.5	17	1082	48113-48146
#F7ECEA	48130	16.5	1082	48113-48146
#F7ECEA	48129.5	16	1082	48113-48146
#FBF7F6	48129.5	17	1083	48113-48147
#FBF7F6	48130	17.5	1083	48113-48147
#FBF7F6	48130.5	17	1083	48113-48147
#FBF7F6	48130	16.5	1083	48113-48147
#F4E6E4	48130	17.5	1084	48113-48148
#F4E6E4	48130.5	18	1084	48113-48148
#F4E6E4	48131	17.5	1084	48113-48148
#F4E6E4	48130.5	17	1084	48113-48148
#FDFAFA	48130.5	18	1085	48113-48149
#FDFAFA	48131	18.5	1085	48113-48149
#FDFAFA	48131.5	18	1085	48113-48149
#FDFAFA	48131	17.5	1085	48113-48149
#FAF9FC	48131	18.5	1086	48113-48150
#FAF9FC	48131.5	19	1086	48113-48150
#FAF9FC	48132	18.5	1086	48113-48150
#FAF9FC	48131.5	18	1086	48113-48150
#FFFFFF	48131.5	19	1087	48113-48151
#FFFFFF	48132	19.5	1087	48113-48151
#FFFFFF	48132.5	19	1087	48113-48151
#FFFFFF	48132	18.5	1087	48113-48151
#FFFFFF	48132	19.5	1088	48113-48152
#FFFFFF	48132.5	20	1088	48113-48152
#FFFFFF	48133	19.5	1088	48113-48152
#FFFFFF	48132.5	19	1088	48113-48152
#FEFEFE	48132.5	20	1089	48113-48153
#FEFEFE	48133	20.5	1089	48113-48153
#FEFEFE	48133.5	20	1089	48113-48153
#FEFEFE	48133	19.5	1089	48113-48153
#FFFFFF	48133	20.5	1090	48113-48154
#FFFFFF	48133.5	21	1090	48113-48154
#FFFFFF	48134	20.5	1090	48113-48154
#FFFFFF	48133.5	20	1090	48113-48154
#FDFCFE	48133.5	21	1091	48113-48155
#FDFCFE	48134	21.5	1091	48113-48155
#FDFCFE	48134.5	21	1091	48113-48155
#FDFCFE	48134	20.5	1091	48113-48155
#FEFDFD	48134	21.5	1092	48113-48156
#FEFDFD	48134.5	22	1092	48113-48156
#FEFDFD	48135	21.5	1092	48113-48156
#FEFDFD	48134.5	21	1092	48113-48156
#FDFDFE	48134.5	22	1093	48113-48157
#FDFDFE	48135	22.5	1093	48113-48157
#FDFDFE	48135.5	22	1093	48113-48157
#FDFDFE	48135	21.5	1093	48113-48157
#F9F8FC	48135	22.5	1094	48113-48158
#F9F8FC	48135.5	23	1094	48113-48158
#F9F8FC	48136	22.5	1094	48113-48158
#F9F8FC	48135.5	22	1094	48113-48158
#FFFFFF	48135.5	23	1095	48113-48159
#FFFFFF	48136	23.5	1095	48113-48159
#FFFFFF	48136.5	23	1095	48113-48159
#FFFFFF	48136	22.5	1095	48113-48159
#FEFEFF	48136	23.5	1096	48113-48160
#FEFEFF	48136.5	24	1096	48113-48160
#FEFEFF	48137	23.5	1096	48113-48160
#FEFEFF	48136.5	23	1096	48113-48160
#FCFBFD	48136.5	24	1097	48113-48161
#FCFBFD	48137	24.5	1097	48113-48161
#FCFBFD	48137.5	24	1097	48113-48161
#FCFBFD	48137	23.5	1097	48113-48161
#FEFEFE	48137	24.5	1098	48113-48162
#FEFEFE	48137.5	25	1098	48113-48162
#FEFEFE	48138	24.5	1098	48113-48162
#FEFEFE	48137.5	24	1098	48113-48162
#C58C85	48113.5	0	1099	48114-48114
#C58C85	48114	0.5	1099	48114-48114
#C58C85	48114.5	0	1099	48114-48114
#C58C85	48114	-0.5	1099	48114-48114
#E3C3BF	48114	0.5	1100	48114-48115
#E3C3BF	48114.5	1	1100	48114-48115
#E3C3BF	48115	0.5	1100	48114-48115
#E3C3BF	48114.5	0	1100	48114-48115
#D7ABA5	48114.5	1	1101	48114-48116
#D7ABA5	48115	1.5	1101	48114-48116
#D7ABA5	48115.5	1	1101	48114-48116
#D7ABA5	48115	0.5	1101	48114-48116
#CA958E	48115	1.5	1102	48114-48117
#CA958E	48115.5	2	1102	48114-48117
#CA958E	48116	1.5	1102	48114-48117
#CA958E	48115.5	1	1102	48114-48117
#E2C0BC	48115.5	2	1103	48114-48118
#E2C0BC	48116	2.5	1103	48114-48118
#E2C0BC	48116.5	2	1103	48114-48118
#E2C0BC	48116	1.5	1103	48114-48118
#ECD5D2	48116	2.5	1104	48114-48119
#ECD5D2	48116.5	3	1104	48114-48119
#ECD5D2	48117	2.5	1104	48114-48119
#ECD5D2	48116.5	2	1104	48114-48119
#F5E9E7	48116.5	3	1105	48114-48120
#F5E9E7	48117	3.5	1105	48114-48120
#F5E9E7	48117.5	3	1105	48114-48120
#F5E9E7	48117	2.5	1105	48114-48120
#F9F2F1	48117	3.5	1106	48114-48121
#F9F2F1	48117.5	4	1106	48114-48121
#F9F2F1	48118	3.5	1106	48114-48121
#F9F2F1	48117.5	3	1106	48114-48121
#FCF9F9	48117.5	4	1107	48114-48122
#FCF9F9	48118	4.5	1107	48114-48122
#FCF9F9	48118.5	4	1107	48114-48122
#FCF9F9	48118	3.5	1107	48114-48122
#FEFCFB	48118	4.5	1108	48114-48123
#FEFCFB	48118.5	5	1108	48114-48123
#FEFCFB	48119	4.5	1108	48114-48123
#FEFCFB	48118.5	4	1108	48114-48123
#FEFEFE	48118.5	5	1109	48114-48124
#FEFEFE	48119	5.5	1109	48114-48124
#FEFEFE	48119.5	5	1109	48114-48124
#FEFEFE	48119	4.5	1109	48114-48124
#FDFDFE	48119	5.5	1110	48114-48125
#FDFDFE	48119.5	6	1110	48114-48125
#FDFDFE	48120	5.5	1110	48114-48125
#FDFDFE	48119.5	5	1110	48114-48125
#FDFAFA	48119.5	6	1111	48114-48126
#FDFAFA	48120	6.5	1111	48114-48126
#FDFAFA	48120.5	6	1111	48114-48126
#FDFAFA	48120	5.5	1111	48114-48126
#FEFDFD	48120	6.5	1112	48114-48127
#FEFDFD	48120.5	7	1112	48114-48127
#FEFDFD	48121	6.5	1112	48114-48127
#FEFDFD	48120.5	6	1112	48114-48127
#FBF6F5	48120.5	7	1113	48114-48128
#FBF6F5	48121	7.5	1113	48114-48128
#FBF6F5	48121.5	7	1113	48114-48128
#FBF6F5	48121	6.5	1113	48114-48128
#FBF6F6	48121	7.5	1114	48114-48129
#FBF6F6	48121.5	8	1114	48114-48129
#FBF6F6	48122	7.5	1114	48114-48129
#FBF6F6	48121.5	7	1114	48114-48129
#FEFCFC	48121.5	8	1115	48114-48130
#FEFCFC	48122	8.5	1115	48114-48130
#FEFCFC	48122.5	8	1115	48114-48130
#FEFCFC	48122	7.5	1115	48114-48130
#FDFDFE	48122	8.5	1116	48114-48131
#FDFDFE	48122.5	9	1116	48114-48131
#FDFDFE	48123	8.5	1116	48114-48131
#FDFDFE	48122.5	8	1116	48114-48131
#F9F1F0	48122.5	9	1117	48114-48132
#F9F1F0	48123	9.5	1117	48114-48132
#F9F1F0	48123.5	9	1117	48114-48132
#F9F1F0	48123	8.5	1117	48114-48132
#F0DCDA	48123	9.5	1118	48114-48133
#F0DCDA	48123.5	10	1118	48114-48133
#F0DCDA	48124	9.5	1118	48114-48133
#F0DCDA	48123.5	9	1118	48114-48133
#FDFBFB	48123.5	10	1119	48114-48134
#FDFBFB	48124	10.5	1119	48114-48134
#FDFBFB	48124.5	10	1119	48114-48134
#FDFBFB	48124	9.5	1119	48114-48134
#FFFEFE	48124	10.5	1120	48114-48135
#FFFEFE	48124.5	11	1120	48114-48135
#FFFEFE	48125	10.5	1120	48114-48135
#FFFEFE	48124.5	10	1120	48114-48135
#FDFAF9	48124.5	11	1121	48114-48136
#FDFAF9	48125	11.5	1121	48114-48136
#FDFAF9	48125.5	11	1121	48114-48136
#FDFAF9	48125	10.5	1121	48114-48136
#F4E7E5	48125	11.5	1122	48114-48137
#F4E7E5	48125.5	12	1122	48114-48137
#F4E7E5	48126	11.5	1122	48114-48137
#F4E7E5	48125.5	11	1122	48114-48137
#F4E7E5	48125.5	12	1123	48114-48138
#F4E7E5	48126	12.5	1123	48114-48138
#F4E7E5	48126.5	12	1123	48114-48138
#F4E7E5	48126	11.5	1123	48114-48138
#FCF7F6	48126	12.5	1124	48114-48139
#FCF7F6	48126.5	13	1124	48114-48139
#FCF7F6	48127	12.5	1124	48114-48139
#FCF7F6	48126.5	12	1124	48114-48139
#FBF5F4	48126.5	13	1125	48114-48140
#FBF5F4	48127	13.5	1125	48114-48140
#FBF5F4	48127.5	13	1125	48114-48140
#FBF5F4	48127	12.5	1125	48114-48140
#FDFAFA	48127	13.5	1126	48114-48141
#FDFAFA	48127.5	14	1126	48114-48141
#FDFAFA	48128	13.5	1126	48114-48141
#FDFAFA	48127.5	13	1126	48114-48141
#FEFCFC	48127.5	14	1127	48114-48142
#FEFCFC	48128	14.5	1127	48114-48142
#FEFCFC	48128.5	14	1127	48114-48142
#FEFCFC	48128	13.5	1127	48114-48142
#F8EFEE	48128	14.5	1128	48114-48143
#F8EFEE	48128.5	15	1128	48114-48143
#F8EFEE	48129	14.5	1128	48114-48143
#F8EFEE	48128.5	14	1128	48114-48143
#FDFAF9	48128.5	15	1129	48114-48144
#FDFAF9	48129	15.5	1129	48114-48144
#FDFAF9	48129.5	15	1129	48114-48144
#FDFAF9	48129	14.5	1129	48114-48144
#FCF7F7	48129	15.5	1130	48114-48145
#FCF7F7	48129.5	16	1130	48114-48145
#FCF7F7	48130	15.5	1130	48114-48145
#FCF7F7	48129.5	15	1130	48114-48145
#FEFDFD	48129.5	16	1131	48114-48146
#FEFDFD	48130	16.5	1131	48114-48146
#FEFDFD	48130.5	16	1131	48114-48146
#FEFDFD	48130	15.5	1131	48114-48146
#FFFEFF	48130	16.5	1132	48114-48147
#FFFEFF	48130.5	17	1132	48114-48147
#FFFEFF	48131	16.5	1132	48114-48147
#FFFEFF	48130.5	16	1132	48114-48147
#FDFAFA	48130.5	17	1133	48114-48148
#FDFAFA	48131	17.5	1133	48114-48148
#FDFAFA	48131.5	17	1133	48114-48148
#FDFAFA	48131	16.5	1133	48114-48148
#FEFEFE	48131	17.5	1134	48114-48149
#FEFEFE	48131.5	18	1134	48114-48149
#FEFEFE	48132	17.5	1134	48114-48149
#FEFEFE	48131.5	17	1134	48114-48149
#FBFBFD	48131.5	18	1135	48114-48150
#FBFBFD	48132	18.5	1135	48114-48150
#FBFBFD	48132.5	18	1135	48114-48150
#FBFBFD	48132	17.5	1135	48114-48150
#FFFFFF	48132	18.5	1136	48114-48151
#FFFFFF	48132.5	19	1136	48114-48151
#FFFFFF	48133	18.5	1136	48114-48151
#FFFFFF	48132.5	18	1136	48114-48151
#FCF9F8	48132.5	19	1137	48114-48152
#FCF9F8	48133	19.5	1137	48114-48152
#FCF9F8	48133.5	19	1137	48114-48152
#FCF9F8	48133	18.5	1137	48114-48152
#FBFBFD	48133	19.5	1138	48114-48153
#FBFBFD	48133.5	20	1138	48114-48153
#FBFBFD	48134	19.5	1138	48114-48153
#FBFBFD	48133.5	19	1138	48114-48153
#FDFDFE	48133.5	20	1139	48114-48154
#FDFDFE	48134	20.5	1139	48114-48154
#FDFDFE	48134.5	20	1139	48114-48154
#FDFDFE	48134	19.5	1139	48114-48154
#FEFEFF	48134	20.5	1140	48114-48155
#FEFEFF	48134.5	21	1140	48114-48155
#FEFEFF	48135	20.5	1140	48114-48155
#FEFEFF	48134.5	20	1140	48114-48155
#FFFEFE	48134.5	21	1141	48114-48156
#FFFEFE	48135	21.5	1141	48114-48156
#FFFEFE	48135.5	21	1141	48114-48156
#FFFEFE	48135	20.5	1141	48114-48156
#FFFEFE	48135	21.5	1142	48114-48157
#FFFEFE	48135.5	22	1142	48114-48157
#FFFEFE	48136	21.5	1142	48114-48157
#FFFEFE	48135.5	21	1142	48114-48157
#FBFAFD	48135.5	22	1143	48114-48158
#FBFAFD	48136	22.5	1143	48114-48158
#FBFAFD	48136.5	22	1143	48114-48158
#FBFAFD	48136	21.5	1143	48114-48158
#FEFEFE	48136	22.5	1144	48114-48159
#FEFEFE	48136.5	23	1144	48114-48159
#FEFEFE	48137	22.5	1144	48114-48159
#FEFEFE	48136.5	22	1144	48114-48159
#FEFDFD	48136.5	23	1145	48114-48160
#FEFDFD	48137	23.5	1145	48114-48160
#FEFDFD	48137.5	23	1145	48114-48160
#FEFDFD	48137	22.5	1145	48114-48160
#FEFEFE	48137	23.5	1146	48114-48161
#FEFEFE	48137.5	24	1146	48114-48161
#FEFEFE	48138	23.5	1146	48114-48161
#FEFEFE	48137.5	23	1146	48114-48161
#FDFDFE	48137.5	24	1147	48114-48162
#FDFDFE	48138	24.5	1147	48114-48162
#FDFDFE	48138.5	24	1147	48114-48162
#FDFDFE	48138	23.5	1147	48114-48162
#FDFDFE	48138	24.5	1148	48114-48163
#FDFDFE	48138.5	25	1148	48114-48163
#FDFDFE	48139	24.5	1148	48114-48163
#FDFDFE	48138.5	24	1148	48114-48163
#C48A83	48114.5	0	1149	48115-48115
#C48A83	48115	0.5	1149	48115-48115
#C48A83	48115.5	0	1149	48115-48115
#C48A83	48115	-0.5	1149	48115-48115
#D7ABA6	48115	0.5	1150	48115-48116
#D7ABA6	48115.5	1	1150	48115-48116
#D7ABA6	48116	0.5	1150	48115-48116
#D7ABA6	48115.5	0	1150	48115-48116
#C68D87	48115.5	1	1151	48115-48117
#C68D87	48116	1.5	1151	48115-48117
#C68D87	48116.5	1	1151	48115-48117
#C68D87	48116	0.5	1151	48115-48117
#D5A7A2	48116	1.5	1152	48115-48118
#D5A7A2	48116.5	2	1152	48115-48118
#D5A7A2	48117	1.5	1152	48115-48118
#D5A7A2	48116.5	1	1152	48115-48118
#DFBBB7	48116.5	2	1153	48115-48119
#DFBBB7	48117	2.5	1153	48115-48119
#DFBBB7	48117.5	2	1153	48115-48119
#DFBBB7	48117	1.5	1153	48115-48119
#F8EEED	48117	2.5	1154	48115-48120
#F8EEED	48117.5	3	1154	48115-48120
#F8EEED	48118	2.5	1154	48115-48120
#F8EEED	48117.5	2	1154	48115-48120
#FEFDFD	48117.5	3	1155	48115-48121
#FEFDFD	48118	3.5	1155	48115-48121
#FEFDFD	48118.5	3	1155	48115-48121
#FEFDFD	48118	2.5	1155	48115-48121
#F2E3E1	48118	3.5	1156	48115-48122
#F2E3E1	48118.5	4	1156	48115-48122
#F2E3E1	48119	3.5	1156	48115-48122
#F2E3E1	48118.5	3	1156	48115-48122
#FEFEFE	48118.5	4	1157	48115-48123
#FEFEFE	48119	4.5	1157	48115-48123
#FEFEFE	48119.5	4	1157	48115-48123
#FEFEFE	48119	3.5	1157	48115-48123
#FBF6F5	48119	4.5	1158	48115-48124
#FBF6F5	48119.5	5	1158	48115-48124
#FBF6F5	48120	4.5	1158	48115-48124
#FBF6F5	48119.5	4	1158	48115-48124
#FEFCFB	48119.5	5	1159	48115-48125
#FEFCFB	48120	5.5	1159	48115-48125
#FEFCFB	48120.5	5	1159	48115-48125
#FEFCFB	48120	4.5	1159	48115-48125
#FEFDFD	48120	5.5	1160	48115-48126
#FEFDFD	48120.5	6	1160	48115-48126
#FEFDFD	48121	5.5	1160	48115-48126
#FEFDFD	48120.5	5	1160	48115-48126
#FDFAF9	48120.5	6	1161	48115-48127
#FDFAF9	48121	6.5	1161	48115-48127
#FDFAF9	48121.5	6	1161	48115-48127
#FDFAF9	48121	5.5	1161	48115-48127
#FDFAFA	48121	6.5	1162	48115-48128
#FDFAFA	48121.5	7	1162	48115-48128
#FDFAFA	48122	6.5	1162	48115-48128
#FDFAFA	48121.5	6	1162	48115-48128
#FBF6F5	48121.5	7	1163	48115-48129
#FBF6F5	48122	7.5	1163	48115-48129
#FBF6F5	48122.5	7	1163	48115-48129
#FBF6F5	48122	6.5	1163	48115-48129
#FDFAFA	48122	7.5	1164	48115-48130
#FDFAFA	48122.5	8	1164	48115-48130
#FDFAFA	48123	7.5	1164	48115-48130
#FDFAFA	48122.5	7	1164	48115-48130
#FFFEFE	48122.5	8	1165	48115-48131
#FFFEFE	48123	8.5	1165	48115-48131
#FFFEFE	48123.5	8	1165	48115-48131
#FFFEFE	48123	7.5	1165	48115-48131
#FAF3F2	48123	8.5	1166	48115-48132
#FAF3F2	48123.5	9	1166	48115-48132
#FAF3F2	48124	8.5	1166	48115-48132
#FAF3F2	48123.5	8	1166	48115-48132
#F7EDEB	48123.5	9	1167	48115-48133
#F7EDEB	48124	9.5	1167	48115-48133
#F7EDEB	48124.5	9	1167	48115-48133
#F7EDEB	48124	8.5	1167	48115-48133
#FDFAFA	48124	9.5	1168	48115-48134
#FDFAFA	48124.5	10	1168	48115-48134
#FDFAFA	48125	9.5	1168	48115-48134
#FDFAFA	48124.5	9	1168	48115-48134
#FCF8F7	48124.5	10	1169	48115-48135
#FCF8F7	48125	10.5	1169	48115-48135
#FCF8F7	48125.5	10	1169	48115-48135
#FCF8F7	48125	9.5	1169	48115-48135
#FDFBFB	48125	10.5	1170	48115-48136
#FDFBFB	48125.5	11	1170	48115-48136
#FDFBFB	48126	10.5	1170	48115-48136
#FDFBFB	48125.5	10	1170	48115-48136
#FEFCFB	48125.5	11	1171	48115-48137
#FEFCFB	48126	11.5	1171	48115-48137
#FEFCFB	48126.5	11	1171	48115-48137
#FEFCFB	48126	10.5	1171	48115-48137
#F9F1F0	48126	11.5	1172	48115-48138
#F9F1F0	48126.5	12	1172	48115-48138
#F9F1F0	48127	11.5	1172	48115-48138
#F9F1F0	48126.5	11	1172	48115-48138
#F5E7E5	48126.5	12	1173	48115-48139
#F5E7E5	48127	12.5	1173	48115-48139
#F5E7E5	48127.5	12	1173	48115-48139
#F5E7E5	48127	11.5	1173	48115-48139
#F7ECEB	48127	12.5	1174	48115-48140
#F7ECEB	48127.5	13	1174	48115-48140
#F7ECEB	48128	12.5	1174	48115-48140
#F7ECEB	48127.5	12	1174	48115-48140
#F8EEED	48127.5	13	1175	48115-48141
#F8EEED	48128	13.5	1175	48115-48141
#F8EEED	48128.5	13	1175	48115-48141
#F8EEED	48128	12.5	1175	48115-48141
#FAF4F4	48128	13.5	1176	48115-48142
#FAF4F4	48128.5	14	1176	48115-48142
#FAF4F4	48129	13.5	1176	48115-48142
#FAF4F4	48128.5	13	1176	48115-48142
#FDF9F9	48128.5	14	1177	48115-48143
#FDF9F9	48129	14.5	1177	48115-48143
#FDF9F9	48129.5	14	1177	48115-48143
#FDF9F9	48129	13.5	1177	48115-48143
#FDFAFA	48129	14.5	1178	48115-48144
#FDFAFA	48129.5	15	1178	48115-48144
#FDFAFA	48130	14.5	1178	48115-48144
#FDFAFA	48129.5	14	1178	48115-48144
#FCF8F7	48129.5	15	1179	48115-48145
#FCF8F7	48130	15.5	1179	48115-48145
#FCF8F7	48130.5	15	1179	48115-48145
#FCF8F7	48130	14.5	1179	48115-48145
#FCF7F6	48130	15.5	1180	48115-48146
#FCF7F6	48130.5	16	1180	48115-48146
#FCF7F6	48131	15.5	1180	48115-48146
#FCF7F6	48130.5	15	1180	48115-48146
#FFFFFF	48130.5	16	1181	48115-48147
#FFFFFF	48131	16.5	1181	48115-48147
#FFFFFF	48131.5	16	1181	48115-48147
#FFFFFF	48131	15.5	1181	48115-48147
#FDFAFA	48131	16.5	1182	48115-48148
#FDFAFA	48131.5	17	1182	48115-48148
#FDFAFA	48132	16.5	1182	48115-48148
#FDFAFA	48131.5	16	1182	48115-48148
#FDFDFE	48131.5	17	1183	48115-48149
#FDFDFE	48132	17.5	1183	48115-48149
#FDFDFE	48132.5	17	1183	48115-48149
#FDFDFE	48132	16.5	1183	48115-48149
#FFFEFF	48132	17.5	1184	48115-48150
#FFFEFF	48132.5	18	1184	48115-48150
#FFFEFF	48133	17.5	1184	48115-48150
#FFFEFF	48132.5	17	1184	48115-48150
#FFFFFF	48132.5	18	1185	48115-48151
#FFFFFF	48133	18.5	1185	48115-48151
#FFFFFF	48133.5	18	1185	48115-48151
#FFFFFF	48133	17.5	1185	48115-48151
#FDFAF9	48133	18.5	1186	48115-48152
#FDFAF9	48133.5	19	1186	48115-48152
#FDFAF9	48134	18.5	1186	48115-48152
#FDFAF9	48133.5	18	1186	48115-48152
#F5F4FA	48133.5	19	1187	48115-48153
#F5F4FA	48134	19.5	1187	48115-48153
#F5F4FA	48134.5	19	1187	48115-48153
#F5F4FA	48134	18.5	1187	48115-48153
#FFFFFE	48134	19.5	1188	48115-48154
#FFFFFE	48134.5	20	1188	48115-48154
#FFFFFE	48135	19.5	1188	48115-48154
#FFFFFE	48134.5	19	1188	48115-48154
#FDFAF9	48134.5	20	1189	48115-48155
#FDFAF9	48135	20.5	1189	48115-48155
#FDFAF9	48135.5	20	1189	48115-48155
#FDFAF9	48135	19.5	1189	48115-48155
#FEFCFC	48135	20.5	1190	48115-48156
#FEFCFC	48135.5	21	1190	48115-48156
#FEFCFC	48136	20.5	1190	48115-48156
#FEFCFC	48135.5	20	1190	48115-48156
#FEFDFD	48135.5	21	1191	48115-48157
#FEFDFD	48136	21.5	1191	48115-48157
#FEFDFD	48136.5	21	1191	48115-48157
#FEFDFD	48136	20.5	1191	48115-48157
#FDFBFA	48136	21.5	1192	48115-48158
#FDFBFA	48136.5	22	1192	48115-48158
#FDFBFA	48137	21.5	1192	48115-48158
#FDFBFA	48136.5	21	1192	48115-48158
#FAF3F2	48136.5	22	1193	48115-48159
#FAF3F2	48137	22.5	1193	48115-48159
#FAF3F2	48137.5	22	1193	48115-48159
#FAF3F2	48137	21.5	1193	48115-48159
#FDFBFA	48137	22.5	1194	48115-48160
#FDFBFA	48137.5	23	1194	48115-48160
#FDFBFA	48138	22.5	1194	48115-48160
#FDFBFA	48137.5	22	1194	48115-48160
#EEEBF6	48137.5	23	1195	48115-48161
#EEEBF6	48138	23.5	1195	48115-48161
#EEEBF6	48138.5	23	1195	48115-48161
#EEEBF6	48138	22.5	1195	48115-48161
#FFFFFF	48138	23.5	1196	48115-48162
#FFFFFF	48138.5	24	1196	48115-48162
#FFFFFF	48139	23.5	1196	48115-48162
#FFFFFF	48138.5	23	1196	48115-48162
#FBFBFD	48138.5	24	1197	48115-48163
#FBFBFD	48139	24.5	1197	48115-48163
#FBFBFD	48139.5	24	1197	48115-48163
#FBFBFD	48139	23.5	1197	48115-48163
#F9F8FC	48139	24.5	1198	48115-48164
#F9F8FC	48139.5	25	1198	48115-48164
#F9F8FC	48140	24.5	1198	48115-48164
#F9F8FC	48139.5	24	1198	48115-48164
#B46F68	48115.5	0	1199	48116-48116
#B46F68	48116	0.5	1199	48116-48116
#B46F68	48116.5	0	1199	48116-48116
#B46F68	48116	-0.5	1199	48116-48116
#D2A19C	48116	0.5	1200	48116-48117
#D2A19C	48116.5	1	1200	48116-48117
#D2A19C	48117	0.5	1200	48116-48117
#D2A19C	48116.5	0	1200	48116-48117
#E4C5C1	48116.5	1	1201	48116-48118
#E4C5C1	48117	1.5	1201	48116-48118
#E4C5C1	48117.5	1	1201	48116-48118
#E4C5C1	48117	0.5	1201	48116-48118
#E9CFCC	48117	1.5	1202	48116-48119
#E9CFCC	48117.5	2	1202	48116-48119
#E9CFCC	48118	1.5	1202	48116-48119
#E9CFCC	48117.5	1	1202	48116-48119
#FBFAFD	48117.5	2	1203	48116-48120
#FBFAFD	48118	2.5	1203	48116-48120
#FBFAFD	48118.5	2	1203	48116-48120
#FBFAFD	48118	1.5	1203	48116-48120
#F6F4FA	48118	2.5	1204	48116-48121
#F6F4FA	48118.5	3	1204	48116-48121
#F6F4FA	48119	2.5	1204	48116-48121
#F6F4FA	48118.5	2	1204	48116-48121
#FFFEFE	48118.5	3	1205	48116-48122
#FFFEFE	48119	3.5	1205	48116-48122
#FFFEFE	48119.5	3	1205	48116-48122
#FFFEFE	48119	2.5	1205	48116-48122
#FDFDFE	48119	3.5	1206	48116-48123
#FDFDFE	48119.5	4	1206	48116-48123
#FDFDFE	48120	3.5	1206	48116-48123
#FDFDFE	48119.5	3	1206	48116-48123
#FAFAFC	48119.5	4	1207	48116-48124
#FAFAFC	48120	4.5	1207	48116-48124
#FAFAFC	48120.5	4	1207	48116-48124
#FAFAFC	48120	3.5	1207	48116-48124
#FBFBFD	48120	4.5	1208	48116-48125
#FBFBFD	48120.5	5	1208	48116-48125
#FBFBFD	48121	4.5	1208	48116-48125
#FBFBFD	48120.5	4	1208	48116-48125
#FBFAFD	48120.5	5	1209	48116-48126
#FBFAFD	48121	5.5	1209	48116-48126
#FBFAFD	48121.5	5	1209	48116-48126
#FBFAFD	48121	4.5	1209	48116-48126
#F4F3F9	48121	5.5	1210	48116-48127
#F4F3F9	48121.5	6	1210	48116-48127
#F4F3F9	48122	5.5	1210	48116-48127
#F4F3F9	48121.5	5	1210	48116-48127
#F9F8FC	48121.5	6	1211	48116-48128
#F9F8FC	48122	6.5	1211	48116-48128
#F9F8FC	48122.5	6	1211	48116-48128
#F9F8FC	48122	5.5	1211	48116-48128
#FEFEFF	48122	6.5	1212	48116-48129
#FEFEFF	48122.5	7	1212	48116-48129
#FEFEFF	48123	6.5	1212	48116-48129
#FEFEFF	48122.5	6	1212	48116-48129
#FBFAFD	48122.5	7	1213	48116-48130
#FBFAFD	48123	7.5	1213	48116-48130
#FBFAFD	48123.5	7	1213	48116-48130
#FBFAFD	48123	6.5	1213	48116-48130
#F3F1F9	48123	7.5	1214	48116-48131
#F3F1F9	48123.5	8	1214	48116-48131
#F3F1F9	48124	7.5	1214	48116-48131
#F3F1F9	48123.5	7	1214	48116-48131
#FFFEFE	48123.5	8	1215	48116-48132
#FFFEFE	48124	8.5	1215	48116-48132
#FFFEFE	48124.5	8	1215	48116-48132
#FFFEFE	48124	7.5	1215	48116-48132
#FCF8F7	48124	8.5	1216	48116-48133
#FCF8F7	48124.5	9	1216	48116-48133
#FCF8F7	48125	8.5	1216	48116-48133
#FCF8F7	48124.5	8	1216	48116-48133
#F9F0EF	48124.5	9	1217	48116-48134
#F9F0EF	48125	9.5	1217	48116-48134
#F9F0EF	48125.5	9	1217	48116-48134
#F9F0EF	48125	8.5	1217	48116-48134
#FCFCFE	48125	9.5	1218	48116-48135
#FCFCFE	48125.5	10	1218	48116-48135
#FCFCFE	48126	9.5	1218	48116-48135
#FCFCFE	48125.5	9	1218	48116-48135
#FFFFFF	48125.5	10	1219	48116-48136
#FFFFFF	48126	10.5	1219	48116-48136
#FFFFFF	48126.5	10	1219	48116-48136
#FFFFFF	48126	9.5	1219	48116-48136
#FDFAFA	48126	10.5	1220	48116-48137
#FDFAFA	48126.5	11	1220	48116-48137
#FDFAFA	48127	10.5	1220	48116-48137
#FDFAFA	48126.5	10	1220	48116-48137
#F8EFED	48126.5	11	1221	48116-48138
#F8EFED	48127	11.5	1221	48116-48138
#F8EFED	48127.5	11	1221	48116-48138
#F8EFED	48127	10.5	1221	48116-48138
#FCF8F7	48127	11.5	1222	48116-48139
#FCF8F7	48127.5	12	1222	48116-48139
#FCF8F7	48128	11.5	1222	48116-48139
#FCF8F7	48127.5	11	1222	48116-48139
#FAF3F2	48127.5	12	1223	48116-48140
#FAF3F2	48128	12.5	1223	48116-48140
#FAF3F2	48128.5	12	1223	48116-48140
#FAF3F2	48128	11.5	1223	48116-48140
#F4E6E5	48128	12.5	1224	48116-48141
#F4E6E5	48128.5	13	1224	48116-48141
#F4E6E5	48129	12.5	1224	48116-48141
#F4E6E5	48128.5	12	1224	48116-48141
#FDFAF9	48128.5	13	1225	48116-48142
#FDFAF9	48129	13.5	1225	48116-48142
#FDFAF9	48129.5	13	1225	48116-48142
#FDFAF9	48129	12.5	1225	48116-48142
#FAF3F2	48129	13.5	1226	48116-48143
#FAF3F2	48129.5	14	1226	48116-48143
#FAF3F2	48130	13.5	1226	48116-48143
#FAF3F2	48129.5	13	1226	48116-48143
#FFFFFF	48129.5	14	1227	48116-48144
#FFFFFF	48130	14.5	1227	48116-48144
#FFFFFF	48130.5	14	1227	48116-48144
#FFFFFF	48130	13.5	1227	48116-48144
#FDFBFB	48130	14.5	1228	48116-48145
#FDFBFB	48130.5	15	1228	48116-48145
#FDFBFB	48131	14.5	1228	48116-48145
#FDFBFB	48130.5	14	1228	48116-48145
#F8F0EF	48130.5	15	1229	48116-48146
#F8F0EF	48131	15.5	1229	48116-48146
#F8F0EF	48131.5	15	1229	48116-48146
#F8F0EF	48131	14.5	1229	48116-48146
#FCF9F8	48131	15.5	1230	48116-48147
#FCF9F8	48131.5	16	1230	48116-48147
#FCF9F8	48132	15.5	1230	48116-48147
#FCF9F8	48131.5	15	1230	48116-48147
#F8F0EE	48131.5	16	1231	48116-48148
#F8F0EE	48132	16.5	1231	48116-48148
#F8F0EE	48132.5	16	1231	48116-48148
#F8F0EE	48132	15.5	1231	48116-48148
#FEFCFC	48132	16.5	1232	48116-48149
#FEFCFC	48132.5	17	1232	48116-48149
#FEFCFC	48133	16.5	1232	48116-48149
#FEFCFC	48132.5	16	1232	48116-48149
#FEFDFE	48132.5	17	1233	48116-48150
#FEFDFE	48133	17.5	1233	48116-48150
#FEFDFE	48133.5	17	1233	48116-48150
#FEFDFE	48133	16.5	1233	48116-48150
#FDFDFE	48133	17.5	1234	48116-48151
#FDFDFE	48133.5	18	1234	48116-48151
#FDFDFE	48134	17.5	1234	48116-48151
#FDFDFE	48133.5	17	1234	48116-48151
#FCF8F8	48133.5	18	1235	48116-48152
#FCF8F8	48134	18.5	1235	48116-48152
#FCF8F8	48134.5	18	1235	48116-48152
#FCF8F8	48134	17.5	1235	48116-48152
#FCFCFE	48134	18.5	1236	48116-48153
#FCFCFE	48134.5	19	1236	48116-48153
#FCFCFE	48135	18.5	1236	48116-48153
#FCFCFE	48134.5	18	1236	48116-48153
#FAFAFD	48134.5	19	1237	48116-48154
#FAFAFD	48135	19.5	1237	48116-48154
#FAFAFD	48135.5	19	1237	48116-48154
#FAFAFD	48135	18.5	1237	48116-48154
#F9F8FC	48135	19.5	1238	48116-48155
#F9F8FC	48135.5	20	1238	48116-48155
#F9F8FC	48136	19.5	1238	48116-48155
#F9F8FC	48135.5	19	1238	48116-48155
#FDFCFE	48135.5	20	1239	48116-48156
#FDFCFE	48136	20.5	1239	48116-48156
#FDFCFE	48136.5	20	1239	48116-48156
#FDFCFE	48136	19.5	1239	48116-48156
#F8F7FB	48136	20.5	1240	48116-48157
#F8F7FB	48136.5	21	1240	48116-48157
#F8F7FB	48137	20.5	1240	48116-48157
#F8F7FB	48136.5	20	1240	48116-48157
#FFFFFF	48136.5	21	1241	48116-48158
#FFFFFF	48137	21.5	1241	48116-48158
#FFFFFF	48137.5	21	1241	48116-48158
#FFFFFF	48137	20.5	1241	48116-48158
#FEFCFB	48137	21.5	1242	48116-48159
#FEFCFB	48137.5	22	1242	48116-48159
#FEFCFB	48138	21.5	1242	48116-48159
#FEFCFB	48137.5	21	1242	48116-48159
#FFFEFE	48137.5	22	1243	48116-48160
#FFFEFE	48138	22.5	1243	48116-48160
#FFFEFE	48138.5	22	1243	48116-48160
#FFFEFE	48138	21.5	1243	48116-48160
#FEFCFC	48138	22.5	1244	48116-48161
#FEFCFC	48138.5	23	1244	48116-48161
#FEFCFC	48139	22.5	1244	48116-48161
#FEFCFC	48138.5	22	1244	48116-48161
#FEFEFF	48138.5	23	1245	48116-48162
#FEFEFF	48139	23.5	1245	48116-48162
#FEFEFF	48139.5	23	1245	48116-48162
#FEFEFF	48139	22.5	1245	48116-48162
#FCFBFD	48139	23.5	1246	48116-48163
#FCFBFD	48139.5	24	1246	48116-48163
#FCFBFD	48140	23.5	1246	48116-48163
#FCFBFD	48139.5	23	1246	48116-48163
#FEFEFF	48139.5	24	1247	48116-48164
#FEFEFF	48140	24.5	1247	48116-48164
#FEFEFF	48140.5	24	1247	48116-48164
#FEFEFF	48140	23.5	1247	48116-48164
#FDFAFA	48140	24.5	1248	48116-48165
#FDFAFA	48140.5	25	1248	48116-48165
#FDFAFA	48141	24.5	1248	48116-48165
#FDFAFA	48140.5	24	1248	48116-48165
#CF9D96	48116.5	0	1249	48117-48117
#CF9D96	48117	0.5	1249	48117-48117
#CF9D96	48117.5	0	1249	48117-48117
#CF9D96	48117	-0.5	1249	48117-48117
#E4C4C0	48117	0.5	1250	48117-48118
#E4C4C0	48117.5	1	1250	48117-48118
#E4C4C0	48118	0.5	1250	48117-48118
#E4C4C0	48117.5	0	1250	48117-48118
#E5C7C3	48117.5	1	1251	48117-48119
#E5C7C3	48118	1.5	1251	48117-48119
#E5C7C3	48118.5	1	1251	48117-48119
#E5C7C3	48118	0.5	1251	48117-48119
#FEFEFE	48118	1.5	1252	48117-48120
#FEFEFE	48118.5	2	1252	48117-48120
#FEFEFE	48119	1.5	1252	48117-48120
#FEFEFE	48118.5	1	1252	48117-48120
#F7F6FB	48118.5	2	1253	48117-48121
#F7F6FB	48119	2.5	1253	48117-48121
#F7F6FB	48119.5	2	1253	48117-48121
#F7F6FB	48119	1.5	1253	48117-48121
#FEFCFB	48119	2.5	1254	48117-48122
#FEFCFB	48119.5	3	1254	48117-48122
#FEFCFB	48120	2.5	1254	48117-48122
#FEFCFB	48119.5	2	1254	48117-48122
#FEFDFD	48119.5	3	1255	48117-48123
#FEFDFD	48120	3.5	1255	48117-48123
#FEFDFD	48120.5	3	1255	48117-48123
#FEFDFD	48120	2.5	1255	48117-48123
#FBFAFD	48120	3.5	1256	48117-48124
#FBFAFD	48120.5	4	1256	48117-48124
#FBFAFD	48121	3.5	1256	48117-48124
#FBFAFD	48120.5	3	1256	48117-48124
#F1EFF7	48120.5	4	1257	48117-48125
#F1EFF7	48121	4.5	1257	48117-48125
#F1EFF7	48121.5	4	1257	48117-48125
#F1EFF7	48121	3.5	1257	48117-48125
#F0EEF7	48121	4.5	1258	48117-48126
#F0EEF7	48121.5	5	1258	48117-48126
#F0EEF7	48122	4.5	1258	48117-48126
#F0EEF7	48121.5	4	1258	48117-48126
#F1EFF8	48121.5	5	1259	48117-48127
#F1EFF8	48122	5.5	1259	48117-48127
#F1EFF8	48122.5	5	1259	48117-48127
#F1EFF8	48122	4.5	1259	48117-48127
#FAF9FC	48122	5.5	1260	48117-48128
#FAF9FC	48122.5	6	1260	48117-48128
#FAF9FC	48123	5.5	1260	48117-48128
#FAF9FC	48122.5	5	1260	48117-48128
#F9F8FC	48122.5	6	1261	48117-48129
#F9F8FC	48123	6.5	1261	48117-48129
#F9F8FC	48123.5	6	1261	48117-48129
#F9F8FC	48123	5.5	1261	48117-48129
#EFEDF6	48123	6.5	1262	48117-48130
#EFEDF6	48123.5	7	1262	48117-48130
#EFEDF6	48124	6.5	1262	48117-48130
#EFEDF6	48123.5	6	1262	48117-48130
#F8F6FB	48123.5	7	1263	48117-48131
#F8F6FB	48124	7.5	1263	48117-48131
#F8F6FB	48124.5	7	1263	48117-48131
#F8F6FB	48124	6.5	1263	48117-48131
#FCFBFD	48124	7.5	1264	48117-48132
#FCFBFD	48124.5	8	1264	48117-48132
#FCFBFD	48125	7.5	1264	48117-48132
#FCFBFD	48124.5	7	1264	48117-48132
#F3E4E2	48124.5	8	1265	48117-48133
#F3E4E2	48125	8.5	1265	48117-48133
#F3E4E2	48125.5	8	1265	48117-48133
#F3E4E2	48125	7.5	1265	48117-48133
#FDFAFA	48125	8.5	1266	48117-48134
#FDFAFA	48125.5	9	1266	48117-48134
#FDFAFA	48126	8.5	1266	48117-48134
#FDFAFA	48125.5	8	1266	48117-48134
#FAFAFD	48125.5	9	1267	48117-48135
#FAFAFD	48126	9.5	1267	48117-48135
#FAFAFD	48126.5	9	1267	48117-48135
#FAFAFD	48126	8.5	1267	48117-48135
#FFFFFF	48126	9.5	1268	48117-48136
#FFFFFF	48126.5	10	1268	48117-48136
#FFFFFF	48127	9.5	1268	48117-48136
#FFFFFF	48126.5	9	1268	48117-48136
#FCFCFE	48126.5	10	1269	48117-48137
#FCFCFE	48127	10.5	1269	48117-48137
#FCFCFE	48127.5	10	1269	48117-48137
#FCFCFE	48127	9.5	1269	48117-48137
#FCF8F8	48127	10.5	1270	48117-48138
#FCF8F8	48127.5	11	1270	48117-48138
#FCF8F8	48128	10.5	1270	48117-48138
#FCF8F8	48127.5	10	1270	48117-48138
#FAF3F2	48127.5	11	1271	48117-48139
#FAF3F2	48128	11.5	1271	48117-48139
#FAF3F2	48128.5	11	1271	48117-48139
#FAF3F2	48128	10.5	1271	48117-48139
#F7ECEA	48128	11.5	1272	48117-48140
#F7ECEA	48128.5	12	1272	48117-48140
#F7ECEA	48129	11.5	1272	48117-48140
#F7ECEA	48128.5	11	1272	48117-48140
#FBF5F4	48128.5	12	1273	48117-48141
#FBF5F4	48129	12.5	1273	48117-48141
#FBF5F4	48129.5	12	1273	48117-48141
#FBF5F4	48129	11.5	1273	48117-48141
#FFFEFE	48129	12.5	1274	48117-48142
#FFFEFE	48129.5	13	1274	48117-48142
#FFFEFE	48130	12.5	1274	48117-48142
#FFFEFE	48129.5	12	1274	48117-48142
#FCF7F7	48129.5	13	1275	48117-48143
#FCF7F7	48130	13.5	1275	48117-48143
#FCF7F7	48130.5	13	1275	48117-48143
#FCF7F7	48130	12.5	1275	48117-48143
#FDFAF9	48130	13.5	1276	48117-48144
#FDFAF9	48130.5	14	1276	48117-48144
#FDFAF9	48131	13.5	1276	48117-48144
#FDFAF9	48130.5	13	1276	48117-48144
#FCF7F6	48130.5	14	1277	48117-48145
#FCF7F6	48131	14.5	1277	48117-48145
#FCF7F6	48131.5	14	1277	48117-48145
#FCF7F6	48131	13.5	1277	48117-48145
#FFFFFF	48131	14.5	1278	48117-48146
#FFFFFF	48131.5	15	1278	48117-48146
#FFFFFF	48132	14.5	1278	48117-48146
#FFFFFF	48131.5	14	1278	48117-48146
#FEFCFC	48131.5	15	1279	48117-48147
#FEFCFC	48132	15.5	1279	48117-48147
#FEFCFC	48132.5	15	1279	48117-48147
#FEFCFC	48132	14.5	1279	48117-48147
#FCF7F6	48132	15.5	1280	48117-48148
#FCF7F6	48132.5	16	1280	48117-48148
#FCF7F6	48133	15.5	1280	48117-48148
#FCF7F6	48132.5	15	1280	48117-48148
#FBF7F6	48132.5	16	1281	48117-48149
#FBF7F6	48133	16.5	1281	48117-48149
#FBF7F6	48133.5	16	1281	48117-48149
#FBF7F6	48133	15.5	1281	48117-48149
#FFFEFE	48133	16.5	1282	48117-48150
#FFFEFE	48133.5	17	1282	48117-48150
#FFFEFE	48134	16.5	1282	48117-48150
#FFFEFE	48133.5	16	1282	48117-48150
#FBFBFD	48133.5	17	1283	48117-48151
#FBFBFD	48134	17.5	1283	48117-48151
#FBFBFD	48134.5	17	1283	48117-48151
#FBFBFD	48134	16.5	1283	48117-48151
#FDFDFE	48134	17.5	1284	48117-48152
#FDFDFE	48134.5	18	1284	48117-48152
#FDFDFE	48135	17.5	1284	48117-48152
#FDFDFE	48134.5	17	1284	48117-48152
#FAF9FC	48134.5	18	1285	48117-48153
#FAF9FC	48135	18.5	1285	48117-48153
#FAF9FC	48135.5	18	1285	48117-48153
#FAF9FC	48135	17.5	1285	48117-48153
#FCFBFD	48135	18.5	1286	48117-48154
#FCFBFD	48135.5	19	1286	48117-48154
#FCFBFD	48136	18.5	1286	48117-48154
#FCFBFD	48135.5	18	1286	48117-48154
#F9F8FC	48135.5	19	1287	48117-48155
#F9F8FC	48136	19.5	1287	48117-48155
#F9F8FC	48136.5	19	1287	48117-48155
#F9F8FC	48136	18.5	1287	48117-48155
#FAF9FC	48136	19.5	1288	48117-48156
#FAF9FC	48136.5	20	1288	48117-48156
#FAF9FC	48137	19.5	1288	48117-48156
#FAF9FC	48136.5	19	1288	48117-48156
#F8F8FB	48136.5	20	1289	48117-48157
#F8F8FB	48137	20.5	1289	48117-48157
#F8F8FB	48137.5	20	1289	48117-48157
#F8F8FB	48137	19.5	1289	48117-48157
#FDFDFE	48137	20.5	1290	48117-48158
#FDFDFE	48137.5	21	1290	48117-48158
#FDFDFE	48138	20.5	1290	48117-48158
#FDFDFE	48137.5	20	1290	48117-48158
#FFFEFE	48137.5	21	1291	48117-48159
#FFFEFE	48138	21.5	1291	48117-48159
#FFFEFE	48138.5	21	1291	48117-48159
#FFFEFE	48138	20.5	1291	48117-48159
#FEFCFC	48138	21.5	1292	48117-48160
#FEFCFC	48138.5	22	1292	48117-48160
#FEFCFC	48139	21.5	1292	48117-48160
#FEFCFC	48138.5	21	1292	48117-48160
#FCFCFD	48138.5	22	1293	48117-48161
#FCFCFD	48139	22.5	1293	48117-48161
#FCFCFD	48139.5	22	1293	48117-48161
#FCFCFD	48139	21.5	1293	48117-48161
#FCF9F8	48139	22.5	1294	48117-48162
#FCF9F8	48139.5	23	1294	48117-48162
#FCF9F8	48140	22.5	1294	48117-48162
#FCF9F8	48139.5	22	1294	48117-48162
#FEFCFC	48139.5	23	1295	48117-48163
#FEFCFC	48140	23.5	1295	48117-48163
#FEFCFC	48140.5	23	1295	48117-48163
#FEFCFC	48140	22.5	1295	48117-48163
#FFFFFF	48140	23.5	1296	48117-48164
#FFFFFF	48140.5	24	1296	48117-48164
#FFFFFF	48141	23.5	1296	48117-48164
#FFFFFF	48140.5	23	1296	48117-48164
#FBF6F5	48140.5	24	1297	48117-48165
#FBF6F5	48141	24.5	1297	48117-48165
#FBF6F5	48141.5	24	1297	48117-48165
#FBF6F5	48141	23.5	1297	48117-48165
#F9F8FB	48141	24.5	1298	48117-48166
#F9F8FB	48141.5	25	1298	48117-48166
#F9F8FB	48142	24.5	1298	48117-48166
#F9F8FB	48141.5	24	1298	48117-48166
#B16A63	48117.5	0	1299	48118-48118
#B16A63	48118	0.5	1299	48118-48118
#B16A63	48118.5	0	1299	48118-48118
#B16A63	48118	-0.5	1299	48118-48118
#F2E2E0	48118	0.5	1300	48118-48119
#F2E2E0	48118.5	1	1300	48118-48119
#F2E2E0	48119	0.5	1300	48118-48119
#F2E2E0	48118.5	0	1300	48118-48119
#FAF4F4	48118.5	1	1301	48118-48120
#FAF4F4	48119	1.5	1301	48118-48120
#FAF4F4	48119.5	1	1301	48118-48120
#FAF4F4	48119	0.5	1301	48118-48120
#FEFDFC	48119	1.5	1302	48118-48121
#FEFDFC	48119.5	2	1302	48118-48121
#FEFDFC	48120	1.5	1302	48118-48121
#FEFDFC	48119.5	1	1302	48118-48121
#F0DEDB	48119.5	2	1303	48118-48122
#F0DEDB	48120	2.5	1303	48118-48122
#F0DEDB	48120.5	2	1303	48118-48122
#F0DEDB	48120	1.5	1303	48118-48122
#F9F2F1	48120	2.5	1304	48118-48123
#F9F2F1	48120.5	3	1304	48118-48123
#F9F2F1	48121	2.5	1304	48118-48123
#F9F2F1	48120.5	2	1304	48118-48123
#F8F0EE	48120.5	3	1305	48118-48124
#F8F0EE	48121	3.5	1305	48118-48124
#F8F0EE	48121.5	3	1305	48118-48124
#F8F0EE	48121	2.5	1305	48118-48124
#FBF6F6	48121	3.5	1306	48118-48125
#FBF6F6	48121.5	4	1306	48118-48125
#FBF6F6	48122	3.5	1306	48118-48125
#FBF6F6	48121.5	3	1306	48118-48125
#FCFBFD	48121.5	4	1307	48118-48126
#FCFBFD	48122	4.5	1307	48118-48126
#FCFBFD	48122.5	4	1307	48118-48126
#FCFBFD	48122	3.5	1307	48118-48126
#D8D3EA	48122	4.5	1308	48118-48127
#D8D3EA	48122.5	5	1308	48118-48127
#D8D3EA	48123	4.5	1308	48118-48127
#D8D3EA	48122.5	4	1308	48118-48127
#F8F6FB	48122.5	5	1309	48118-48128
#F8F6FB	48123	5.5	1309	48118-48128
#F8F6FB	48123.5	5	1309	48118-48128
#F8F6FB	48123	4.5	1309	48118-48128
#FCFCFD	48123	5.5	1310	48118-48129
#FCFCFD	48123.5	6	1310	48118-48129
#FCFCFD	48124	5.5	1310	48118-48129
#FCFCFD	48123.5	5	1310	48118-48129
#EEEBF6	48123.5	6	1311	48118-48130
#EEEBF6	48124	6.5	1311	48118-48130
#EEEBF6	48124.5	6	1311	48118-48130
#EEEBF6	48124	5.5	1311	48118-48130
#FFFEFF	48124	6.5	1312	48118-48131
#FFFEFF	48124.5	7	1312	48118-48131
#FFFEFF	48125	6.5	1312	48118-48131
#FFFEFF	48124.5	6	1312	48118-48131
#F6EBE9	48124.5	7	1313	48118-48132
#F6EBE9	48125	7.5	1313	48118-48132
#F6EBE9	48125.5	7	1313	48118-48132
#F6EBE9	48125	6.5	1313	48118-48132
#F1DFDD	48125	7.5	1314	48118-48133
#F1DFDD	48125.5	8	1314	48118-48133
#F1DFDD	48126	7.5	1314	48118-48133
#F1DFDD	48125.5	7	1314	48118-48133
#F3E5E3	48125.5	8	1315	48118-48134
#F3E5E3	48126	8.5	1315	48118-48134
#F3E5E3	48126.5	8	1315	48118-48134
#F3E5E3	48126	7.5	1315	48118-48134
#FEFDFD	48126	8.5	1316	48118-48135
#FEFDFD	48126.5	9	1316	48118-48135
#FEFDFD	48127	8.5	1316	48118-48135
#FEFDFD	48126.5	8	1316	48118-48135
#FFFFFF	48126.5	9	1317	48118-48136
#FFFFFF	48127	9.5	1317	48118-48136
#FFFFFF	48127.5	9	1317	48118-48136
#FFFFFF	48127	8.5	1317	48118-48136
#FEFDFE	48127	9.5	1318	48118-48137
#FEFDFE	48127.5	10	1318	48118-48137
#FEFDFE	48128	9.5	1318	48118-48137
#FEFDFE	48127.5	9	1318	48118-48137
#F7F6FB	48127.5	10	1319	48118-48138
#F7F6FB	48128	10.5	1319	48118-48138
#F7F6FB	48128.5	10	1319	48118-48138
#F7F6FB	48128	9.5	1319	48118-48138
#EFDBD9	48128	10.5	1320	48118-48139
#EFDBD9	48128.5	11	1320	48118-48139
#EFDBD9	48129	10.5	1320	48118-48139
#EFDBD9	48128.5	10	1320	48118-48139
#FBF6F5	48128.5	11	1321	48118-48140
#FBF6F5	48129	11.5	1321	48118-48140
#FBF6F5	48129.5	11	1321	48118-48140
#FBF6F5	48129	10.5	1321	48118-48140
#FBF6F5	48129	11.5	1322	48118-48141
#FBF6F5	48129.5	12	1322	48118-48141
#FBF6F5	48130	11.5	1322	48118-48141
#FBF6F5	48129.5	11	1322	48118-48141
#FFFEFE	48129.5	12	1323	48118-48142
#FFFEFE	48130	12.5	1323	48118-48142
#FFFEFE	48130.5	12	1323	48118-48142
#FFFEFE	48130	11.5	1323	48118-48142
#FEFDFD	48130	12.5	1324	48118-48143
#FEFDFD	48130.5	13	1324	48118-48143
#FEFDFD	48131	12.5	1324	48118-48143
#FEFDFD	48130.5	12	1324	48118-48143
#F7ECEB	48130.5	13	1325	48118-48144
#F7ECEB	48131	13.5	1325	48118-48144
#F7ECEB	48131.5	13	1325	48118-48144
#F7ECEB	48131	12.5	1325	48118-48144
#FEFEFF	48131	13.5	1326	48118-48145
#FEFEFF	48131.5	14	1326	48118-48145
#FEFEFF	48132	13.5	1326	48118-48145
#FEFEFF	48131.5	13	1326	48118-48145
#F2E1DF	48131.5	14	1327	48118-48146
#F2E1DF	48132	14.5	1327	48118-48146
#F2E1DF	48132.5	14	1327	48118-48146
#F2E1DF	48132	13.5	1327	48118-48146
#FEFDFC	48132	14.5	1328	48118-48147
#FEFDFC	48132.5	15	1328	48118-48147
#FEFDFC	48133	14.5	1328	48118-48147
#FEFDFC	48132.5	14	1328	48118-48147
#FBF6F5	48132.5	15	1329	48118-48148
#FBF6F5	48133	15.5	1329	48118-48148
#FBF6F5	48133.5	15	1329	48118-48148
#FBF6F5	48133	14.5	1329	48118-48148
#FCF9F8	48133	15.5	1330	48118-48149
#FCF9F8	48133.5	16	1330	48118-48149
#FCF9F8	48134	15.5	1330	48118-48149
#FCF9F8	48133.5	15	1330	48118-48149
#FCFCFE	48133.5	16	1331	48118-48150
#FCFCFE	48134	16.5	1331	48118-48150
#FCFCFE	48134.5	16	1331	48118-48150
#FCFCFE	48134	15.5	1331	48118-48150
#FEFDFD	48134	16.5	1332	48118-48151
#FEFDFD	48134.5	17	1332	48118-48151
#FEFDFD	48135	16.5	1332	48118-48151
#FEFDFD	48134.5	16	1332	48118-48151
#FEFEFF	48134.5	17	1333	48118-48152
#FEFEFF	48135	17.5	1333	48118-48152
#FEFEFF	48135.5	17	1333	48118-48152
#FEFEFF	48135	16.5	1333	48118-48152
#FEFEFE	48135	17.5	1334	48118-48153
#FEFEFE	48135.5	18	1334	48118-48153
#FEFEFE	48136	17.5	1334	48118-48153
#FEFEFE	48135.5	17	1334	48118-48153
#FCFCFD	48135.5	18	1335	48118-48154
#FCFCFD	48136	18.5	1335	48118-48154
#FCFCFD	48136.5	18	1335	48118-48154
#FCFCFD	48136	17.5	1335	48118-48154
#FFFFFF	48136	18.5	1336	48118-48155
#FFFFFF	48136.5	19	1336	48118-48155
#FFFFFF	48137	18.5	1336	48118-48155
#FFFFFF	48136.5	18	1336	48118-48155
#FCFCFE	48136.5	19	1337	48118-48156
#FCFCFE	48137	19.5	1337	48118-48156
#FCFCFE	48137.5	19	1337	48118-48156
#FCFCFE	48137	18.5	1337	48118-48156
#FEFEFE	48137	19.5	1338	48118-48157
#FEFEFE	48137.5	20	1338	48118-48157
#FEFEFE	48138	19.5	1338	48118-48157
#FEFEFE	48137.5	19	1338	48118-48157
#FEFDFD	48137.5	20	1339	48118-48158
#FEFDFD	48138	20.5	1339	48118-48158
#FEFDFD	48138.5	20	1339	48118-48158
#FEFDFD	48138	19.5	1339	48118-48158
#FAF4F3	48138	20.5	1340	48118-48159
#FAF4F3	48138.5	21	1340	48118-48159
#FAF4F3	48139	20.5	1340	48118-48159
#FAF4F3	48138.5	20	1340	48118-48159
#FBF5F4	48138.5	21	1341	48118-48160
#FBF5F4	48139	21.5	1341	48118-48160
#FBF5F4	48139.5	21	1341	48118-48160
#FBF5F4	48139	20.5	1341	48118-48160
#FDFAFA	48139	21.5	1342	48118-48161
#FDFAFA	48139.5	22	1342	48118-48161
#FDFAFA	48140	21.5	1342	48118-48161
#FDFAFA	48139.5	21	1342	48118-48161
#FCF9F8	48139.5	22	1343	48118-48162
#FCF9F8	48140	22.5	1343	48118-48162
#FCF9F8	48140.5	22	1343	48118-48162
#FCF9F8	48140	21.5	1343	48118-48162
#FEFCFC	48140	22.5	1344	48118-48163
#FEFCFC	48140.5	23	1344	48118-48163
#FEFCFC	48141	22.5	1344	48118-48163
#FEFCFC	48140.5	22	1344	48118-48163
#FBF5F5	48140.5	23	1345	48118-48164
#FBF5F5	48141	23.5	1345	48118-48164
#FBF5F5	48141.5	23	1345	48118-48164
#FBF5F5	48141	22.5	1345	48118-48164
#FEFDFD	48141	23.5	1346	48118-48165
#FEFDFD	48141.5	24	1346	48118-48165
#FEFDFD	48142	23.5	1346	48118-48165
#FEFDFD	48141.5	23	1346	48118-48165
#F6F5FA	48141.5	24	1347	48118-48166
#F6F5FA	48142	24.5	1347	48118-48166
#F6F5FA	48142.5	24	1347	48118-48166
#F6F5FA	48142	23.5	1347	48118-48166
#FCF9F9	48142	24.5	1348	48118-48167
#FCF9F9	48142.5	25	1348	48118-48167
#FCF9F9	48143	24.5	1348	48118-48167
#FCF9F9	48142.5	24	1348	48118-48167
#BF817A	48118.5	0	1349	48119-48119
#BF817A	48119	0.5	1349	48119-48119
#BF817A	48119.5	0	1349	48119-48119
#BF817A	48119	-0.5	1349	48119-48119
#E9CECB	48119	0.5	1350	48119-48120
#E9CECB	48119.5	1	1350	48119-48120
#E9CECB	48120	0.5	1350	48119-48120
#E9CECB	48119.5	0	1350	48119-48120
#F9F2F1	48119.5	1	1351	48119-48121
#F9F2F1	48120	1.5	1351	48119-48121
#F9F2F1	48120.5	1	1351	48119-48121
#F9F2F1	48120	0.5	1351	48119-48121
#F6EBE9	48120	1.5	1352	48119-48122
#F6EBE9	48120.5	2	1352	48119-48122
#F6EBE9	48121	1.5	1352	48119-48122
#F6EBE9	48120.5	1	1352	48119-48122
#F2E1DF	48120.5	2	1353	48119-48123
#F2E1DF	48121	2.5	1353	48119-48123
#F2E1DF	48121.5	2	1353	48119-48123
#F2E1DF	48121	1.5	1353	48119-48123
#F8EFEE	48121	2.5	1354	48119-48124
#F8EFEE	48121.5	3	1354	48119-48124
#F8EFEE	48122	2.5	1354	48119-48124
#F8EFEE	48121.5	2	1354	48119-48124
#FEFDFD	48121.5	3	1355	48119-48125
#FEFDFD	48122	3.5	1355	48119-48125
#FEFDFD	48122.5	3	1355	48119-48125
#FEFDFD	48122	2.5	1355	48119-48125
#FEFDFD	48122	3.5	1356	48119-48126
#FEFDFD	48122.5	4	1356	48119-48126
#FEFDFD	48123	3.5	1356	48119-48126
#FEFDFD	48122.5	3	1356	48119-48126
#E4E0F0	48122.5	4	1357	48119-48127
#E4E0F0	48123	4.5	1357	48119-48127
#E4E0F0	48123.5	4	1357	48119-48127
#E4E0F0	48123	3.5	1357	48119-48127
#E7E4F2	48123	4.5	1358	48119-48128
#E7E4F2	48123.5	5	1358	48119-48128
#E7E4F2	48124	4.5	1358	48119-48128
#E7E4F2	48123.5	4	1358	48119-48128
#F4F2F9	48123.5	5	1359	48119-48129
#F4F2F9	48124	5.5	1359	48119-48129
#F4F2F9	48124.5	5	1359	48119-48129
#F4F2F9	48124	4.5	1359	48119-48129
#FBFBFD	48124	5.5	1360	48119-48130
#FBFBFD	48124.5	6	1360	48119-48130
#FBFBFD	48125	5.5	1360	48119-48130
#FBFBFD	48124.5	5	1360	48119-48130
#FCFBFD	48124.5	6	1361	48119-48131
#FCFBFD	48125	6.5	1361	48119-48131
#FCFBFD	48125.5	6	1361	48119-48131
#FCFBFD	48125	5.5	1361	48119-48131
#FBF6F6	48125	6.5	1362	48119-48132
#FBF6F6	48125.5	7	1362	48119-48132
#FBF6F6	48126	6.5	1362	48119-48132
#FBF6F6	48125.5	6	1362	48119-48132
#FBF5F5	48125.5	7	1363	48119-48133
#FBF5F5	48126	7.5	1363	48119-48133
#FBF5F5	48126.5	7	1363	48119-48133
#FBF5F5	48126	6.5	1363	48119-48133
#F3E4E2	48126	7.5	1364	48119-48134
#F3E4E2	48126.5	8	1364	48119-48134
#F3E4E2	48127	7.5	1364	48119-48134
#F3E4E2	48126.5	7	1364	48119-48134
#FEFEFE	48126.5	8	1365	48119-48135
#FEFEFE	48127	8.5	1365	48119-48135
#FEFEFE	48127.5	8	1365	48119-48135
#FEFEFE	48127	7.5	1365	48119-48135
#FDFCFE	48127	8.5	1366	48119-48136
#FDFCFE	48127.5	9	1366	48119-48136
#FDFCFE	48128	8.5	1366	48119-48136
#FDFCFE	48127.5	8	1366	48119-48136
#FEFDFD	48127.5	9	1367	48119-48137
#FEFDFD	48128	9.5	1367	48119-48137
#FEFDFD	48128.5	9	1367	48119-48137
#FEFDFD	48128	8.5	1367	48119-48137
#FFFFFF	48128	9.5	1368	48119-48138
#FFFFFF	48128.5	10	1368	48119-48138
#FFFFFF	48129	9.5	1368	48119-48138
#FFFFFF	48128.5	9	1368	48119-48138
#FDFAFA	48128.5	10	1369	48119-48139
#FDFAFA	48129	10.5	1369	48119-48139
#FDFAFA	48129.5	10	1369	48119-48139
#FDFAFA	48129	9.5	1369	48119-48139
#F9F1F0	48129	10.5	1370	48119-48140
#F9F1F0	48129.5	11	1370	48119-48140
#F9F1F0	48130	10.5	1370	48119-48140
#F9F1F0	48129.5	10	1370	48119-48140
#FAF4F3	48129.5	11	1371	48119-48141
#FAF4F3	48130	11.5	1371	48119-48141
#FAF4F3	48130.5	11	1371	48119-48141
#FAF4F3	48130	10.5	1371	48119-48141
#FAF3F2	48130	11.5	1372	48119-48142
#FAF3F2	48130.5	12	1372	48119-48142
#FAF3F2	48131	11.5	1372	48119-48142
#FAF3F2	48130.5	11	1372	48119-48142
#FFFEFE	48130.5	12	1373	48119-48143
#FFFEFE	48131	12.5	1373	48119-48143
#FFFEFE	48131.5	12	1373	48119-48143
#FFFEFE	48131	11.5	1373	48119-48143
#FEFDFD	48131	12.5	1374	48119-48144
#FEFDFD	48131.5	13	1374	48119-48144
#FEFDFD	48132	12.5	1374	48119-48144
#FEFDFD	48131.5	12	1374	48119-48144
#FCF9F8	48131.5	13	1375	48119-48145
#FCF9F8	48132	13.5	1375	48119-48145
#FCF9F8	48132.5	13	1375	48119-48145
#FCF9F8	48132	12.5	1375	48119-48145
#FEFEFF	48132	13.5	1376	48119-48146
#FEFEFF	48132.5	14	1376	48119-48146
#FEFEFF	48133	13.5	1376	48119-48146
#FEFEFF	48132.5	13	1376	48119-48146
#FEFCFC	48132.5	14	1377	48119-48147
#FEFCFC	48133	14.5	1377	48119-48147
#FEFCFC	48133.5	14	1377	48119-48147
#FEFCFC	48133	13.5	1377	48119-48147
#FEFCFC	48133	14.5	1378	48119-48148
#FEFCFC	48133.5	15	1378	48119-48148
#FEFCFC	48134	14.5	1378	48119-48148
#FEFCFC	48133.5	14	1378	48119-48148
#F8F6FB	48133.5	15	1379	48119-48149
#F8F6FB	48134	15.5	1379	48119-48149
#F8F6FB	48134.5	15	1379	48119-48149
#F8F6FB	48134	14.5	1379	48119-48149
#F7F6FB	48134	15.5	1380	48119-48150
#F7F6FB	48134.5	16	1380	48119-48150
#F7F6FB	48135	15.5	1380	48119-48150
#F7F6FB	48134.5	15	1380	48119-48150
#FFFFFF	48134.5	16	1381	48119-48151
#FFFFFF	48135	16.5	1381	48119-48151
#FFFFFF	48135.5	16	1381	48119-48151
#FFFFFF	48135	15.5	1381	48119-48151
#FFFEFE	48135	16.5	1382	48119-48152
#FFFEFE	48135.5	17	1382	48119-48152
#FFFEFE	48136	16.5	1382	48119-48152
#FFFEFE	48135.5	16	1382	48119-48152
#FCFBFD	48135.5	17	1383	48119-48153
#FCFBFD	48136	17.5	1383	48119-48153
#FCFBFD	48136.5	17	1383	48119-48153
#FCFBFD	48136	16.5	1383	48119-48153
#F6F5FA	48136	17.5	1384	48119-48154
#F6F5FA	48136.5	18	1384	48119-48154
#F6F5FA	48137	17.5	1384	48119-48154
#F6F5FA	48136.5	17	1384	48119-48154
#FCFCFE	48136.5	18	1385	48119-48155
#FCFCFE	48137	18.5	1385	48119-48155
#FCFCFE	48137.5	18	1385	48119-48155
#FCFCFE	48137	17.5	1385	48119-48155
#FFFFFF	48137	18.5	1386	48119-48156
#FFFFFF	48137.5	19	1386	48119-48156
#FFFFFF	48138	18.5	1386	48119-48156
#FFFFFF	48137.5	18	1386	48119-48156
#FBFBFD	48137.5	19	1387	48119-48157
#FBFBFD	48138	19.5	1387	48119-48157
#FBFBFD	48138.5	19	1387	48119-48157
#FBFBFD	48138	18.5	1387	48119-48157
#F0EEF7	48138	19.5	1388	48119-48158
#F0EEF7	48138.5	20	1388	48119-48158
#F0EEF7	48139	19.5	1388	48119-48158
#F0EEF7	48138.5	19	1388	48119-48158
#FBFBFD	48138.5	20	1389	48119-48159
#FBFBFD	48139	20.5	1389	48119-48159
#FBFBFD	48139.5	20	1389	48119-48159
#FBFBFD	48139	19.5	1389	48119-48159
#FDFAFA	48139	20.5	1390	48119-48160
#FDFAFA	48139.5	21	1390	48119-48160
#FDFAFA	48140	20.5	1390	48119-48160
#FDFAFA	48139.5	20	1390	48119-48160
#FEFDFC	48139.5	21	1391	48119-48161
#FEFDFC	48140	21.5	1391	48119-48161
#FEFDFC	48140.5	21	1391	48119-48161
#FEFDFC	48140	20.5	1391	48119-48161
#FBF5F5	48140	21.5	1392	48119-48162
#FBF5F5	48140.5	22	1392	48119-48162
#FBF5F5	48141	21.5	1392	48119-48162
#FBF5F5	48140.5	21	1392	48119-48162
#FBFBFD	48140.5	22	1393	48119-48163
#FBFBFD	48141	22.5	1393	48119-48163
#FBFBFD	48141.5	22	1393	48119-48163
#FBFBFD	48141	21.5	1393	48119-48163
#FDFDFE	48141	22.5	1394	48119-48164
#FDFDFE	48141.5	23	1394	48119-48164
#FDFDFE	48142	22.5	1394	48119-48164
#FDFDFE	48141.5	22	1394	48119-48164
#FEFDFD	48141.5	23	1395	48119-48165
#FEFDFD	48142	23.5	1395	48119-48165
#FEFDFD	48142.5	23	1395	48119-48165
#FEFDFD	48142	22.5	1395	48119-48165
#F4F3F9	48142	23.5	1396	48119-48166
#F4F3F9	48142.5	24	1396	48119-48166
#F4F3F9	48143	23.5	1396	48119-48166
#F4F3F9	48142.5	23	1396	48119-48166
#FFFFFF	48142.5	24	1397	48119-48167
#FFFFFF	48143	24.5	1397	48119-48167
#FFFFFF	48143.5	24	1397	48119-48167
#FFFFFF	48143	23.5	1397	48119-48167
#FFFFFF	48143	24.5	1398	48119-48168
#FFFFFF	48143.5	25	1398	48119-48168
#FFFFFF	48144	24.5	1398	48119-48168
#FFFFFF	48143.5	24	1398	48119-48168
#D4A6A0	48119.5	0	1399	48120-48120
#D4A6A0	48120	0.5	1399	48120-48120
#D4A6A0	48120.5	0	1399	48120-48120
#D4A6A0	48120	-0.5	1399	48120-48120
#F7ECEB	48120	0.5	1400	48120-48121
#F7ECEB	48120.5	1	1400	48120-48121
#F7ECEB	48121	0.5	1400	48120-48121
#F7ECEB	48120.5	0	1400	48120-48121
#EFDBD9	48120.5	1	1401	48120-48122
#EFDBD9	48121	1.5	1401	48120-48122
#EFDBD9	48121.5	1	1401	48120-48122
#EFDBD9	48121	0.5	1401	48120-48122
#F1E0DE	48121	1.5	1402	48120-48123
#F1E0DE	48121.5	2	1402	48120-48123
#F1E0DE	48122	1.5	1402	48120-48123
#F1E0DE	48121.5	1	1402	48120-48123
#F3E4E2	48121.5	2	1403	48120-48124
#F3E4E2	48122	2.5	1403	48120-48124
#F3E4E2	48122.5	2	1403	48120-48124
#F3E4E2	48122	1.5	1403	48120-48124
#F6EAE9	48122	2.5	1404	48120-48125
#F6EAE9	48122.5	3	1404	48120-48125
#F6EAE9	48123	2.5	1404	48120-48125
#F6EAE9	48122.5	2	1404	48120-48125
#FDF9F9	48122.5	3	1405	48120-48126
#FDF9F9	48123	3.5	1405	48120-48126
#FDF9F9	48123.5	3	1405	48120-48126
#FDF9F9	48123	2.5	1405	48120-48126
#FFFFFF	48123	3.5	1406	48120-48127
#FFFFFF	48123.5	4	1406	48120-48127
#FFFFFF	48124	3.5	1406	48120-48127
#FFFFFF	48123.5	3	1406	48120-48127
#FBFBFD	48123.5	4	1407	48120-48128
#FBFBFD	48124	4.5	1407	48120-48128
#FBFBFD	48124.5	4	1407	48120-48128
#FBFBFD	48124	3.5	1407	48120-48128
#FCFCFD	48124	4.5	1408	48120-48129
#FCFCFD	48124.5	5	1408	48120-48129
#FCFCFD	48125	4.5	1408	48120-48129
#FCFCFD	48124.5	4	1408	48120-48129
#FCF8F7	48124.5	5	1409	48120-48130
#FCF8F7	48125	5.5	1409	48120-48130
#FCF8F7	48125.5	5	1409	48120-48130
#FCF8F7	48125	4.5	1409	48120-48130
#FEFEFF	48125	5.5	1410	48120-48131
#FEFEFF	48125.5	6	1410	48120-48131
#FEFEFF	48126	5.5	1410	48120-48131
#FEFEFF	48125.5	5	1410	48120-48131
#FFFFFF	48125.5	6	1411	48120-48132
#FFFFFF	48126	6.5	1411	48120-48132
#FFFFFF	48126.5	6	1411	48120-48132
#FFFFFF	48126	5.5	1411	48120-48132
#F7EDEB	48126	6.5	1412	48120-48133
#F7EDEB	48126.5	7	1412	48120-48133
#F7EDEB	48127	6.5	1412	48120-48133
#F7EDEB	48126.5	6	1412	48120-48133
#F2E1DF	48126.5	7	1413	48120-48134
#F2E1DF	48127	7.5	1413	48120-48134
#F2E1DF	48127.5	7	1413	48120-48134
#F2E1DF	48127	6.5	1413	48120-48134
#FEFDFE	48127	7.5	1414	48120-48135
#FEFDFE	48127.5	8	1414	48120-48135
#FEFDFE	48128	7.5	1414	48120-48135
#FEFDFE	48127.5	7	1414	48120-48135
#FDFCFE	48127.5	8	1415	48120-48136
#FDFCFE	48128	8.5	1415	48120-48136
#FDFCFE	48128.5	8	1415	48120-48136
#FDFCFE	48128	7.5	1415	48120-48136
#FEFDFD	48128	8.5	1416	48120-48137
#FEFDFD	48128.5	9	1416	48120-48137
#FEFDFD	48129	8.5	1416	48120-48137
#FEFDFD	48128.5	8	1416	48120-48137
#FFFFFF	48128.5	9	1417	48120-48138
#FFFFFF	48129	9.5	1417	48120-48138
#FFFFFF	48129.5	9	1417	48120-48138
#FFFFFF	48129	8.5	1417	48120-48138
#FFFFFF	48129	9.5	1418	48120-48139
#FFFFFF	48129.5	10	1418	48120-48139
#FFFFFF	48130	9.5	1418	48120-48139
#FFFFFF	48129.5	9	1418	48120-48139
#FDF9F9	48129.5	10	1419	48120-48140
#FDF9F9	48130	10.5	1419	48120-48140
#FDF9F9	48130.5	10	1419	48120-48140
#FDF9F9	48130	9.5	1419	48120-48140
#FEFCFC	48130	10.5	1420	48120-48141
#FEFCFC	48130.5	11	1420	48120-48141
#FEFCFC	48131	10.5	1420	48120-48141
#FEFCFC	48130.5	10	1420	48120-48141
#FCF8F7	48130.5	11	1421	48120-48142
#FCF8F7	48131	11.5	1421	48120-48142
#FCF8F7	48131.5	11	1421	48120-48142
#FCF8F7	48131	10.5	1421	48120-48142
#FFFFFF	48131	11.5	1422	48120-48143
#FFFFFF	48131.5	12	1422	48120-48143
#FFFFFF	48132	11.5	1422	48120-48143
#FFFFFF	48131.5	11	1422	48120-48143
#FCF8F7	48131.5	12	1423	48120-48144
#FCF8F7	48132	12.5	1423	48120-48144
#FCF8F7	48132.5	12	1423	48120-48144
#FCF8F7	48132	11.5	1423	48120-48144
#FEFEFE	48132	12.5	1424	48120-48145
#FEFEFE	48132.5	13	1424	48120-48145
#FEFEFE	48133	12.5	1424	48120-48145
#FEFEFE	48132.5	12	1424	48120-48145
#FBF5F4	48132.5	13	1425	48120-48146
#FBF5F4	48133	13.5	1425	48120-48146
#FBF5F4	48133.5	13	1425	48120-48146
#FBF5F4	48133	12.5	1425	48120-48146
#FBF6F5	48133	13.5	1426	48120-48147
#FBF6F5	48133.5	14	1426	48120-48147
#FBF6F5	48134	13.5	1426	48120-48147
#FBF6F5	48133.5	13	1426	48120-48147
#F8EFEE	48133.5	14	1427	48120-48148
#F8EFEE	48134	14.5	1427	48120-48148
#F8EFEE	48134.5	14	1427	48120-48148
#F8EFEE	48134	13.5	1427	48120-48148
#FCFCFD	48134	14.5	1428	48120-48149
#FCFCFD	48134.5	15	1428	48120-48149
#FCFCFD	48135	14.5	1428	48120-48149
#FCFCFD	48134.5	14	1428	48120-48149
#F9F8FC	48134.5	15	1429	48120-48150
#F9F8FC	48135	15.5	1429	48120-48150
#F9F8FC	48135.5	15	1429	48120-48150
#F9F8FC	48135	14.5	1429	48120-48150
#F5F4FA	48135	15.5	1430	48120-48151
#F5F4FA	48135.5	16	1430	48120-48151
#F5F4FA	48136	15.5	1430	48120-48151
#F5F4FA	48135.5	15	1430	48120-48151
#F8F7FB	48135.5	16	1431	48120-48152
#F8F7FB	48136	16.5	1431	48120-48152
#F8F7FB	48136.5	16	1431	48120-48152
#F8F7FB	48136	15.5	1431	48120-48152
#ECE9F5	48136	16.5	1432	48120-48153
#ECE9F5	48136.5	17	1432	48120-48153
#ECE9F5	48137	16.5	1432	48120-48153
#ECE9F5	48136.5	16	1432	48120-48153
#EDEBF5	48136.5	17	1433	48120-48154
#EDEBF5	48137	17.5	1433	48120-48154
#EDEBF5	48137.5	17	1433	48120-48154
#EDEBF5	48137	16.5	1433	48120-48154
#F9F8FC	48137	17.5	1434	48120-48155
#F9F8FC	48137.5	18	1434	48120-48155
#F9F8FC	48138	17.5	1434	48120-48155
#F9F8FC	48137.5	17	1434	48120-48155
#FAF9FC	48137.5	18	1435	48120-48156
#FAF9FC	48138	18.5	1435	48120-48156
#FAF9FC	48138.5	18	1435	48120-48156
#FAF9FC	48138	17.5	1435	48120-48156
#FAFAFC	48138	18.5	1436	48120-48157
#FAFAFC	48138.5	19	1436	48120-48157
#FAFAFC	48139	18.5	1436	48120-48157
#FAFAFC	48138.5	18	1436	48120-48157
#F2F0F8	48138.5	19	1437	48120-48158
#F2F0F8	48139	19.5	1437	48120-48158
#F2F0F8	48139.5	19	1437	48120-48158
#F2F0F8	48139	18.5	1437	48120-48158
#FAFAFC	48139	19.5	1438	48120-48159
#FAFAFC	48139.5	20	1438	48120-48159
#FAFAFC	48140	19.5	1438	48120-48159
#FAFAFC	48139.5	19	1438	48120-48159
#FEFEFE	48139.5	20	1439	48120-48160
#FEFEFE	48140	20.5	1439	48120-48160
#FEFEFE	48140.5	20	1439	48120-48160
#FEFEFE	48140	19.5	1439	48120-48160
#FAF4F3	48140	20.5	1440	48120-48161
#FAF4F3	48140.5	21	1440	48120-48161
#FAF4F3	48141	20.5	1440	48120-48161
#FAF4F3	48140.5	20	1440	48120-48161
#FDF9F9	48140.5	21	1441	48120-48162
#FDF9F9	48141	21.5	1441	48120-48162
#FDF9F9	48141.5	21	1441	48120-48162
#FDF9F9	48141	20.5	1441	48120-48162
#FEFDFC	48141	21.5	1442	48120-48163
#FEFDFC	48141.5	22	1442	48120-48163
#FEFDFC	48142	21.5	1442	48120-48163
#FEFDFC	48141.5	21	1442	48120-48163
#FDFDFE	48141.5	22	1443	48120-48164
#FDFDFE	48142	22.5	1443	48120-48164
#FDFDFE	48142.5	22	1443	48120-48164
#FDFDFE	48142	21.5	1443	48120-48164
#FFFEFE	48142	22.5	1444	48120-48165
#FFFEFE	48142.5	23	1444	48120-48165
#FFFEFE	48143	22.5	1444	48120-48165
#FFFEFE	48142.5	22	1444	48120-48165
#FDFDFE	48142.5	23	1445	48120-48166
#FDFDFE	48143	23.5	1445	48120-48166
#FDFDFE	48143.5	23	1445	48120-48166
#FDFDFE	48143	22.5	1445	48120-48166
#FFFFFF	48143	23.5	1446	48120-48167
#FFFFFF	48143.5	24	1446	48120-48167
#FFFFFF	48144	23.5	1446	48120-48167
#FFFFFF	48143.5	23	1446	48120-48167
#FFFFFF	48143.5	24	1447	48120-48168
#FFFFFF	48144	24.5	1447	48120-48168
#FFFFFF	48144.5	24	1447	48120-48168
#FFFFFF	48144	23.5	1447	48120-48168
#FDFBFA	48144	24.5	1448	48120-48169
#FDFBFA	48144.5	25	1448	48120-48169
#FDFBFA	48145	24.5	1448	48120-48169
#FDFBFA	48144.5	24	1448	48120-48169
#D9B0AA	48120.5	0	1449	48121-48121
#D9B0AA	48121	0.5	1449	48121-48121
#D9B0AA	48121.5	0	1449	48121-48121
#D9B0AA	48121	-0.5	1449	48121-48121
#E8CCC8	48121	0.5	1450	48121-48122
#E8CCC8	48121.5	1	1450	48121-48122
#E8CCC8	48122	0.5	1450	48121-48122
#E8CCC8	48121.5	0	1450	48121-48122
#D3A39D	48121.5	1	1451	48121-48123
#D3A39D	48122	1.5	1451	48121-48123
#D3A39D	48122.5	1	1451	48121-48123
#D3A39D	48122	0.5	1451	48121-48123
#E9CFCB	48122	1.5	1452	48121-48124
#E9CFCB	48122.5	2	1452	48121-48124
#E9CFCB	48123	1.5	1452	48121-48124
#E9CFCB	48122.5	1	1452	48121-48124
#F1E0DD	48122.5	2	1453	48121-48125
#F1E0DD	48123	2.5	1453	48121-48125
#F1E0DD	48123.5	2	1453	48121-48125
#F1E0DD	48123	1.5	1453	48121-48125
#F9F2F1	48123	2.5	1454	48121-48126
#F9F2F1	48123.5	3	1454	48121-48126
#F9F2F1	48124	2.5	1454	48121-48126
#F9F2F1	48123.5	2	1454	48121-48126
#FAF9FC	48123.5	3	1455	48121-48127
#FAF9FC	48124	3.5	1455	48121-48127
#FAF9FC	48124.5	3	1455	48121-48127
#FAF9FC	48124	2.5	1455	48121-48127
#ECE9F5	48124	3.5	1456	48121-48128
#ECE9F5	48124.5	4	1456	48121-48128
#ECE9F5	48125	3.5	1456	48121-48128
#ECE9F5	48124.5	3	1456	48121-48128
#EAE7F4	48124.5	4	1457	48121-48129
#EAE7F4	48125	4.5	1457	48121-48129
#EAE7F4	48125.5	4	1457	48121-48129
#EAE7F4	48125	3.5	1457	48121-48129
#F5F3F9	48125	4.5	1458	48121-48130
#F5F3F9	48125.5	5	1458	48121-48130
#F5F3F9	48126	4.5	1458	48121-48130
#F5F3F9	48125.5	4	1458	48121-48130
#E7E3F2	48125.5	5	1459	48121-48131
#E7E3F2	48126	5.5	1459	48121-48131
#E7E3F2	48126.5	5	1459	48121-48131
#E7E3F2	48126	4.5	1459	48121-48131
#E0DCEE	48126	5.5	1460	48121-48132
#E0DCEE	48126.5	6	1460	48121-48132
#E0DCEE	48127	5.5	1460	48121-48132
#E0DCEE	48126.5	5	1460	48121-48132
#FEFEFE	48126.5	6	1461	48121-48133
#FEFEFE	48127	6.5	1461	48121-48133
#FEFEFE	48127.5	6	1461	48121-48133
#FEFEFE	48127	5.5	1461	48121-48133
#FDFBFB	48127	6.5	1462	48121-48134
#FDFBFB	48127.5	7	1462	48121-48134
#FDFBFB	48128	6.5	1462	48121-48134
#FDFBFB	48127.5	6	1462	48121-48134
#FCFCFD	48127.5	7	1463	48121-48135
#FCFCFD	48128	7.5	1463	48121-48135
#FCFCFD	48128.5	7	1463	48121-48135
#FCFCFD	48128	6.5	1463	48121-48135
#F4F2F9	48128	7.5	1464	48121-48136
#F4F2F9	48128.5	8	1464	48121-48136
#F4F2F9	48129	7.5	1464	48121-48136
#F4F2F9	48128.5	7	1464	48121-48136
#FBFBFD	48128.5	8	1465	48121-48137
#FBFBFD	48129	8.5	1465	48121-48137
#FBFBFD	48129.5	8	1465	48121-48137
#FBFBFD	48129	7.5	1465	48121-48137
#EAE7F3	48129	8.5	1466	48121-48138
#EAE7F3	48129.5	9	1466	48121-48138
#EAE7F3	48130	8.5	1466	48121-48138
#EAE7F3	48129.5	8	1466	48121-48138
#F8F7FB	48129.5	9	1467	48121-48139
#F8F7FB	48130	9.5	1467	48121-48139
#F8F7FB	48130.5	9	1467	48121-48139
#F8F7FB	48130	8.5	1467	48121-48139
#FBFAFD	48130	9.5	1468	48121-48140
#FBFAFD	48130.5	10	1468	48121-48140
#FBFAFD	48131	9.5	1468	48121-48140
#FBFAFD	48130.5	9	1468	48121-48140
#FDFAF9	48130.5	10	1469	48121-48141
#FDFAF9	48131	10.5	1469	48121-48141
#FDFAF9	48131.5	10	1469	48121-48141
#FDFAF9	48131	9.5	1469	48121-48141
#FDFCFE	48131	10.5	1470	48121-48142
#FDFCFE	48131.5	11	1470	48121-48142
#FDFCFE	48132	10.5	1470	48121-48142
#FDFCFE	48131.5	10	1470	48121-48142
#FCFCFE	48131.5	11	1471	48121-48143
#FCFCFE	48132	11.5	1471	48121-48143
#FCFCFE	48132.5	11	1471	48121-48143
#FCFCFE	48132	10.5	1471	48121-48143
#FEFEFE	48132	11.5	1472	48121-48144
#FEFEFE	48132.5	12	1472	48121-48144
#FEFEFE	48133	11.5	1472	48121-48144
#FEFEFE	48132.5	11	1472	48121-48144
#FAFAFC	48132.5	12	1473	48121-48145
#FAFAFC	48133	12.5	1473	48121-48145
#FAFAFC	48133.5	12	1473	48121-48145
#FAFAFC	48133	11.5	1473	48121-48145
#FEFDFD	48133	12.5	1474	48121-48146
#FEFDFD	48133.5	13	1474	48121-48146
#FEFDFD	48134	12.5	1474	48121-48146
#FEFDFD	48133.5	12	1474	48121-48146
#F7F6FB	48133.5	13	1475	48121-48147
#F7F6FB	48134	13.5	1475	48121-48147
#F7F6FB	48134.5	13	1475	48121-48147
#F7F6FB	48134	12.5	1475	48121-48147
#FDF9F9	48134	13.5	1476	48121-48148
#FDF9F9	48134.5	14	1476	48121-48148
#FDF9F9	48135	13.5	1476	48121-48148
#FDF9F9	48134.5	13	1476	48121-48148
#FCFCFE	48134.5	14	1477	48121-48149
#FCFCFE	48135	14.5	1477	48121-48149
#FCFCFE	48135.5	14	1477	48121-48149
#FCFCFE	48135	13.5	1477	48121-48149
#F6F5FA	48135	14.5	1478	48121-48150
#F6F5FA	48135.5	15	1478	48121-48150
#F6F5FA	48136	14.5	1478	48121-48150
#F6F5FA	48135.5	14	1478	48121-48150
#EAE7F4	48135.5	15	1479	48121-48151
#EAE7F4	48136	15.5	1479	48121-48151
#EAE7F4	48136.5	15	1479	48121-48151
#EAE7F4	48136	14.5	1479	48121-48151
#EAE7F4	48136	15.5	1480	48121-48152
#EAE7F4	48136.5	16	1480	48121-48152
#EAE7F4	48137	15.5	1480	48121-48152
#EAE7F4	48136.5	15	1480	48121-48152
#F2F0F8	48136.5	16	1481	48121-48153
#F2F0F8	48137	16.5	1481	48121-48153
#F2F0F8	48137.5	16	1481	48121-48153
#F2F0F8	48137	15.5	1481	48121-48153
#FAF9FC	48137	16.5	1482	48121-48154
#FAF9FC	48137.5	17	1482	48121-48154
#FAF9FC	48138	16.5	1482	48121-48154
#FAF9FC	48137.5	16	1482	48121-48154
#F8F7FB	48137.5	17	1483	48121-48155
#F8F7FB	48138	17.5	1483	48121-48155
#F8F7FB	48138.5	17	1483	48121-48155
#F8F7FB	48138	16.5	1483	48121-48155
#F8F7FB	48138	17.5	1484	48121-48156
#F8F7FB	48138.5	18	1484	48121-48156
#F8F7FB	48139	17.5	1484	48121-48156
#F8F7FB	48138.5	17	1484	48121-48156
#E8E5F3	48138.5	18	1485	48121-48157
#E8E5F3	48139	18.5	1485	48121-48157
#E8E5F3	48139.5	18	1485	48121-48157
#E8E5F3	48139	17.5	1485	48121-48157
#EEEBF6	48139	18.5	1486	48121-48158
#EEEBF6	48139.5	19	1486	48121-48158
#EEEBF6	48140	18.5	1486	48121-48158
#EEEBF6	48139.5	18	1486	48121-48158
#FDFCFE	48139.5	19	1487	48121-48159
#FDFCFE	48140	19.5	1487	48121-48159
#FDFCFE	48140.5	19	1487	48121-48159
#FDFCFE	48140	18.5	1487	48121-48159
#FDFBFB	48140	19.5	1488	48121-48160
#FDFBFB	48140.5	20	1488	48121-48160
#FDFBFB	48141	19.5	1488	48121-48160
#FDFBFB	48140.5	19	1488	48121-48160
#FCFCFE	48140.5	20	1489	48121-48161
#FCFCFE	48141	20.5	1489	48121-48161
#FCFCFE	48141.5	20	1489	48121-48161
#FCFCFE	48141	19.5	1489	48121-48161
#FEFEFE	48141	20.5	1490	48121-48162
#FEFEFE	48141.5	21	1490	48121-48162
#FEFEFE	48142	20.5	1490	48121-48162
#FEFEFE	48141.5	20	1490	48121-48162
#FFFFFF	48141.5	21	1491	48121-48163
#FFFFFF	48142	21.5	1491	48121-48163
#FFFFFF	48142.5	21	1491	48121-48163
#FFFFFF	48142	20.5	1491	48121-48163
#FDF9F9	48142	21.5	1492	48121-48164
#FDF9F9	48142.5	22	1492	48121-48164
#FDF9F9	48143	21.5	1492	48121-48164
#FDF9F9	48142.5	21	1492	48121-48164
#FFFFFF	48142.5	22	1493	48121-48165
#FFFFFF	48143	22.5	1493	48121-48165
#FFFFFF	48143.5	22	1493	48121-48165
#FFFFFF	48143	21.5	1493	48121-48165
#FDFDFE	48143	22.5	1494	48121-48166
#FDFDFE	48143.5	23	1494	48121-48166
#FDFDFE	48144	22.5	1494	48121-48166
#FDFDFE	48143.5	22	1494	48121-48166
#FEFEFE	48143.5	23	1495	48121-48167
#FEFEFE	48144	23.5	1495	48121-48167
#FEFEFE	48144.5	23	1495	48121-48167
#FEFEFE	48144	22.5	1495	48121-48167
#FBFAFD	48144	23.5	1496	48121-48168
#FBFAFD	48144.5	24	1496	48121-48168
#FBFAFD	48145	23.5	1496	48121-48168
#FBFAFD	48144.5	23	1496	48121-48168
#FAF9FC	48144.5	24	1497	48121-48169
#FAF9FC	48145	24.5	1497	48121-48169
#FAF9FC	48145.5	24	1497	48121-48169
#FAF9FC	48145	23.5	1497	48121-48169
#F7F6FB	48145	24.5	1498	48121-48170
#F7F6FB	48145.5	25	1498	48121-48170
#F7F6FB	48146	24.5	1498	48121-48170
#F7F6FB	48145.5	24	1498	48121-48170
#C68E87	48121.5	0	1499	48122-48122
#C68E87	48122	0.5	1499	48122-48122
#C68E87	48122.5	0	1499	48122-48122
#C68E87	48122	-0.5	1499	48122-48122
#F4E6E4	48122	0.5	1500	48122-48123
#F4E6E4	48122.5	1	1500	48122-48123
#F4E6E4	48123	0.5	1500	48122-48123
#F4E6E4	48122.5	0	1500	48122-48123
#FBF7F6	48122.5	1	1501	48122-48124
#FBF7F6	48123	1.5	1501	48122-48124
#FBF7F6	48123.5	1	1501	48122-48124
#FBF7F6	48123	0.5	1501	48122-48124
#F9F1F0	48123	1.5	1502	48122-48125
#F9F1F0	48123.5	2	1502	48122-48125
#F9F1F0	48124	1.5	1502	48122-48125
#F9F1F0	48123.5	1	1502	48122-48125
#FEFCFC	48123.5	2	1503	48122-48126
#FEFCFC	48124	2.5	1503	48122-48126
#FEFCFC	48124.5	2	1503	48122-48126
#FEFCFC	48124	1.5	1503	48122-48126
#F4F2F9	48124	2.5	1504	48122-48127
#F4F2F9	48124.5	3	1504	48122-48127
#F4F2F9	48125	2.5	1504	48122-48127
#F4F2F9	48124.5	2	1504	48122-48127
#D9D4EA	48124.5	3	1505	48122-48128
#D9D4EA	48125	3.5	1505	48122-48128
#D9D4EA	48125.5	3	1505	48122-48128
#D9D4EA	48125	2.5	1505	48122-48128
#DDD8ED	48125	3.5	1506	48122-48129
#DDD8ED	48125.5	4	1506	48122-48129
#DDD8ED	48126	3.5	1506	48122-48129
#DDD8ED	48125.5	3	1506	48122-48129
#EEECF6	48125.5	4	1507	48122-48130
#EEECF6	48126	4.5	1507	48122-48130
#EEECF6	48126.5	4	1507	48122-48130
#EEECF6	48126	3.5	1507	48122-48130
#E0DCEE	48126	4.5	1508	48122-48131
#E0DCEE	48126.5	5	1508	48122-48131
#E0DCEE	48127	4.5	1508	48122-48131
#E0DCEE	48126.5	4	1508	48122-48131
#DFDBEE	48126.5	5	1509	48122-48132
#DFDBEE	48127	5.5	1509	48122-48132
#DFDBEE	48127.5	5	1509	48122-48132
#DFDBEE	48127	4.5	1509	48122-48132
#FDFDFE	48127	5.5	1510	48122-48133
#FDFDFE	48127.5	6	1510	48122-48133
#FDFDFE	48128	5.5	1510	48122-48133
#FDFDFE	48127.5	5	1510	48122-48133
#FDFDFE	48127.5	6	1511	48122-48134
#FDFDFE	48128	6.5	1511	48122-48134
#FDFDFE	48128.5	6	1511	48122-48134
#FDFDFE	48128	5.5	1511	48122-48134
#F1EFF7	48128	6.5	1512	48122-48135
#F1EFF7	48128.5	7	1512	48122-48135
#F1EFF7	48129	6.5	1512	48122-48135
#F1EFF7	48128.5	6	1512	48122-48135
#FEFEFF	48128.5	7	1513	48122-48136
#FEFEFF	48129	7.5	1513	48122-48136
#FEFEFF	48129.5	7	1513	48122-48136
#FEFEFF	48129	6.5	1513	48122-48136
#FDFCFE	48129	7.5	1514	48122-48137
#FDFCFE	48129.5	8	1514	48122-48137
#FDFCFE	48130	7.5	1514	48122-48137
#FDFCFE	48129.5	7	1514	48122-48137
#DCD7EC	48129.5	8	1515	48122-48138
#DCD7EC	48130	8.5	1515	48122-48138
#DCD7EC	48130.5	8	1515	48122-48138
#DCD7EC	48130	7.5	1515	48122-48138
#F3F1F8	48130	8.5	1516	48122-48139
#F3F1F8	48130.5	9	1516	48122-48139
#F3F1F8	48131	8.5	1516	48122-48139
#F3F1F8	48130.5	8	1516	48122-48139
#F6F5FA	48130.5	9	1517	48122-48140
#F6F5FA	48131	9.5	1517	48122-48140
#F6F5FA	48131.5	9	1517	48122-48140
#F6F5FA	48131	8.5	1517	48122-48140
#FEFEFE	48131	9.5	1518	48122-48141
#FEFEFE	48131.5	10	1518	48122-48141
#FEFEFE	48132	9.5	1518	48122-48141
#FEFEFE	48131.5	9	1518	48122-48141
#FAF9FC	48131.5	10	1519	48122-48142
#FAF9FC	48132	10.5	1519	48122-48142
#FAF9FC	48132.5	10	1519	48122-48142
#FAF9FC	48132	9.5	1519	48122-48142
#F5F4FA	48132	10.5	1520	48122-48143
#F5F4FA	48132.5	11	1520	48122-48143
#F5F4FA	48133	10.5	1520	48122-48143
#F5F4FA	48132.5	10	1520	48122-48143
#FDFAF9	48132.5	11	1521	48122-48144
#FDFAF9	48133	11.5	1521	48122-48144
#FDFAF9	48133.5	11	1521	48122-48144
#FDFAF9	48133	10.5	1521	48122-48144
#FCFBFD	48133	11.5	1522	48122-48145
#FCFBFD	48133.5	12	1522	48122-48145
#FCFBFD	48134	11.5	1522	48122-48145
#FCFBFD	48133.5	11	1522	48122-48145
#F8F7FB	48133.5	12	1523	48122-48146
#F8F7FB	48134	12.5	1523	48122-48146
#F8F7FB	48134.5	12	1523	48122-48146
#F8F7FB	48134	11.5	1523	48122-48146
#EAE8F4	48134	12.5	1524	48122-48147
#EAE8F4	48134.5	13	1524	48122-48147
#EAE8F4	48135	12.5	1524	48122-48147
#EAE8F4	48134.5	12	1524	48122-48147
#FEFDFD	48134.5	13	1525	48122-48148
#FEFDFD	48135	13.5	1525	48122-48148
#FEFDFD	48135.5	13	1525	48122-48148
#FEFDFD	48135	12.5	1525	48122-48148
#FEFEFE	48135	13.5	1526	48122-48149
#FEFEFE	48135.5	14	1526	48122-48149
#FEFEFE	48136	13.5	1526	48122-48149
#FEFEFE	48135.5	13	1526	48122-48149
#EEECF6	48135.5	14	1527	48122-48150
#EEECF6	48136	14.5	1527	48122-48150
#EEECF6	48136.5	14	1527	48122-48150
#EEECF6	48136	13.5	1527	48122-48150
#DCD7EC	48136	14.5	1528	48122-48151
#DCD7EC	48136.5	15	1528	48122-48151
#DCD7EC	48137	14.5	1528	48122-48151
#DCD7EC	48136.5	14	1528	48122-48151
#E3DFF0	48136.5	15	1529	48122-48152
#E3DFF0	48137	15.5	1529	48122-48152
#E3DFF0	48137.5	15	1529	48122-48152
#E3DFF0	48137	14.5	1529	48122-48152
#F5F3F9	48137	15.5	1530	48122-48153
#F5F3F9	48137.5	16	1530	48122-48153
#F5F3F9	48138	15.5	1530	48122-48153
#F5F3F9	48137.5	15	1530	48122-48153
#EFEDF7	48137.5	16	1531	48122-48154
#EFEDF7	48138	16.5	1531	48122-48154
#EFEDF7	48138.5	16	1531	48122-48154
#EFEDF7	48138	15.5	1531	48122-48154
#DCD7EC	48138	16.5	1532	48122-48155
#DCD7EC	48138.5	17	1532	48122-48155
#DCD7EC	48139	16.5	1532	48122-48155
#DCD7EC	48138.5	16	1532	48122-48155
#EFECF6	48138.5	17	1533	48122-48156
#EFECF6	48139	17.5	1533	48122-48156
#EFECF6	48139.5	17	1533	48122-48156
#EFECF6	48139	16.5	1533	48122-48156
#F6F5FA	48139	17.5	1534	48122-48157
#F6F5FA	48139.5	18	1534	48122-48157
#F6F5FA	48140	17.5	1534	48122-48157
#F6F5FA	48139.5	17	1534	48122-48157
#E7E4F2	48139.5	18	1535	48122-48158
#E7E4F2	48140	18.5	1535	48122-48158
#E7E4F2	48140.5	18	1535	48122-48158
#E7E4F2	48140	17.5	1535	48122-48158
#F8F7FB	48140	18.5	1536	48122-48159
#F8F7FB	48140.5	19	1536	48122-48159
#F8F7FB	48141	18.5	1536	48122-48159
#F8F7FB	48140.5	18	1536	48122-48159
#F6F5FA	48140.5	19	1537	48122-48160
#F6F5FA	48141	19.5	1537	48122-48160
#F6F5FA	48141.5	19	1537	48122-48160
#F6F5FA	48141	18.5	1537	48122-48160
#FFFFFF	48141	19.5	1538	48122-48161
#FFFFFF	48141.5	20	1538	48122-48161
#FFFFFF	48142	19.5	1538	48122-48161
#FFFFFF	48141.5	19	1538	48122-48161
#FFFFFF	48141.5	20	1539	48122-48162
#FFFFFF	48142	20.5	1539	48122-48162
#FFFFFF	48142.5	20	1539	48122-48162
#FFFFFF	48142	19.5	1539	48122-48162
#FCFBFD	48142	20.5	1540	48122-48163
#FCFBFD	48142.5	21	1540	48122-48163
#FCFBFD	48143	20.5	1540	48122-48163
#FCFBFD	48142.5	20	1540	48122-48163
#FDFDFE	48142.5	21	1541	48122-48164
#FDFDFE	48143	21.5	1541	48122-48164
#FDFDFE	48143.5	21	1541	48122-48164
#FDFDFE	48143	20.5	1541	48122-48164
#FDFDFE	48143	21.5	1542	48122-48165
#FDFDFE	48143.5	22	1542	48122-48165
#FDFDFE	48144	21.5	1542	48122-48165
#FDFDFE	48143.5	21	1542	48122-48165
#FFFFFF	48143.5	22	1543	48122-48166
#FFFFFF	48144	22.5	1543	48122-48166
#FFFFFF	48144.5	22	1543	48122-48166
#FFFFFF	48144	21.5	1543	48122-48166
#FDFDFE	48144	22.5	1544	48122-48167
#FDFDFE	48144.5	23	1544	48122-48167
#FDFDFE	48145	22.5	1544	48122-48167
#FDFDFE	48144.5	22	1544	48122-48167
#FBFAFD	48144.5	23	1545	48122-48168
#FBFAFD	48145	23.5	1545	48122-48168
#FBFAFD	48145.5	23	1545	48122-48168
#FBFAFD	48145	22.5	1545	48122-48168
#FEFEFD	48145	23.5	1546	48122-48169
#FEFEFD	48145.5	24	1546	48122-48169
#FEFEFD	48146	23.5	1546	48122-48169
#FEFEFD	48145.5	23	1546	48122-48169
#FBFBFD	48145.5	24	1547	48122-48170
#FBFBFD	48146	24.5	1547	48122-48170
#FBFBFD	48146.5	24	1547	48122-48170
#FBFBFD	48146	23.5	1547	48122-48170
#FFFFFF	48146	24.5	1548	48122-48171
#FFFFFF	48146.5	25	1548	48122-48171
#FFFFFF	48147	24.5	1548	48122-48171
#FFFFFF	48146.5	24	1548	48122-48171
#CC9790	48122.5	0	1549	48123-48123
#CC9790	48123	0.5	1549	48123-48123
#CC9790	48123.5	0	1549	48123-48123
#CC9790	48123	-0.5	1549	48123-48123
#F8EFEE	48123	0.5	1550	48123-48124
#F8EFEE	48123.5	1	1550	48123-48124
#F8EFEE	48124	0.5	1550	48123-48124
#F8EFEE	48123.5	0	1550	48123-48124
#F7EDEB	48123.5	1	1551	48123-48125
#F7EDEB	48124	1.5	1551	48123-48125
#F7EDEB	48124.5	1	1551	48123-48125
#F7EDEB	48124	0.5	1551	48123-48125
#FAF3F2	48124	1.5	1552	48123-48126
#FAF3F2	48124.5	2	1552	48123-48126
#FAF3F2	48125	1.5	1552	48123-48126
#FAF3F2	48124.5	1	1552	48123-48126
#FBFAFD	48124.5	2	1553	48123-48127
#FBFAFD	48125	2.5	1553	48123-48127
#FBFAFD	48125.5	2	1553	48123-48127
#FBFAFD	48125	1.5	1553	48123-48127
#E7E3F2	48125	2.5	1554	48123-48128
#E7E3F2	48125.5	3	1554	48123-48128
#E7E3F2	48126	2.5	1554	48123-48128
#E7E3F2	48125.5	2	1554	48123-48128
#E8E5F2	48125.5	3	1555	48123-48129
#E8E5F2	48126	3.5	1555	48123-48129
#E8E5F2	48126.5	3	1555	48123-48129
#E8E5F2	48126	2.5	1555	48123-48129
#EBE8F4	48126	3.5	1556	48123-48130
#EBE8F4	48126.5	4	1556	48123-48130
#EBE8F4	48127	3.5	1556	48123-48130
#EBE8F4	48126.5	3	1556	48123-48130
#EDEBF5	48126.5	4	1557	48123-48131
#EDEBF5	48127	4.5	1557	48123-48131
#EDEBF5	48127.5	4	1557	48123-48131
#EDEBF5	48127	3.5	1557	48123-48131
#F0EEF7	48127	4.5	1558	48123-48132
#F0EEF7	48127.5	5	1558	48123-48132
#F0EEF7	48128	4.5	1558	48123-48132
#F0EEF7	48127.5	4	1558	48123-48132
#FFFEFE	48127.5	5	1559	48123-48133
#FFFEFE	48128	5.5	1559	48123-48133
#FFFEFE	48128.5	5	1559	48123-48133
#FFFEFE	48128	4.5	1559	48123-48133
#FEFCFB	48128	5.5	1560	48123-48134
#FEFCFB	48128.5	6	1560	48123-48134
#FEFCFB	48129	5.5	1560	48123-48134
#FEFCFB	48128.5	5	1560	48123-48134
#F4F3F9	48128.5	6	1561	48123-48135
#F4F3F9	48129	6.5	1561	48123-48135
#F4F3F9	48129.5	6	1561	48123-48135
#F4F3F9	48129	5.5	1561	48123-48135
#F7F6FB	48129	6.5	1562	48123-48136
#F7F6FB	48129.5	7	1562	48123-48136
#F7F6FB	48130	6.5	1562	48123-48136
#F7F6FB	48129.5	6	1562	48123-48136
#F2F0F8	48129.5	7	1563	48123-48137
#F2F0F8	48130	7.5	1563	48123-48137
#F2F0F8	48130.5	7	1563	48123-48137
#F2F0F8	48130	6.5	1563	48123-48137
#E7E4F2	48130	7.5	1564	48123-48138
#E7E4F2	48130.5	8	1564	48123-48138
#E7E4F2	48131	7.5	1564	48123-48138
#E7E4F2	48130.5	7	1564	48123-48138
#EAE7F4	48130.5	8	1565	48123-48139
#EAE7F4	48131	8.5	1565	48123-48139
#EAE7F4	48131.5	8	1565	48123-48139
#EAE7F4	48131	7.5	1565	48123-48139
#EEECF6	48131	8.5	1566	48123-48140
#EEECF6	48131.5	9	1566	48123-48140
#EEECF6	48132	8.5	1566	48123-48140
#EEECF6	48131.5	8	1566	48123-48140
#F7F6FB	48131.5	9	1567	48123-48141
#F7F6FB	48132	9.5	1567	48123-48141
#F7F6FB	48132.5	9	1567	48123-48141
#F7F6FB	48132	8.5	1567	48123-48141
#FCFCFE	48132	9.5	1568	48123-48142
#FCFCFE	48132.5	10	1568	48123-48142
#FCFCFE	48133	9.5	1568	48123-48142
#FCFCFE	48132.5	9	1568	48123-48142
#E4E1F1	48132.5	10	1569	48123-48143
#E4E1F1	48133	10.5	1569	48123-48143
#E4E1F1	48133.5	10	1569	48123-48143
#E4E1F1	48133	9.5	1569	48123-48143
#F4F3F9	48133	10.5	1570	48123-48144
#F4F3F9	48133.5	11	1570	48123-48144
#F4F3F9	48134	10.5	1570	48123-48144
#F4F3F9	48133.5	10	1570	48123-48144
#F7F6FB	48133.5	11	1571	48123-48145
#F7F6FB	48134	11.5	1571	48123-48145
#F7F6FB	48134.5	11	1571	48123-48145
#F7F6FB	48134	10.5	1571	48123-48145
#FCFBFD	48134	11.5	1572	48123-48146
#FCFBFD	48134.5	12	1572	48123-48146
#FCFBFD	48135	11.5	1572	48123-48146
#FCFBFD	48134.5	11	1572	48123-48146
#F9F9FC	48134.5	12	1573	48123-48147
#F9F9FC	48135	12.5	1573	48123-48147
#F9F9FC	48135.5	12	1573	48123-48147
#F9F9FC	48135	11.5	1573	48123-48147
#FCFCFD	48135	12.5	1574	48123-48148
#FCFCFD	48135.5	13	1574	48123-48148
#FCFCFD	48136	12.5	1574	48123-48148
#FCFCFD	48135.5	12	1574	48123-48148
#F2F0F8	48135.5	13	1575	48123-48149
#F2F0F8	48136	13.5	1575	48123-48149
#F2F0F8	48136.5	13	1575	48123-48149
#F2F0F8	48136	12.5	1575	48123-48149
#F2F1F8	48136	13.5	1576	48123-48150
#F2F1F8	48136.5	14	1576	48123-48150
#F2F1F8	48137	13.5	1576	48123-48150
#F2F1F8	48136.5	13	1576	48123-48150
#D4CEE8	48136.5	14	1577	48123-48151
#D4CEE8	48137	14.5	1577	48123-48151
#D4CEE8	48137.5	14	1577	48123-48151
#D4CEE8	48137	13.5	1577	48123-48151
#E3E0F0	48137	14.5	1578	48123-48152
#E3E0F0	48137.5	15	1578	48123-48152
#E3E0F0	48138	14.5	1578	48123-48152
#E3E0F0	48137.5	14	1578	48123-48152
#D3CDE7	48137.5	15	1579	48123-48153
#D3CDE7	48138	15.5	1579	48123-48153
#D3CDE7	48138.5	15	1579	48123-48153
#D3CDE7	48138	14.5	1579	48123-48153
#DCD7EC	48138	15.5	1580	48123-48154
#DCD7EC	48138.5	16	1580	48123-48154
#DCD7EC	48139	15.5	1580	48123-48154
#DCD7EC	48138.5	15	1580	48123-48154
#EAE7F4	48138.5	16	1581	48123-48155
#EAE7F4	48139	16.5	1581	48123-48155
#EAE7F4	48139.5	16	1581	48123-48155
#EAE7F4	48139	15.5	1581	48123-48155
#E8E5F3	48139	16.5	1582	48123-48156
#E8E5F3	48139.5	17	1582	48123-48156
#E8E5F3	48140	16.5	1582	48123-48156
#E8E5F3	48139.5	16	1582	48123-48156
#D6D1E9	48139.5	17	1583	48123-48157
#D6D1E9	48140	17.5	1583	48123-48157
#D6D1E9	48140.5	17	1583	48123-48157
#D6D1E9	48140	16.5	1583	48123-48157
#E4E1F1	48140	17.5	1584	48123-48158
#E4E1F1	48140.5	18	1584	48123-48158
#E4E1F1	48141	17.5	1584	48123-48158
#E4E1F1	48140.5	17	1584	48123-48158
#F5F3F9	48140.5	18	1585	48123-48159
#F5F3F9	48141	18.5	1585	48123-48159
#F5F3F9	48141.5	18	1585	48123-48159
#F5F3F9	48141	17.5	1585	48123-48159
#FDFCFE	48141	18.5	1586	48123-48160
#FDFCFE	48141.5	19	1586	48123-48160
#FDFCFE	48142	18.5	1586	48123-48160
#FDFCFE	48141.5	18	1586	48123-48160
#FEFCFC	48141.5	19	1587	48123-48161
#FEFCFC	48142	19.5	1587	48123-48161
#FEFCFC	48142.5	19	1587	48123-48161
#FEFCFC	48142	18.5	1587	48123-48161
#FFFFFF	48142	19.5	1588	48123-48162
#FFFFFF	48142.5	20	1588	48123-48162
#FFFFFF	48143	19.5	1588	48123-48162
#FFFFFF	48142.5	19	1588	48123-48162
#F4F2F9	48142.5	20	1589	48123-48163
#F4F2F9	48143	20.5	1589	48123-48163
#F4F2F9	48143.5	20	1589	48123-48163
#F4F2F9	48143	19.5	1589	48123-48163
#FAF9FC	48143	20.5	1590	48123-48164
#FAF9FC	48143.5	21	1590	48123-48164
#FAF9FC	48144	20.5	1590	48123-48164
#FAF9FC	48143.5	20	1590	48123-48164
#FBFBFD	48143.5	21	1591	48123-48165
#FBFBFD	48144	21.5	1591	48123-48165
#FBFBFD	48144.5	21	1591	48123-48165
#FBFBFD	48144	20.5	1591	48123-48165
#F9F8FC	48144	21.5	1592	48123-48166
#F9F8FC	48144.5	22	1592	48123-48166
#F9F8FC	48145	21.5	1592	48123-48166
#F9F8FC	48144.5	21	1592	48123-48166
#F9F9FC	48144.5	22	1593	48123-48167
#F9F9FC	48145	22.5	1593	48123-48167
#F9F9FC	48145.5	22	1593	48123-48167
#F9F9FC	48145	21.5	1593	48123-48167
#FAF9FC	48145	22.5	1594	48123-48168
#FAF9FC	48145.5	23	1594	48123-48168
#FAF9FC	48146	22.5	1594	48123-48168
#FAF9FC	48145.5	22	1594	48123-48168
#FDFDFE	48145.5	23	1595	48123-48169
#FDFDFE	48146	23.5	1595	48123-48169
#FDFDFE	48146.5	23	1595	48123-48169
#FDFDFE	48146	22.5	1595	48123-48169
#F8F7FB	48146	23.5	1596	48123-48170
#F8F7FB	48146.5	24	1596	48123-48170
#F8F7FB	48147	23.5	1596	48123-48170
#F8F7FB	48146.5	23	1596	48123-48170
#FDFDFE	48146.5	24	1597	48123-48171
#FDFDFE	48147	24.5	1597	48123-48171
#FDFDFE	48147.5	24	1597	48123-48171
#FDFDFE	48147	23.5	1597	48123-48171
#FEFCFC	48147	24.5	1598	48123-48172
#FEFCFC	48147.5	25	1598	48123-48172
#FEFCFC	48148	24.5	1598	48123-48172
#FEFCFC	48147.5	24	1598	48123-48172
#CD9A94	48123.5	0	1599	48124-48124
#CD9A94	48124	0.5	1599	48124-48124
#CD9A94	48124.5	0	1599	48124-48124
#CD9A94	48124	-0.5	1599	48124-48124
#EFDBD8	48124	0.5	1600	48124-48125
#EFDBD8	48124.5	1	1600	48124-48125
#EFDBD8	48125	0.5	1600	48124-48125
#EFDBD8	48124.5	0	1600	48124-48125
#F1E0DE	48124.5	1	1601	48124-48126
#F1E0DE	48125	1.5	1601	48124-48126
#F1E0DE	48125.5	1	1601	48124-48126
#F1E0DE	48125	0.5	1601	48124-48126
#FFFFFF	48125	1.5	1602	48124-48127
#FFFFFF	48125.5	2	1602	48124-48127
#FFFFFF	48126	1.5	1602	48124-48127
#FFFFFF	48125.5	1	1602	48124-48127
#FAF9FC	48125.5	2	1603	48124-48128
#FAF9FC	48126	2.5	1603	48124-48128
#FAF9FC	48126.5	2	1603	48124-48128
#FAF9FC	48126	1.5	1603	48124-48128
#FDFCFE	48126	2.5	1604	48124-48129
#FDFCFE	48126.5	3	1604	48124-48129
#FDFCFE	48127	2.5	1604	48124-48129
#FDFCFE	48126.5	2	1604	48124-48129
#FFFEFE	48126.5	3	1605	48124-48130
#FFFEFE	48127	3.5	1605	48124-48130
#FFFEFE	48127.5	3	1605	48124-48130
#FFFEFE	48127	2.5	1605	48124-48130
#FDFCFE	48127	3.5	1606	48124-48131
#FDFCFE	48127.5	4	1606	48124-48131
#FDFCFE	48128	3.5	1606	48124-48131
#FDFCFE	48127.5	3	1606	48124-48131
#ECE9F5	48127.5	4	1607	48124-48132
#ECE9F5	48128	4.5	1607	48124-48132
#ECE9F5	48128.5	4	1607	48124-48132
#ECE9F5	48128	3.5	1607	48124-48132
#FFFEFE	48128	4.5	1608	48124-48133
#FFFEFE	48128.5	5	1608	48124-48133
#FFFEFE	48129	4.5	1608	48124-48133
#FFFEFE	48128.5	4	1608	48124-48133
#FCF8F8	48128.5	5	1609	48124-48134
#FCF8F8	48129	5.5	1609	48124-48134
#FCF8F8	48129.5	5	1609	48124-48134
#FCF8F8	48129	4.5	1609	48124-48134
#FCFCFE	48129	5.5	1610	48124-48135
#FCFCFE	48129.5	6	1610	48124-48135
#FCFCFE	48130	5.5	1610	48124-48135
#FCFCFE	48129.5	5	1610	48124-48135
#FDFCFE	48129.5	6	1611	48124-48136
#FDFCFE	48130	6.5	1611	48124-48136
#FDFCFE	48130.5	6	1611	48124-48136
#FDFCFE	48130	5.5	1611	48124-48136
#F7F5FA	48130	6.5	1612	48124-48137
#F7F5FA	48130.5	7	1612	48124-48137
#F7F5FA	48131	6.5	1612	48124-48137
#F7F5FA	48130.5	6	1612	48124-48137
#FAF9FC	48130.5	7	1613	48124-48138
#FAF9FC	48131	7.5	1613	48124-48138
#FAF9FC	48131.5	7	1613	48124-48138
#FAF9FC	48131	6.5	1613	48124-48138
#FAFAFD	48131	7.5	1614	48124-48139
#FAFAFD	48131.5	8	1614	48124-48139
#FAFAFD	48132	7.5	1614	48124-48139
#FAFAFD	48131.5	7	1614	48124-48139
#F9F8FC	48131.5	8	1615	48124-48140
#F9F8FC	48132	8.5	1615	48124-48140
#F9F8FC	48132.5	8	1615	48124-48140
#F9F8FC	48132	7.5	1615	48124-48140
#FFFFFF	48132	8.5	1616	48124-48141
#FFFFFF	48132.5	9	1616	48124-48141
#FFFFFF	48133	8.5	1616	48124-48141
#FFFFFF	48132.5	8	1616	48124-48141
#FAF9FC	48132.5	9	1617	48124-48142
#FAF9FC	48133	9.5	1617	48124-48142
#FAF9FC	48133.5	9	1617	48124-48142
#FAF9FC	48133	8.5	1617	48124-48142
#F8F7FB	48133	9.5	1618	48124-48143
#F8F7FB	48133.5	10	1618	48124-48143
#F8F7FB	48134	9.5	1618	48124-48143
#F8F7FB	48133.5	9	1618	48124-48143
#FBFAFD	48133.5	10	1619	48124-48144
#FBFAFD	48134	10.5	1619	48124-48144
#FBFAFD	48134.5	10	1619	48124-48144
#FBFAFD	48134	9.5	1619	48124-48144
#EFEDF7	48134	10.5	1620	48124-48145
#EFEDF7	48134.5	11	1620	48124-48145
#EFEDF7	48135	10.5	1620	48124-48145
#EFEDF7	48134.5	10	1620	48124-48145
#FCFBFD	48134.5	11	1621	48124-48146
#FCFBFD	48135	11.5	1621	48124-48146
#FCFBFD	48135.5	11	1621	48124-48146
#FCFBFD	48135	10.5	1621	48124-48146
#FAF9FC	48135	11.5	1622	48124-48147
#FAF9FC	48135.5	12	1622	48124-48147
#FAF9FC	48136	11.5	1622	48124-48147
#FAF9FC	48135.5	11	1622	48124-48147
#F9F8FC	48135.5	12	1623	48124-48148
#F9F8FC	48136	12.5	1623	48124-48148
#F9F8FC	48136.5	12	1623	48124-48148
#F9F8FC	48136	11.5	1623	48124-48148
#F6F5FA	48136	12.5	1624	48124-48149
#F6F5FA	48136.5	13	1624	48124-48149
#F6F5FA	48137	12.5	1624	48124-48149
#F6F5FA	48136.5	12	1624	48124-48149
#F4F3F9	48136.5	13	1625	48124-48150
#F4F3F9	48137	13.5	1625	48124-48150
#F4F3F9	48137.5	13	1625	48124-48150
#F4F3F9	48137	12.5	1625	48124-48150
#EDEAF5	48137	13.5	1626	48124-48151
#EDEAF5	48137.5	14	1626	48124-48151
#EDEAF5	48138	13.5	1626	48124-48151
#EDEAF5	48137.5	13	1626	48124-48151
#E5E1F1	48137.5	14	1627	48124-48152
#E5E1F1	48138	14.5	1627	48124-48152
#E5E1F1	48138.5	14	1627	48124-48152
#E5E1F1	48138	13.5	1627	48124-48152
#F2F1F8	48138	14.5	1628	48124-48153
#F2F1F8	48138.5	15	1628	48124-48153
#F2F1F8	48139	14.5	1628	48124-48153
#F2F1F8	48138.5	14	1628	48124-48153
#E2DEEF	48138.5	15	1629	48124-48154
#E2DEEF	48139	15.5	1629	48124-48154
#E2DEEF	48139.5	15	1629	48124-48154
#E2DEEF	48139	14.5	1629	48124-48154
#EBE9F4	48139	15.5	1630	48124-48155
#EBE9F4	48139.5	16	1630	48124-48155
#EBE9F4	48140	15.5	1630	48124-48155
#EBE9F4	48139.5	15	1630	48124-48155
#EBE8F4	48139.5	16	1631	48124-48156
#EBE8F4	48140	16.5	1631	48124-48156
#EBE8F4	48140.5	16	1631	48124-48156
#EBE8F4	48140	15.5	1631	48124-48156
#E7E4F2	48140	16.5	1632	48124-48157
#E7E4F2	48140.5	17	1632	48124-48157
#E7E4F2	48141	16.5	1632	48124-48157
#E7E4F2	48140.5	16	1632	48124-48157
#EFECF6	48140.5	17	1633	48124-48158
#EFECF6	48141	17.5	1633	48124-48158
#EFECF6	48141.5	17	1633	48124-48158
#EFECF6	48141	16.5	1633	48124-48158
#FDFCFE	48141	17.5	1634	48124-48159
#FDFCFE	48141.5	18	1634	48124-48159
#FDFCFE	48142	17.5	1634	48124-48159
#FDFCFE	48141.5	17	1634	48124-48159
#FCF9F8	48141.5	18	1635	48124-48160
#FCF9F8	48142	18.5	1635	48124-48160
#FCF9F8	48142.5	18	1635	48124-48160
#FCF9F8	48142	17.5	1635	48124-48160
#FEFEFE	48142	18.5	1636	48124-48161
#FEFEFE	48142.5	19	1636	48124-48161
#FEFEFE	48143	18.5	1636	48124-48161
#FEFEFE	48142.5	18	1636	48124-48161
#FDFAF9	48142.5	19	1637	48124-48162
#FDFAF9	48143	19.5	1637	48124-48162
#FDFAF9	48143.5	19	1637	48124-48162
#FDFAF9	48143	18.5	1637	48124-48162
#FCF8F8	48143	19.5	1638	48124-48163
#FCF8F8	48143.5	20	1638	48124-48163
#FCF8F8	48144	19.5	1638	48124-48163
#FCF8F8	48143.5	19	1638	48124-48163
#FEFCFC	48143.5	20	1639	48124-48164
#FEFCFC	48144	20.5	1639	48124-48164
#FEFCFC	48144.5	20	1639	48124-48164
#FEFCFC	48144	19.5	1639	48124-48164
#FFFFFF	48144	20.5	1640	48124-48165
#FFFFFF	48144.5	21	1640	48124-48165
#FFFFFF	48145	20.5	1640	48124-48165
#FFFFFF	48144.5	20	1640	48124-48165
#FDFCFE	48144.5	21	1641	48124-48166
#FDFCFE	48145	21.5	1641	48124-48166
#FDFCFE	48145.5	21	1641	48124-48166
#FDFCFE	48145	20.5	1641	48124-48166
#FAF9FC	48145	21.5	1642	48124-48167
#FAF9FC	48145.5	22	1642	48124-48167
#FAF9FC	48146	21.5	1642	48124-48167
#FAF9FC	48145.5	21	1642	48124-48167
#FDFBFB	48145.5	22	1643	48124-48168
#FDFBFB	48146	22.5	1643	48124-48168
#FDFBFB	48146.5	22	1643	48124-48168
#FDFBFB	48146	21.5	1643	48124-48168
#F6F5FA	48146	22.5	1644	48124-48169
#F6F5FA	48146.5	23	1644	48124-48169
#F6F5FA	48147	22.5	1644	48124-48169
#F6F5FA	48146.5	22	1644	48124-48169
#FCFCFD	48146.5	23	1645	48124-48170
#FCFCFD	48147	23.5	1645	48124-48170
#FCFCFD	48147.5	23	1645	48124-48170
#FCFCFD	48147	22.5	1645	48124-48170
#FDFBFB	48147	23.5	1646	48124-48171
#FDFBFB	48147.5	24	1646	48124-48171
#FDFBFB	48148	23.5	1646	48124-48171
#FDFBFB	48147.5	23	1646	48124-48171
#FDF9F9	48147.5	24	1647	48124-48172
#FDF9F9	48148	24.5	1647	48124-48172
#FDF9F9	48148.5	24	1647	48124-48172
#FDF9F9	48148	23.5	1647	48124-48172
#FFFFFF	48148	24.5	1648	48124-48173
#FFFFFF	48148.5	25	1648	48124-48173
#FFFFFF	48149	24.5	1648	48124-48173
#FFFFFF	48148.5	24	1648	48124-48173
#CE9B95	48124.5	0	1649	48125-48125
#CE9B95	48125	0.5	1649	48125-48125
#CE9B95	48125.5	0	1649	48125-48125
#CE9B95	48125	-0.5	1649	48125-48125
#EFDAD8	48125	0.5	1650	48125-48126
#EFDAD8	48125.5	1	1650	48125-48126
#EFDAD8	48126	0.5	1650	48125-48126
#EFDAD8	48125.5	0	1650	48125-48126
#FCF7F7	48125.5	1	1651	48125-48127
#FCF7F7	48126	1.5	1651	48125-48127
#FCF7F7	48126.5	1	1651	48125-48127
#FCF7F7	48126	0.5	1651	48125-48127
#FEFDFD	48126	1.5	1652	48125-48128
#FEFDFD	48126.5	2	1652	48125-48128
#FEFDFD	48127	1.5	1652	48125-48128
#FEFDFD	48126.5	1	1652	48125-48128
#FCF7F6	48126.5	2	1653	48125-48129
#FCF7F6	48127	2.5	1653	48125-48129
#FCF7F6	48127.5	2	1653	48125-48129
#FCF7F6	48127	1.5	1653	48125-48129
#F1DFDD	48127	2.5	1654	48125-48130
#F1DFDD	48127.5	3	1654	48125-48130
#F1DFDD	48128	2.5	1654	48125-48130
#F1DFDD	48127.5	2	1654	48125-48130
#EBD3D0	48127.5	3	1655	48125-48131
#EBD3D0	48128	3.5	1655	48125-48131
#EBD3D0	48128.5	3	1655	48125-48131
#EBD3D0	48128	2.5	1655	48125-48131
#FFFFFF	48128	3.5	1656	48125-48132
#FFFFFF	48128.5	4	1656	48125-48132
#FFFFFF	48129	3.5	1656	48125-48132
#FFFFFF	48128.5	3	1656	48125-48132
#FAF4F3	48128.5	4	1657	48125-48133
#FAF4F3	48129	4.5	1657	48125-48133
#FAF4F3	48129.5	4	1657	48125-48133
#FAF4F3	48129	3.5	1657	48125-48133
#F8EFED	48129	4.5	1658	48125-48134
#F8EFED	48129.5	5	1658	48125-48134
#F8EFED	48130	4.5	1658	48125-48134
#F8EFED	48129.5	4	1658	48125-48134
#FEFEFE	48129.5	5	1659	48125-48135
#FEFEFE	48130	5.5	1659	48125-48135
#FEFEFE	48130.5	5	1659	48125-48135
#FEFEFE	48130	4.5	1659	48125-48135
#FDFDFE	48130	5.5	1660	48125-48136
#FDFDFE	48130.5	6	1660	48125-48136
#FDFDFE	48131	5.5	1660	48125-48136
#FDFDFE	48130.5	5	1660	48125-48136
#FDFCFE	48130.5	6	1661	48125-48137
#FDFCFE	48131	6.5	1661	48125-48137
#FDFCFE	48131.5	6	1661	48125-48137
#FDFCFE	48131	5.5	1661	48125-48137
#F4F2F9	48131	6.5	1662	48125-48138
#F4F2F9	48131.5	7	1662	48125-48138
#F4F2F9	48132	6.5	1662	48125-48138
#F4F2F9	48131.5	6	1662	48125-48138
#F8F7FB	48131.5	7	1663	48125-48139
#F8F7FB	48132	7.5	1663	48125-48139
#F8F7FB	48132.5	7	1663	48125-48139
#F8F7FB	48132	6.5	1663	48125-48139
#F1EFF8	48132	7.5	1664	48125-48140
#F1EFF8	48132.5	8	1664	48125-48140
#F1EFF8	48133	7.5	1664	48125-48140
#F1EFF8	48132.5	7	1664	48125-48140
#FEFCFC	48132.5	8	1665	48125-48141
#FEFCFC	48133	8.5	1665	48125-48141
#FEFCFC	48133.5	8	1665	48125-48141
#FEFCFC	48133	7.5	1665	48125-48141
#F8F7FB	48133	8.5	1666	48125-48142
#F8F7FB	48133.5	9	1666	48125-48142
#F8F7FB	48134	8.5	1666	48125-48142
#F8F7FB	48133.5	8	1666	48125-48142
#F6F5FA	48133.5	9	1667	48125-48143
#F6F5FA	48134	9.5	1667	48125-48143
#F6F5FA	48134.5	9	1667	48125-48143
#F6F5FA	48134	8.5	1667	48125-48143
#F3F1F8	48134	9.5	1668	48125-48144
#F3F1F8	48134.5	10	1668	48125-48144
#F3F1F8	48135	9.5	1668	48125-48144
#F3F1F8	48134.5	9	1668	48125-48144
#ECE9F5	48134.5	10	1669	48125-48145
#ECE9F5	48135	10.5	1669	48125-48145
#ECE9F5	48135.5	10	1669	48125-48145
#ECE9F5	48135	9.5	1669	48125-48145
#FFFEFE	48135	10.5	1670	48125-48146
#FFFEFE	48135.5	11	1670	48125-48146
#FFFEFE	48136	10.5	1670	48125-48146
#FFFEFE	48135.5	10	1670	48125-48146
#FEFEFF	48135.5	11	1671	48125-48147
#FEFEFF	48136	11.5	1671	48125-48147
#FEFEFF	48136.5	11	1671	48125-48147
#FEFEFF	48136	10.5	1671	48125-48147
#FFFFFF	48136	11.5	1672	48125-48148
#FFFFFF	48136.5	12	1672	48125-48148
#FFFFFF	48137	11.5	1672	48125-48148
#FFFFFF	48136.5	11	1672	48125-48148
#F6F5FA	48136.5	12	1673	48125-48149
#F6F5FA	48137	12.5	1673	48125-48149
#F6F5FA	48137.5	12	1673	48125-48149
#F6F5FA	48137	11.5	1673	48125-48149
#F4F3F9	48137	12.5	1674	48125-48150
#F4F3F9	48137.5	13	1674	48125-48150
#F4F3F9	48138	12.5	1674	48125-48150
#F4F3F9	48137.5	12	1674	48125-48150
#E5E1F1	48137.5	13	1675	48125-48151
#E5E1F1	48138	13.5	1675	48125-48151
#E5E1F1	48138.5	13	1675	48125-48151
#E5E1F1	48138	12.5	1675	48125-48151
#E9E6F3	48138	13.5	1676	48125-48152
#E9E6F3	48138.5	14	1676	48125-48152
#E9E6F3	48139	13.5	1676	48125-48152
#E9E6F3	48138.5	13	1676	48125-48152
#E7E4F2	48138.5	14	1677	48125-48153
#E7E4F2	48139	14.5	1677	48125-48153
#E7E4F2	48139.5	14	1677	48125-48153
#E7E4F2	48139	13.5	1677	48125-48153
#F2F0F8	48139	14.5	1678	48125-48154
#F2F0F8	48139.5	15	1678	48125-48154
#F2F0F8	48140	14.5	1678	48125-48154
#F2F0F8	48139.5	14	1678	48125-48154
#DDD9ED	48139.5	15	1679	48125-48155
#DDD9ED	48140	15.5	1679	48125-48155
#DDD9ED	48140.5	15	1679	48125-48155
#DDD9ED	48140	14.5	1679	48125-48155
#F8F8FB	48140	15.5	1680	48125-48156
#F8F8FB	48140.5	16	1680	48125-48156
#F8F8FB	48141	15.5	1680	48125-48156
#F8F8FB	48140.5	15	1680	48125-48156
#D7D2EA	48140.5	16	1681	48125-48157
#D7D2EA	48141	16.5	1681	48125-48157
#D7D2EA	48141.5	16	1681	48125-48157
#D7D2EA	48141	15.5	1681	48125-48157
#E3E0F0	48141	16.5	1682	48125-48158
#E3E0F0	48141.5	17	1682	48125-48158
#E3E0F0	48142	16.5	1682	48125-48158
#E3E0F0	48141.5	16	1682	48125-48158
#F1EFF8	48141.5	17	1683	48125-48159
#F1EFF8	48142	17.5	1683	48125-48159
#F1EFF8	48142.5	17	1683	48125-48159
#F1EFF8	48142	16.5	1683	48125-48159
#F7F6FB	48142	17.5	1684	48125-48160
#F7F6FB	48142.5	18	1684	48125-48160
#F7F6FB	48143	17.5	1684	48125-48160
#F7F6FB	48142.5	17	1684	48125-48160
#FDFDFE	48142.5	18	1685	48125-48161
#FDFDFE	48143	18.5	1685	48125-48161
#FDFDFE	48143.5	18	1685	48125-48161
#FDFDFE	48143	17.5	1685	48125-48161
#FFFFFF	48143	18.5	1686	48125-48162
#FFFFFF	48143.5	19	1686	48125-48162
#FFFFFF	48144	18.5	1686	48125-48162
#FFFFFF	48143.5	18	1686	48125-48162
#F7F6FB	48143.5	19	1687	48125-48163
#F7F6FB	48144	19.5	1687	48125-48163
#F7F6FB	48144.5	19	1687	48125-48163
#F7F6FB	48144	18.5	1687	48125-48163
#FBFBFD	48144	19.5	1688	48125-48164
#FBFBFD	48144.5	20	1688	48125-48164
#FBFBFD	48145	19.5	1688	48125-48164
#FBFBFD	48144.5	19	1688	48125-48164
#FEFEFF	48144.5	20	1689	48125-48165
#FEFEFF	48145	20.5	1689	48125-48165
#FEFEFF	48145.5	20	1689	48125-48165
#FEFEFF	48145	19.5	1689	48125-48165
#F5F4FA	48145	20.5	1690	48125-48166
#F5F4FA	48145.5	21	1690	48125-48166
#F5F4FA	48146	20.5	1690	48125-48166
#F5F4FA	48145.5	20	1690	48125-48166
#FFFEFF	48145.5	21	1691	48125-48167
#FFFEFF	48146	21.5	1691	48125-48167
#FFFEFF	48146.5	21	1691	48125-48167
#FFFEFF	48146	20.5	1691	48125-48167
#FCFCFD	48146	21.5	1692	48125-48168
#FCFCFD	48146.5	22	1692	48125-48168
#FCFCFD	48147	21.5	1692	48125-48168
#FCFCFD	48146.5	21	1692	48125-48168
#FAF9FC	48146.5	22	1693	48125-48169
#FAF9FC	48147	22.5	1693	48125-48169
#FAF9FC	48147.5	22	1693	48125-48169
#FAF9FC	48147	21.5	1693	48125-48169
#F7F6FB	48147	22.5	1694	48125-48170
#F7F6FB	48147.5	23	1694	48125-48170
#F7F6FB	48148	22.5	1694	48125-48170
#F7F6FB	48147.5	22	1694	48125-48170
#FEFEFF	48147.5	23	1695	48125-48171
#FEFEFF	48148	23.5	1695	48125-48171
#FEFEFF	48148.5	23	1695	48125-48171
#FEFEFF	48148	22.5	1695	48125-48171
#FBF7F6	48148	23.5	1696	48125-48172
#FBF7F6	48148.5	24	1696	48125-48172
#FBF7F6	48149	23.5	1696	48125-48172
#FBF7F6	48148.5	23	1696	48125-48172
#FEFEFF	48148.5	24	1697	48125-48173
#FEFEFF	48149	24.5	1697	48125-48173
#FEFEFF	48149.5	24	1697	48125-48173
#FEFEFF	48149	23.5	1697	48125-48173
#F7F6FB	48149	24.5	1698	48125-48174
#F7F6FB	48149.5	25	1698	48125-48174
#F7F6FB	48150	24.5	1698	48125-48174
#F7F6FB	48149.5	24	1698	48125-48174
#CD9992	48125.5	0	1699	48126-48126
#CD9992	48126	0.5	1699	48126-48126
#CD9992	48126.5	0	1699	48126-48126
#CD9992	48126	-0.5	1699	48126-48126
#FEFEFE	48126	0.5	1700	48126-48127
#FEFEFE	48126.5	1	1700	48126-48127
#FEFEFE	48127	0.5	1700	48126-48127
#FEFEFE	48126.5	0	1700	48126-48127
#FAF3F2	48126.5	1	1701	48126-48128
#FAF3F2	48127	1.5	1701	48126-48128
#FAF3F2	48127.5	1	1701	48126-48128
#FAF3F2	48127	0.5	1701	48126-48128
#F0DDDA	48127	1.5	1702	48126-48129
#F0DDDA	48127.5	2	1702	48126-48129
#F0DDDA	48128	1.5	1702	48126-48129
#F0DDDA	48127.5	1	1702	48126-48129
#EBD3D0	48127.5	2	1703	48126-48130
#EBD3D0	48128	2.5	1703	48126-48130
#EBD3D0	48128.5	2	1703	48126-48130
#EBD3D0	48128	1.5	1703	48126-48130
#E2C1BD	48128	2.5	1704	48126-48131
#E2C1BD	48128.5	3	1704	48126-48131
#E2C1BD	48129	2.5	1704	48126-48131
#E2C1BD	48128.5	2	1704	48126-48131
#FFFEFE	48128.5	3	1705	48126-48132
#FFFEFE	48129	3.5	1705	48126-48132
#FFFEFE	48129.5	3	1705	48126-48132
#FFFEFE	48129	2.5	1705	48126-48132
#F4E6E5	48129	3.5	1706	48126-48133
#F4E6E5	48129.5	4	1706	48126-48133
#F4E6E5	48130	3.5	1706	48126-48133
#F4E6E5	48129.5	3	1706	48126-48133
#F7EDEB	48129.5	4	1707	48126-48134
#F7EDEB	48130	4.5	1707	48126-48134
#F7EDEB	48130.5	4	1707	48126-48134
#F7EDEB	48130	3.5	1707	48126-48134
#FEFDFD	48130	4.5	1708	48126-48135
#FEFDFD	48130.5	5	1708	48126-48135
#FEFDFD	48131	4.5	1708	48126-48135
#FEFDFD	48130.5	4	1708	48126-48135
#FFFFFF	48130.5	5	1709	48126-48136
#FFFFFF	48131	5.5	1709	48126-48136
#FFFFFF	48131.5	5	1709	48126-48136
#FFFFFF	48131	4.5	1709	48126-48136
#FFFEFE	48131	5.5	1710	48126-48137
#FFFEFE	48131.5	6	1710	48126-48137
#FFFEFE	48132	5.5	1710	48126-48137
#FFFEFE	48131.5	5	1710	48126-48137
#F4F2F9	48131.5	6	1711	48126-48138
#F4F2F9	48132	6.5	1711	48126-48138
#F4F2F9	48132.5	6	1711	48126-48138
#F4F2F9	48132	5.5	1711	48126-48138
#F9F8FC	48132	6.5	1712	48126-48139
#F9F8FC	48132.5	7	1712	48126-48139
#F9F8FC	48133	6.5	1712	48126-48139
#F9F8FC	48132.5	6	1712	48126-48139
#FEFCFC	48132.5	7	1713	48126-48140
#FEFCFC	48133	7.5	1713	48126-48140
#FEFCFC	48133.5	7	1713	48126-48140
#FEFCFC	48133	6.5	1713	48126-48140
#FFFFFF	48133	7.5	1714	48126-48141
#FFFFFF	48133.5	8	1714	48126-48141
#FFFFFF	48134	7.5	1714	48126-48141
#FFFFFF	48133.5	7	1714	48126-48141
#FAF9FC	48133.5	8	1715	48126-48142
#FAF9FC	48134	8.5	1715	48126-48142
#FAF9FC	48134.5	8	1715	48126-48142
#FAF9FC	48134	7.5	1715	48126-48142
#FCFBFD	48134	8.5	1716	48126-48143
#FCFBFD	48134.5	9	1716	48126-48143
#FCFBFD	48135	8.5	1716	48126-48143
#FCFBFD	48134.5	8	1716	48126-48143
#FFFFFF	48134.5	9	1717	48126-48144
#FFFFFF	48135	9.5	1717	48126-48144
#FFFFFF	48135.5	9	1717	48126-48144
#FFFFFF	48135	8.5	1717	48126-48144
#FFFFFF	48135	9.5	1718	48126-48145
#FFFFFF	48135.5	10	1718	48126-48145
#FFFFFF	48136	9.5	1718	48126-48145
#FFFFFF	48135.5	9	1718	48126-48145
#F9F8FC	48135.5	10	1719	48126-48146
#F9F8FC	48136	10.5	1719	48126-48146
#F9F8FC	48136.5	10	1719	48126-48146
#F9F8FC	48136	9.5	1719	48126-48146
#F6F5FA	48136	10.5	1720	48126-48147
#F6F5FA	48136.5	11	1720	48126-48147
#F6F5FA	48137	10.5	1720	48126-48147
#F6F5FA	48136.5	10	1720	48126-48147
#FDFDFE	48136.5	11	1721	48126-48148
#FDFDFE	48137	11.5	1721	48126-48148
#FDFDFE	48137.5	11	1721	48126-48148
#FDFDFE	48137	10.5	1721	48126-48148
#F5F4FA	48137	11.5	1722	48126-48149
#F5F4FA	48137.5	12	1722	48126-48149
#F5F4FA	48138	11.5	1722	48126-48149
#F5F4FA	48137.5	11	1722	48126-48149
#F7F5FA	48137.5	12	1723	48126-48150
#F7F5FA	48138	12.5	1723	48126-48150
#F7F5FA	48138.5	12	1723	48126-48150
#F7F5FA	48138	11.5	1723	48126-48150
#F4F2F9	48138	12.5	1724	48126-48151
#F4F2F9	48138.5	13	1724	48126-48151
#F4F2F9	48139	12.5	1724	48126-48151
#F4F2F9	48138.5	12	1724	48126-48151
#FFFEFE	48138.5	13	1725	48126-48152
#FFFEFE	48139	13.5	1725	48126-48152
#FFFEFE	48139.5	13	1725	48126-48152
#FFFEFE	48139	12.5	1725	48126-48152
#F3F1F8	48139	13.5	1726	48126-48153
#F3F1F8	48139.5	14	1726	48126-48153
#F3F1F8	48140	13.5	1726	48126-48153
#F3F1F8	48139.5	13	1726	48126-48153
#EEECF6	48139.5	14	1727	48126-48154
#EEECF6	48140	14.5	1727	48126-48154
#EEECF6	48140.5	14	1727	48126-48154
#EEECF6	48140	13.5	1727	48126-48154
#FAFAFC	48140	14.5	1728	48126-48155
#FAFAFC	48140.5	15	1728	48126-48155
#FAFAFC	48141	14.5	1728	48126-48155
#FAFAFC	48140.5	14	1728	48126-48155
#EEECF6	48140.5	15	1729	48126-48156
#EEECF6	48141	15.5	1729	48126-48156
#EEECF6	48141.5	15	1729	48126-48156
#EEECF6	48141	14.5	1729	48126-48156
#E2DEEF	48141	15.5	1730	48126-48157
#E2DEEF	48141.5	16	1730	48126-48157
#E2DEEF	48142	15.5	1730	48126-48157
#E2DEEF	48141.5	15	1730	48126-48157
#F5F3F9	48141.5	16	1731	48126-48158
#F5F3F9	48142	16.5	1731	48126-48158
#F5F3F9	48142.5	16	1731	48126-48158
#F5F3F9	48142	15.5	1731	48126-48158
#F5F4FA	48142	16.5	1732	48126-48159
#F5F4FA	48142.5	17	1732	48126-48159
#F5F4FA	48143	16.5	1732	48126-48159
#F5F4FA	48142.5	16	1732	48126-48159
#FEFEFF	48142.5	17	1733	48126-48160
#FEFEFF	48143	17.5	1733	48126-48160
#FEFEFF	48143.5	17	1733	48126-48160
#FEFEFF	48143	16.5	1733	48126-48160
#FDFBFB	48143	17.5	1734	48126-48161
#FDFBFB	48143.5	18	1734	48126-48161
#FDFBFB	48144	17.5	1734	48126-48161
#FDFBFB	48143.5	17	1734	48126-48161
#FCF9F8	48143.5	18	1735	48126-48162
#FCF9F8	48144	18.5	1735	48126-48162
#FCF9F8	48144.5	18	1735	48126-48162
#FCF9F8	48144	17.5	1735	48126-48162
#FFFEFE	48144	18.5	1736	48126-48163
#FFFEFE	48144.5	19	1736	48126-48163
#FFFEFE	48145	18.5	1736	48126-48163
#FFFEFE	48144.5	18	1736	48126-48163
#FFFFFF	48144.5	19	1737	48126-48164
#FFFFFF	48145	19.5	1737	48126-48164
#FFFFFF	48145.5	19	1737	48126-48164
#FFFFFF	48145	18.5	1737	48126-48164
#FAF4F4	48145	19.5	1738	48126-48165
#FAF4F4	48145.5	20	1738	48126-48165
#FAF4F4	48146	19.5	1738	48126-48165
#FAF4F4	48145.5	19	1738	48126-48165
#FCFBFD	48145.5	20	1739	48126-48166
#FCFBFD	48146	20.5	1739	48126-48166
#FCFBFD	48146.5	20	1739	48126-48166
#FCFBFD	48146	19.5	1739	48126-48166
#FDFBFA	48146	20.5	1740	48126-48167
#FDFBFA	48146.5	21	1740	48126-48167
#FDFBFA	48147	20.5	1740	48126-48167
#FDFBFA	48146.5	20	1740	48126-48167
#FEFDFD	48146.5	21	1741	48126-48168
#FEFDFD	48147	21.5	1741	48126-48168
#FEFDFD	48147.5	21	1741	48126-48168
#FEFDFD	48147	20.5	1741	48126-48168
#FDFBFA	48147	21.5	1742	48126-48169
#FDFBFA	48147.5	22	1742	48126-48169
#FDFBFA	48148	21.5	1742	48126-48169
#FDFBFA	48147.5	21	1742	48126-48169
#FBFBFD	48147.5	22	1743	48126-48170
#FBFBFD	48148	22.5	1743	48126-48170
#FBFBFD	48148.5	22	1743	48126-48170
#FBFBFD	48148	21.5	1743	48126-48170
#FBF5F5	48148	22.5	1744	48126-48171
#FBF5F5	48148.5	23	1744	48126-48171
#FBF5F5	48149	22.5	1744	48126-48171
#FBF5F5	48148.5	22	1744	48126-48171
#FDFAF9	48148.5	23	1745	48126-48172
#FDFAF9	48149	23.5	1745	48126-48172
#FDFAF9	48149.5	23	1745	48126-48172
#FDFAF9	48149	22.5	1745	48126-48172
#FDFDFE	48149	23.5	1746	48126-48173
#FDFDFE	48149.5	24	1746	48126-48173
#FDFDFE	48150	23.5	1746	48126-48173
#FDFDFE	48149.5	23	1746	48126-48173
#FEFEFD	48149.5	24	1747	48126-48174
#FEFEFD	48150	24.5	1747	48126-48174
#FEFEFD	48150.5	24	1747	48126-48174
#FEFEFD	48150	23.5	1747	48126-48174
#FFFFFF	48150	24.5	1748	48126-48175
#FFFFFF	48150.5	25	1748	48126-48175
#FFFFFF	48151	24.5	1748	48126-48175
#FFFFFF	48150.5	24	1748	48126-48175
#C0837C	48126.5	0	1749	48127-48127
#C0837C	48127	0.5	1749	48127-48127
#C0837C	48127.5	0	1749	48127-48127
#C0837C	48127	-0.5	1749	48127-48127
#F5E8E6	48127	0.5	1750	48127-48128
#F5E8E6	48127.5	1	1750	48127-48128
#F5E8E6	48128	0.5	1750	48127-48128
#F5E8E6	48127.5	0	1750	48127-48128
#FCF9F9	48127.5	1	1751	48127-48129
#FCF9F9	48128	1.5	1751	48127-48129
#FCF9F9	48128.5	1	1751	48127-48129
#FCF9F9	48128	0.5	1751	48127-48129
#FDFAF9	48128	1.5	1752	48127-48130
#FDFAF9	48128.5	2	1752	48127-48130
#FDFAF9	48129	1.5	1752	48127-48130
#FDFAF9	48128.5	1	1752	48127-48130
#FBF5F5	48128.5	2	1753	48127-48131
#FBF5F5	48129	2.5	1753	48127-48131
#FBF5F5	48129.5	2	1753	48127-48131
#FBF5F5	48129	1.5	1753	48127-48131
#FFFFFF	48129	2.5	1754	48127-48132
#FFFFFF	48129.5	3	1754	48127-48132
#FFFFFF	48130	2.5	1754	48127-48132
#FFFFFF	48129.5	2	1754	48127-48132
#FAF4F3	48129.5	3	1755	48127-48133
#FAF4F3	48130	3.5	1755	48127-48133
#FAF4F3	48130.5	3	1755	48127-48133
#FAF4F3	48130	2.5	1755	48127-48133
#F5E8E6	48130	3.5	1756	48127-48134
#F5E8E6	48130.5	4	1756	48127-48134
#F5E8E6	48131	3.5	1756	48127-48134
#F5E8E6	48130.5	3	1756	48127-48134
#FEFEFE	48130.5	4	1757	48127-48135
#FEFEFE	48131	4.5	1757	48127-48135
#FEFEFE	48131.5	4	1757	48127-48135
#FEFEFE	48131	3.5	1757	48127-48135
#FBF5F5	48131	4.5	1758	48127-48136
#FBF5F5	48131.5	5	1758	48127-48136
#FBF5F5	48132	4.5	1758	48127-48136
#FBF5F5	48131.5	4	1758	48127-48136
#FDFDFE	48131.5	5	1759	48127-48137
#FDFDFE	48132	5.5	1759	48127-48137
#FDFDFE	48132.5	5	1759	48127-48137
#FDFDFE	48132	4.5	1759	48127-48137
#FEFEFF	48132	5.5	1760	48127-48138
#FEFEFF	48132.5	6	1760	48127-48138
#FEFEFF	48133	5.5	1760	48127-48138
#FEFEFF	48132.5	5	1760	48127-48138
#FBFAFD	48132.5	6	1761	48127-48139
#FBFAFD	48133	6.5	1761	48127-48139
#FBFAFD	48133.5	6	1761	48127-48139
#FBFAFD	48133	5.5	1761	48127-48139
#FDFBFB	48133	6.5	1762	48127-48140
#FDFBFB	48133.5	7	1762	48127-48140
#FDFBFB	48134	6.5	1762	48127-48140
#FDFBFB	48133.5	6	1762	48127-48140
#F9F1F0	48133.5	7	1763	48127-48141
#F9F1F0	48134	7.5	1763	48127-48141
#F9F1F0	48134.5	7	1763	48127-48141
#F9F1F0	48134	6.5	1763	48127-48141
#FFFEFE	48134	7.5	1764	48127-48142
#FFFEFE	48134.5	8	1764	48127-48142
#FFFEFE	48135	7.5	1764	48127-48142
#FFFEFE	48134.5	7	1764	48127-48142
#FCF8F8	48134.5	8	1765	48127-48143
#FCF8F8	48135	8.5	1765	48127-48143
#FCF8F8	48135.5	8	1765	48127-48143
#FCF8F8	48135	7.5	1765	48127-48143
#FEFDFE	48135	8.5	1766	48127-48144
#FEFDFE	48135.5	9	1766	48127-48144
#FEFDFE	48136	8.5	1766	48127-48144
#FEFDFE	48135.5	8	1766	48127-48144
#F9F8FC	48135.5	9	1767	48127-48145
#F9F8FC	48136	9.5	1767	48127-48145
#F9F8FC	48136.5	9	1767	48127-48145
#F9F8FC	48136	8.5	1767	48127-48145
#FDFBFB	48136	9.5	1768	48127-48146
#FDFBFB	48136.5	10	1768	48127-48146
#FDFBFB	48137	9.5	1768	48127-48146
#FDFBFB	48136.5	9	1768	48127-48146
#FEFEFF	48136.5	10	1769	48127-48147
#FEFEFF	48137	10.5	1769	48127-48147
#FEFEFF	48137.5	10	1769	48127-48147
#FEFEFF	48137	9.5	1769	48127-48147
#FBF6F6	48137	10.5	1770	48127-48148
#FBF6F6	48137.5	11	1770	48127-48148
#FBF6F6	48138	10.5	1770	48127-48148
#FBF6F6	48137.5	10	1770	48127-48148
#FFFEFE	48137.5	11	1771	48127-48149
#FFFEFE	48138	11.5	1771	48127-48149
#FFFEFE	48138.5	11	1771	48127-48149
#FFFEFE	48138	10.5	1771	48127-48149
#F8F7FB	48138	11.5	1772	48127-48150
#F8F7FB	48138.5	12	1772	48127-48150
#F8F7FB	48139	11.5	1772	48127-48150
#F8F7FB	48138.5	11	1772	48127-48150
#F3F1F8	48138.5	12	1773	48127-48151
#F3F1F8	48139	12.5	1773	48127-48151
#F3F1F8	48139.5	12	1773	48127-48151
#F3F1F8	48139	11.5	1773	48127-48151
#FBFAFD	48139	12.5	1774	48127-48152
#FBFAFD	48139.5	13	1774	48127-48152
#FBFAFD	48140	12.5	1774	48127-48152
#FBFAFD	48139.5	12	1774	48127-48152
#FAFAFD	48139.5	13	1775	48127-48153
#FAFAFD	48140	13.5	1775	48127-48153
#FAFAFD	48140.5	13	1775	48127-48153
#FAFAFD	48140	12.5	1775	48127-48153
#EAE7F4	48140	13.5	1776	48127-48154
#EAE7F4	48140.5	14	1776	48127-48154
#EAE7F4	48141	13.5	1776	48127-48154
#EAE7F4	48140.5	13	1776	48127-48154
#F0EEF7	48140.5	14	1777	48127-48155
#F0EEF7	48141	14.5	1777	48127-48155
#F0EEF7	48141.5	14	1777	48127-48155
#F0EEF7	48141	13.5	1777	48127-48155
#FAF9FC	48141	14.5	1778	48127-48156
#FAF9FC	48141.5	15	1778	48127-48156
#FAF9FC	48142	14.5	1778	48127-48156
#FAF9FC	48141.5	14	1778	48127-48156
#FBFBFD	48141.5	15	1779	48127-48157
#FBFBFD	48142	15.5	1779	48127-48157
#FBFBFD	48142.5	15	1779	48127-48157
#FBFBFD	48142	14.5	1779	48127-48157
#F6F5FA	48142	15.5	1780	48127-48158
#F6F5FA	48142.5	16	1780	48127-48158
#F6F5FA	48143	15.5	1780	48127-48158
#F6F5FA	48142.5	15	1780	48127-48158
#FEFEFF	48142.5	16	1781	48127-48159
#FEFEFF	48143	16.5	1781	48127-48159
#FEFEFF	48143.5	16	1781	48127-48159
#FEFEFF	48143	15.5	1781	48127-48159
#FEFEFD	48143	16.5	1782	48127-48160
#FEFEFD	48143.5	17	1782	48127-48160
#FEFEFD	48144	16.5	1782	48127-48160
#FEFEFD	48143.5	16	1782	48127-48160
#FEFDFD	48143.5	17	1783	48127-48161
#FEFDFD	48144	17.5	1783	48127-48161
#FEFDFD	48144.5	17	1783	48127-48161
#FEFDFD	48144	16.5	1783	48127-48161
#FBF6F5	48144	17.5	1784	48127-48162
#FBF6F5	48144.5	18	1784	48127-48162
#FBF6F5	48145	17.5	1784	48127-48162
#FBF6F5	48144.5	17	1784	48127-48162
#FEFDFD	48144.5	18	1785	48127-48163
#FEFDFD	48145	18.5	1785	48127-48163
#FEFDFD	48145.5	18	1785	48127-48163
#FEFDFD	48145	17.5	1785	48127-48163
#FDFBFA	48145	18.5	1786	48127-48164
#FDFBFA	48145.5	19	1786	48127-48164
#FDFBFA	48146	18.5	1786	48127-48164
#FDFBFA	48145.5	18	1786	48127-48164
#FDFAF9	48145.5	19	1787	48127-48165
#FDFAF9	48146	19.5	1787	48127-48165
#FDFAF9	48146.5	19	1787	48127-48165
#FDFAF9	48146	18.5	1787	48127-48165
#FEFDFE	48146	19.5	1788	48127-48166
#FEFDFE	48146.5	20	1788	48127-48166
#FEFDFE	48147	19.5	1788	48127-48166
#FEFDFE	48146.5	19	1788	48127-48166
#FCF8F8	48146.5	20	1789	48127-48167
#FCF8F8	48147	20.5	1789	48127-48167
#FCF8F8	48147.5	20	1789	48127-48167
#FCF8F8	48147	19.5	1789	48127-48167
#FCF7F6	48147	20.5	1790	48127-48168
#FCF7F6	48147.5	21	1790	48127-48168
#FCF7F6	48148	20.5	1790	48127-48168
#FCF7F6	48147.5	20	1790	48127-48168
#FEFCFC	48147.5	21	1791	48127-48169
#FEFCFC	48148	21.5	1791	48127-48169
#FEFCFC	48148.5	21	1791	48127-48169
#FEFCFC	48148	20.5	1791	48127-48169
#FEFDFD	48148	21.5	1792	48127-48170
#FEFDFD	48148.5	22	1792	48127-48170
#FEFDFD	48149	21.5	1792	48127-48170
#FEFDFD	48148.5	21	1792	48127-48170
#FBF5F4	48148.5	22	1793	48127-48171
#FBF5F4	48149	22.5	1793	48127-48171
#FBF5F4	48149.5	22	1793	48127-48171
#FBF5F4	48149	21.5	1793	48127-48171
#F9F1F0	48149	22.5	1794	48127-48172
#F9F1F0	48149.5	23	1794	48127-48172
#F9F1F0	48150	22.5	1794	48127-48172
#F9F1F0	48149.5	22	1794	48127-48172
#FCF9F8	48149.5	23	1795	48127-48173
#FCF9F8	48150	23.5	1795	48127-48173
#FCF9F8	48150.5	23	1795	48127-48173
#FCF9F8	48150	22.5	1795	48127-48173
#F5E9E7	48150	23.5	1796	48127-48174
#F5E9E7	48150.5	24	1796	48127-48174
#F5E9E7	48151	23.5	1796	48127-48174
#F5E9E7	48150.5	23	1796	48127-48174
#F7EDEC	48150.5	24	1797	48127-48175
#F7EDEC	48151	24.5	1797	48127-48175
#F7EDEC	48151.5	24	1797	48127-48175
#F7EDEC	48151	23.5	1797	48127-48175
#FDFBFB	48151	24.5	1798	48127-48176
#FDFBFB	48151.5	25	1798	48127-48176
#FDFBFB	48152	24.5	1798	48127-48176
#FDFBFB	48151.5	24	1798	48127-48176
#AE665F	48127.5	0	1799	48128-48128
#AE665F	48128	0.5	1799	48128-48128
#AE665F	48128.5	0	1799	48128-48128
#AE665F	48128	-0.5	1799	48128-48128
#E8CDC9	48128	0.5	1800	48128-48129
#E8CDC9	48128.5	1	1800	48128-48129
#E8CDC9	48129	0.5	1800	48128-48129
#E8CDC9	48128.5	0	1800	48128-48129
#E0BDB9	48128.5	1	1801	48128-48130
#E0BDB9	48129	1.5	1801	48128-48130
#E0BDB9	48129.5	1	1801	48128-48130
#E0BDB9	48129	0.5	1801	48128-48130
#DBB4AF	48129	1.5	1802	48128-48131
#DBB4AF	48129.5	2	1802	48128-48131
#DBB4AF	48130	1.5	1802	48128-48131
#DBB4AF	48129.5	1	1802	48128-48131
#E2C1BD	48129.5	2	1803	48128-48132
#E2C1BD	48130	2.5	1803	48128-48132
#E2C1BD	48130.5	2	1803	48128-48132
#E2C1BD	48130	1.5	1803	48128-48132
#DEB8B3	48130	2.5	1804	48128-48133
#DEB8B3	48130.5	3	1804	48128-48133
#DEB8B3	48131	2.5	1804	48128-48133
#DEB8B3	48130.5	2	1804	48128-48133
#F4E5E3	48130.5	3	1805	48128-48134
#F4E5E3	48131	3.5	1805	48128-48134
#F4E5E3	48131.5	3	1805	48128-48134
#F4E5E3	48131	2.5	1805	48128-48134
#FCF8F8	48131	3.5	1806	48128-48135
#FCF8F8	48131.5	4	1806	48128-48135
#FCF8F8	48132	3.5	1806	48128-48135
#FCF8F8	48131.5	3	1806	48128-48135
#FBF5F4	48131.5	4	1807	48128-48136
#FBF5F4	48132	4.5	1807	48128-48136
#FBF5F4	48132.5	4	1807	48128-48136
#FBF5F4	48132	3.5	1807	48128-48136
#FDFBFB	48132	4.5	1808	48128-48137
#FDFBFB	48132.5	5	1808	48128-48137
#FDFBFB	48133	4.5	1808	48128-48137
#FDFBFB	48132.5	4	1808	48128-48137
#FDFBFA	48132.5	5	1809	48128-48138
#FDFBFA	48133	5.5	1809	48128-48138
#FDFBFA	48133.5	5	1809	48128-48138
#FDFBFA	48133	4.5	1809	48128-48138
#FCF8F7	48133	5.5	1810	48128-48139
#FCF8F7	48133.5	6	1810	48128-48139
#FCF8F7	48134	5.5	1810	48128-48139
#FCF8F7	48133.5	5	1810	48128-48139
#F0DCDA	48133.5	6	1811	48128-48140
#F0DCDA	48134	6.5	1811	48128-48140
#F0DCDA	48134.5	6	1811	48128-48140
#F0DCDA	48134	5.5	1811	48128-48140
#EFDAD8	48134	6.5	1812	48128-48141
#EFDAD8	48134.5	7	1812	48128-48141
#EFDAD8	48135	6.5	1812	48128-48141
#EFDAD8	48134.5	6	1812	48128-48141
#F3E5E3	48134.5	7	1813	48128-48142
#F3E5E3	48135	7.5	1813	48128-48142
#F3E5E3	48135.5	7	1813	48128-48142
#F3E5E3	48135	6.5	1813	48128-48142
#FCF8F8	48135	7.5	1814	48128-48143
#FCF8F8	48135.5	8	1814	48128-48143
#FCF8F8	48136	7.5	1814	48128-48143
#FCF8F8	48135.5	7	1814	48128-48143
#FDFBFB	48135.5	8	1815	48128-48144
#FDFBFB	48136	8.5	1815	48128-48144
#FDFBFB	48136.5	8	1815	48128-48144
#FDFBFB	48136	7.5	1815	48128-48144
#FEFDFD	48136	8.5	1816	48128-48145
#FEFDFD	48136.5	9	1816	48128-48145
#FEFDFD	48137	8.5	1816	48128-48145
#FEFDFD	48136.5	8	1816	48128-48145
#FEFDFD	48136.5	9	1817	48128-48146
#FEFDFD	48137	9.5	1817	48128-48146
#FEFDFD	48137.5	9	1817	48128-48146
#FEFDFD	48137	8.5	1817	48128-48146
#FBF5F4	48137	9.5	1818	48128-48147
#FBF5F4	48137.5	10	1818	48128-48147
#FBF5F4	48138	9.5	1818	48128-48147
#FBF5F4	48137.5	9	1818	48128-48147
#FCF7F7	48137.5	10	1819	48128-48148
#FCF7F7	48138	10.5	1819	48128-48148
#FCF7F7	48138.5	10	1819	48128-48148
#FCF7F7	48138	9.5	1819	48128-48148
#FDFAFA	48138	10.5	1820	48128-48149
#FDFAFA	48138.5	11	1820	48128-48149
#FDFAFA	48139	10.5	1820	48128-48149
#FDFAFA	48138.5	10	1820	48128-48149
#FDFBFB	48138.5	11	1821	48128-48150
#FDFBFB	48139	11.5	1821	48128-48150
#FDFBFB	48139.5	11	1821	48128-48150
#FDFBFB	48139	10.5	1821	48128-48150
#FDFDFE	48139	11.5	1822	48128-48151
#FDFDFE	48139.5	12	1822	48128-48151
#FDFDFE	48140	11.5	1822	48128-48151
#FDFDFE	48139.5	11	1822	48128-48151
#FCF9F8	48139.5	12	1823	48128-48152
#FCF9F8	48140	12.5	1823	48128-48152
#FCF9F8	48140.5	12	1823	48128-48152
#FCF9F8	48140	11.5	1823	48128-48152
#FFFEFE	48140	12.5	1824	48128-48153
#FFFEFE	48140.5	13	1824	48128-48153
#FFFEFE	48141	12.5	1824	48128-48153
#FFFEFE	48140.5	12	1824	48128-48153
#F9F8FC	48140.5	13	1825	48128-48154
#F9F8FC	48141	13.5	1825	48128-48154
#F9F8FC	48141.5	13	1825	48128-48154
#F9F8FC	48141	12.5	1825	48128-48154
#F3F1F8	48141	13.5	1826	48128-48155
#F3F1F8	48141.5	14	1826	48128-48155
#F3F1F8	48142	13.5	1826	48128-48155
#F3F1F8	48141.5	13	1826	48128-48155
#FBFAFD	48141.5	14	1827	48128-48156
#FBFAFD	48142	14.5	1827	48128-48156
#FBFAFD	48142.5	14	1827	48128-48156
#FBFAFD	48142	13.5	1827	48128-48156
#FBFAFD	48142	14.5	1828	48128-48157
#FBFAFD	48142.5	15	1828	48128-48157
#FBFAFD	48143	14.5	1828	48128-48157
#FBFAFD	48142.5	14	1828	48128-48157
#FDFDFE	48142.5	15	1829	48128-48158
#FDFDFE	48143	15.5	1829	48128-48158
#FDFDFE	48143.5	15	1829	48128-48158
#FDFDFE	48143	14.5	1829	48128-48158
#FAF4F3	48143	15.5	1830	48128-48159
#FAF4F3	48143.5	16	1830	48128-48159
#FAF4F3	48144	15.5	1830	48128-48159
#FAF4F3	48143.5	15	1830	48128-48159
#FCF8F8	48143.5	16	1831	48128-48160
#FCF8F8	48144	16.5	1831	48128-48160
#FCF8F8	48144.5	16	1831	48128-48160
#FCF8F8	48144	15.5	1831	48128-48160
#FBF5F4	48144	16.5	1832	48128-48161
#FBF5F4	48144.5	17	1832	48128-48161
#FBF5F4	48145	16.5	1832	48128-48161
#FBF5F4	48144.5	16	1832	48128-48161
#FEFEFF	48144.5	17	1833	48128-48162
#FEFEFF	48145	17.5	1833	48128-48162
#FEFEFF	48145.5	17	1833	48128-48162
#FEFEFF	48145	16.5	1833	48128-48162
#FDFAFA	48145	17.5	1834	48128-48163
#FDFAFA	48145.5	18	1834	48128-48163
#FDFAFA	48146	17.5	1834	48128-48163
#FDFAFA	48145.5	17	1834	48128-48163
#FEFDFD	48145.5	18	1835	48128-48164
#FEFDFD	48146	18.5	1835	48128-48164
#FEFDFD	48146.5	18	1835	48128-48164
#FEFDFD	48146	17.5	1835	48128-48164
#FBF6F5	48146	18.5	1836	48128-48165
#FBF6F5	48146.5	19	1836	48128-48165
#FBF6F5	48147	18.5	1836	48128-48165
#FBF6F5	48146.5	18	1836	48128-48165
#FAF9FC	48146.5	19	1837	48128-48166
#FAF9FC	48147	19.5	1837	48128-48166
#FAF9FC	48147.5	19	1837	48128-48166
#FAF9FC	48147	18.5	1837	48128-48166
#F9F1F0	48147	19.5	1838	48128-48167
#F9F1F0	48147.5	20	1838	48128-48167
#F9F1F0	48148	19.5	1838	48128-48167
#F9F1F0	48147.5	19	1838	48128-48167
#FEFCFC	48147.5	20	1839	48128-48168
#FEFCFC	48148	20.5	1839	48128-48168
#FEFCFC	48148.5	20	1839	48128-48168
#FEFCFC	48148	19.5	1839	48128-48168
#FCF8F8	48148	20.5	1840	48128-48169
#FCF8F8	48148.5	21	1840	48128-48169
#FCF8F8	48149	20.5	1840	48128-48169
#FCF8F8	48148.5	20	1840	48128-48169
#FCF8F7	48148.5	21	1841	48128-48170
#FCF8F7	48149	21.5	1841	48128-48170
#FCF8F7	48149.5	21	1841	48128-48170
#FCF8F7	48149	20.5	1841	48128-48170
#FCF8F8	48149	21.5	1842	48128-48171
#FCF8F8	48149.5	22	1842	48128-48171
#FCF8F8	48150	21.5	1842	48128-48171
#FCF8F8	48149.5	21	1842	48128-48171
#FBF6F5	48149.5	22	1843	48128-48172
#FBF6F5	48150	22.5	1843	48128-48172
#FBF6F5	48150.5	22	1843	48128-48172
#FBF6F5	48150	21.5	1843	48128-48172
#FEFCFC	48150	22.5	1844	48128-48173
#FEFCFC	48150.5	23	1844	48128-48173
#FEFCFC	48151	22.5	1844	48128-48173
#FEFCFC	48150.5	22	1844	48128-48173
#F7ECEB	48150.5	23	1845	48128-48174
#F7ECEB	48151	23.5	1845	48128-48174
#F7ECEB	48151.5	23	1845	48128-48174
#F7ECEB	48151	22.5	1845	48128-48174
#F4E5E3	48151	23.5	1846	48128-48175
#F4E5E3	48151.5	24	1846	48128-48175
#F4E5E3	48152	23.5	1846	48128-48175
#F4E5E3	48151.5	23	1846	48128-48175
#FDFBFB	48151.5	24	1847	48128-48176
#FDFBFB	48152	24.5	1847	48128-48176
#FDFBFB	48152.5	24	1847	48128-48176
#FDFBFB	48152	23.5	1847	48128-48176
#FCF9F9	48152	24.5	1848	48128-48177
#FCF9F9	48152.5	25	1848	48128-48177
#FCF9F9	48153	24.5	1848	48128-48177
#FCF9F9	48152.5	24	1848	48128-48177
#A85D56	48128.5	0	1849	48129-48129
#A85D56	48129	0.5	1849	48129-48129
#A85D56	48129.5	0	1849	48129-48129
#A85D56	48129	-0.5	1849	48129-48129
#D3A49E	48129	0.5	1850	48129-48130
#D3A49E	48129.5	1	1850	48129-48130
#D3A49E	48130	0.5	1850	48129-48130
#D3A49E	48129.5	0	1850	48129-48130
#C1847D	48129.5	1	1851	48129-48131
#C1847D	48130	1.5	1851	48129-48131
#C1847D	48130.5	1	1851	48129-48131
#C1847D	48130	0.5	1851	48129-48131
#DDB7B3	48130	1.5	1852	48129-48132
#DDB7B3	48130.5	2	1852	48129-48132
#DDB7B3	48131	1.5	1852	48129-48132
#DDB7B3	48130.5	1	1852	48129-48132
#CB968F	48130.5	2	1853	48129-48133
#CB968F	48131	2.5	1853	48129-48133
#CB968F	48131.5	2	1853	48129-48133
#CB968F	48131	1.5	1853	48129-48133
#EAD2CE	48131	2.5	1854	48129-48134
#EAD2CE	48131.5	3	1854	48129-48134
#EAD2CE	48132	2.5	1854	48129-48134
#EAD2CE	48131.5	2	1854	48129-48134
#F4E7E5	48131.5	3	1855	48129-48135
#F4E7E5	48132	3.5	1855	48129-48135
#F4E7E5	48132.5	3	1855	48129-48135
#F4E7E5	48132	2.5	1855	48129-48135
#FBF6F5	48132	3.5	1856	48129-48136
#FBF6F5	48132.5	4	1856	48129-48136
#FBF6F5	48133	3.5	1856	48129-48136
#FBF6F5	48132.5	3	1856	48129-48136
#FBF6F5	48132.5	4	1857	48129-48137
#FBF6F5	48133	4.5	1857	48129-48137
#FBF6F5	48133.5	4	1857	48129-48137
#FBF6F5	48133	3.5	1857	48129-48137
#F6EBEA	48133	4.5	1858	48129-48138
#F6EBEA	48133.5	5	1858	48129-48138
#F6EBEA	48134	4.5	1858	48129-48138
#F6EBEA	48133.5	4	1858	48129-48138
#FDF9F9	48133.5	5	1859	48129-48139
#FDF9F9	48134	5.5	1859	48129-48139
#FDF9F9	48134.5	5	1859	48129-48139
#FDF9F9	48134	4.5	1859	48129-48139
#F7ECEB	48134	5.5	1860	48129-48140
#F7ECEB	48134.5	6	1860	48129-48140
#F7ECEB	48135	5.5	1860	48129-48140
#F7ECEB	48134.5	5	1860	48129-48140
#EBD3D0	48134.5	6	1861	48129-48141
#EBD3D0	48135	6.5	1861	48129-48141
#EBD3D0	48135.5	6	1861	48129-48141
#EBD3D0	48135	5.5	1861	48129-48141
#FAF4F3	48135	6.5	1862	48129-48142
#FAF4F3	48135.5	7	1862	48129-48142
#FAF4F3	48136	6.5	1862	48129-48142
#FAF4F3	48135.5	6	1862	48129-48142
#FDFBFB	48135.5	7	1863	48129-48143
#FDFBFB	48136	7.5	1863	48129-48143
#FDFBFB	48136.5	7	1863	48129-48143
#FDFBFB	48136	6.5	1863	48129-48143
#FAF3F2	48136	7.5	1864	48129-48144
#FAF3F2	48136.5	8	1864	48129-48144
#FAF3F2	48137	7.5	1864	48129-48144
#FAF3F2	48136.5	7	1864	48129-48144
#FCF8F8	48136.5	8	1865	48129-48145
#FCF8F8	48137	8.5	1865	48129-48145
#FCF8F8	48137.5	8	1865	48129-48145
#FCF8F8	48137	7.5	1865	48129-48145
#FDFAF9	48137	8.5	1866	48129-48146
#FDFAF9	48137.5	9	1866	48129-48146
#FDFAF9	48138	8.5	1866	48129-48146
#FDFAF9	48137.5	8	1866	48129-48146
#FEFCFC	48137.5	9	1867	48129-48147
#FEFCFC	48138	9.5	1867	48129-48147
#FEFCFC	48138.5	9	1867	48129-48147
#FEFCFC	48138	8.5	1867	48129-48147
#F7ECEB	48138	9.5	1868	48129-48148
#F7ECEB	48138.5	10	1868	48129-48148
#F7ECEB	48139	9.5	1868	48129-48148
#F7ECEB	48138.5	9	1868	48129-48148
#FEFEFE	48138.5	10	1869	48129-48149
#FEFEFE	48139	10.5	1869	48129-48149
#FEFEFE	48139.5	10	1869	48129-48149
#FEFEFE	48139	9.5	1869	48129-48149
#F4F3F9	48139	10.5	1870	48129-48150
#F4F3F9	48139.5	11	1870	48129-48150
#F4F3F9	48140	10.5	1870	48129-48150
#F4F3F9	48139.5	10	1870	48129-48150
#FFFFFF	48139.5	11	1871	48129-48151
#FFFFFF	48140	11.5	1871	48129-48151
#FFFFFF	48140.5	11	1871	48129-48151
#FFFFFF	48140	10.5	1871	48129-48151
#FDFCFE	48140	11.5	1872	48129-48152
#FDFCFE	48140.5	12	1872	48129-48152
#FDFCFE	48141	11.5	1872	48129-48152
#FDFCFE	48140.5	11	1872	48129-48152
#FEFEFE	48140.5	12	1873	48129-48153
#FEFEFE	48141	12.5	1873	48129-48153
#FEFEFE	48141.5	12	1873	48129-48153
#FEFEFE	48141	11.5	1873	48129-48153
#F9F8FC	48141	12.5	1874	48129-48154
#F9F8FC	48141.5	13	1874	48129-48154
#F9F8FC	48142	12.5	1874	48129-48154
#F9F8FC	48141.5	12	1874	48129-48154
#FAF9FC	48141.5	13	1875	48129-48155
#FAF9FC	48142	13.5	1875	48129-48155
#FAF9FC	48142.5	13	1875	48129-48155
#FAF9FC	48142	12.5	1875	48129-48155
#FBFBFD	48142	13.5	1876	48129-48156
#FBFBFD	48142.5	14	1876	48129-48156
#FBFBFD	48143	13.5	1876	48129-48156
#FBFBFD	48142.5	13	1876	48129-48156
#FFFFFE	48142.5	14	1877	48129-48157
#FFFFFE	48143	14.5	1877	48129-48157
#FFFFFE	48143.5	14	1877	48129-48157
#FFFFFE	48143	13.5	1877	48129-48157
#FEFEFF	48143	14.5	1878	48129-48158
#FEFEFF	48143.5	15	1878	48129-48158
#FEFEFF	48144	14.5	1878	48129-48158
#FEFEFF	48143.5	14	1878	48129-48158
#F7EDEB	48143.5	15	1879	48129-48159
#F7EDEB	48144	15.5	1879	48129-48159
#F7EDEB	48144.5	15	1879	48129-48159
#F7EDEB	48144	14.5	1879	48129-48159
#FBF5F4	48144	15.5	1880	48129-48160
#FBF5F4	48144.5	16	1880	48129-48160
#FBF5F4	48145	15.5	1880	48129-48160
#FBF5F4	48144.5	15	1880	48129-48160
#FCF9F9	48144.5	16	1881	48129-48161
#FCF9F9	48145	16.5	1881	48129-48161
#FCF9F9	48145.5	16	1881	48129-48161
#FCF9F9	48145	15.5	1881	48129-48161
#F4E6E4	48145	16.5	1882	48129-48162
#F4E6E4	48145.5	17	1882	48129-48162
#F4E6E4	48146	16.5	1882	48129-48162
#F4E6E4	48145.5	16	1882	48129-48162
#FEFDFD	48145.5	17	1883	48129-48163
#FEFDFD	48146	17.5	1883	48129-48163
#FEFDFD	48146.5	17	1883	48129-48163
#FEFDFD	48146	16.5	1883	48129-48163
#F9F2F1	48146	17.5	1884	48129-48164
#F9F2F1	48146.5	18	1884	48129-48164
#F9F2F1	48147	17.5	1884	48129-48164
#F9F2F1	48146.5	17	1884	48129-48164
#FFFEFE	48146.5	18	1885	48129-48165
#FFFEFE	48147	18.5	1885	48129-48165
#FFFEFE	48147.5	18	1885	48129-48165
#FFFEFE	48147	17.5	1885	48129-48165
#FBFAFD	48147	18.5	1886	48129-48166
#FBFAFD	48147.5	19	1886	48129-48166
#FBFAFD	48148	18.5	1886	48129-48166
#FBFAFD	48147.5	18	1886	48129-48166
#F8EFEE	48147.5	19	1887	48129-48167
#F8EFEE	48148	19.5	1887	48129-48167
#F8EFEE	48148.5	19	1887	48129-48167
#F8EFEE	48148	18.5	1887	48129-48167
#FBF5F4	48148	19.5	1888	48129-48168
#FBF5F4	48148.5	20	1888	48129-48168
#FBF5F4	48149	19.5	1888	48129-48168
#FBF5F4	48148.5	19	1888	48129-48168
#FFFEFE	48148.5	20	1889	48129-48169
#FFFEFE	48149	20.5	1889	48129-48169
#FFFEFE	48149.5	20	1889	48129-48169
#FFFEFE	48149	19.5	1889	48129-48169
#F9F1F0	48149	20.5	1890	48129-48170
#F9F1F0	48149.5	21	1890	48129-48170
#F9F1F0	48150	20.5	1890	48129-48170
#F9F1F0	48149.5	20	1890	48129-48170
#F5E9E8	48149.5	21	1891	48129-48171
#F5E9E8	48150	21.5	1891	48129-48171
#F5E9E8	48150.5	21	1891	48129-48171
#F5E9E8	48150	20.5	1891	48129-48171
#FEFDFC	48150	21.5	1892	48129-48172
#FEFDFC	48150.5	22	1892	48129-48172
#FEFDFC	48151	21.5	1892	48129-48172
#FEFDFC	48150.5	21	1892	48129-48172
#FDFAF9	48150.5	22	1893	48129-48173
#FDFAF9	48151	22.5	1893	48129-48173
#FDFAF9	48151.5	22	1893	48129-48173
#FDFAF9	48151	21.5	1893	48129-48173
#FAF4F4	48151	22.5	1894	48129-48174
#FAF4F4	48151.5	23	1894	48129-48174
#FAF4F4	48152	22.5	1894	48129-48174
#FAF4F4	48151.5	22	1894	48129-48174
#E8CDC9	48151.5	23	1895	48129-48175
#E8CDC9	48152	23.5	1895	48129-48175
#E8CDC9	48152.5	23	1895	48129-48175
#E8CDC9	48152	22.5	1895	48129-48175
#FAF4F3	48152	23.5	1896	48129-48176
#FAF4F3	48152.5	24	1896	48129-48176
#FAF4F3	48153	23.5	1896	48129-48176
#FAF4F3	48152.5	23	1896	48129-48176
#FDF9F9	48152.5	24	1897	48129-48177
#FDF9F9	48153	24.5	1897	48129-48177
#FDF9F9	48153.5	24	1897	48129-48177
#FDF9F9	48153	23.5	1897	48129-48177
#F9F2F1	48153	24.5	1898	48129-48178
#F9F2F1	48153.5	25	1898	48129-48178
#F9F2F1	48154	24.5	1898	48129-48178
#F9F2F1	48153.5	24	1898	48129-48178
#C48A83	48129.5	0	1899	48130-48130
#C48A83	48130	0.5	1899	48130-48130
#C48A83	48130.5	0	1899	48130-48130
#C48A83	48130	-0.5	1899	48130-48130
#E3C2BD	48130	0.5	1900	48130-48131
#E3C2BD	48130.5	1	1900	48130-48131
#E3C2BD	48131	0.5	1900	48130-48131
#E3C2BD	48130.5	0	1900	48130-48131
#F4E6E5	48130.5	1	1901	48130-48132
#F4E6E5	48131	1.5	1901	48130-48132
#F4E6E5	48131.5	1	1901	48130-48132
#F4E6E5	48131	0.5	1901	48130-48132
#E3C4BF	48131	1.5	1902	48130-48133
#E3C4BF	48131.5	2	1902	48130-48133
#E3C4BF	48132	1.5	1902	48130-48133
#E3C4BF	48131.5	1	1902	48130-48133
#EBD3D0	48131.5	2	1903	48130-48134
#EBD3D0	48132	2.5	1903	48130-48134
#EBD3D0	48132.5	2	1903	48130-48134
#EBD3D0	48132	1.5	1903	48130-48134
#FAF4F3	48132	2.5	1904	48130-48135
#FAF4F3	48132.5	3	1904	48130-48135
#FAF4F3	48133	2.5	1904	48130-48135
#FAF4F3	48132.5	2	1904	48130-48135
#FDFAFA	48132.5	3	1905	48130-48136
#FDFAFA	48133	3.5	1905	48130-48136
#FDFAFA	48133.5	3	1905	48130-48136
#FDFAFA	48133	2.5	1905	48130-48136
#FBF7F6	48133	3.5	1906	48130-48137
#FBF7F6	48133.5	4	1906	48130-48137
#FBF7F6	48134	3.5	1906	48130-48137
#FBF7F6	48133.5	3	1906	48130-48137
#FDFBFA	48133.5	4	1907	48130-48138
#FDFBFA	48134	4.5	1907	48130-48138
#FDFBFA	48134.5	4	1907	48130-48138
#FDFBFA	48134	3.5	1907	48130-48138
#FFFEFE	48134	4.5	1908	48130-48139
#FFFEFE	48134.5	5	1908	48130-48139
#FFFEFE	48135	4.5	1908	48130-48139
#FFFEFE	48134.5	4	1908	48130-48139
#FAF4F3	48134.5	5	1909	48130-48140
#FAF4F3	48135	5.5	1909	48130-48140
#FAF4F3	48135.5	5	1909	48130-48140
#FAF4F3	48135	4.5	1909	48130-48140
#F5E8E7	48135	5.5	1910	48130-48141
#F5E8E7	48135.5	6	1910	48130-48141
#F5E8E7	48136	5.5	1910	48130-48141
#F5E8E7	48135.5	5	1910	48130-48141
#FFFEFE	48135.5	6	1911	48130-48142
#FFFEFE	48136	6.5	1911	48130-48142
#FFFEFE	48136.5	6	1911	48130-48142
#FFFEFE	48136	5.5	1911	48130-48142
#FCF8F7	48136	6.5	1912	48130-48143
#FCF8F7	48136.5	7	1912	48130-48143
#FCF8F7	48137	6.5	1912	48130-48143
#FCF8F7	48136.5	6	1912	48130-48143
#FEFCFC	48136.5	7	1913	48130-48144
#FEFCFC	48137	7.5	1913	48130-48144
#FEFCFC	48137.5	7	1913	48130-48144
#FEFCFC	48137	6.5	1913	48130-48144
#FFFFFF	48137	7.5	1914	48130-48145
#FFFFFF	48137.5	8	1914	48130-48145
#FFFFFF	48138	7.5	1914	48130-48145
#FFFFFF	48137.5	7	1914	48130-48145
#FFFFFF	48137.5	8	1915	48130-48146
#FFFFFF	48138	8.5	1915	48130-48146
#FFFFFF	48138.5	8	1915	48130-48146
#FFFFFF	48138	7.5	1915	48130-48146
#FDFAFA	48138	8.5	1916	48130-48147
#FDFAFA	48138.5	9	1916	48130-48147
#FDFAFA	48139	8.5	1916	48130-48147
#FDFAFA	48138.5	8	1916	48130-48147
#F8EFED	48138.5	9	1917	48130-48148
#F8EFED	48139	9.5	1917	48130-48148
#F8EFED	48139.5	9	1917	48130-48148
#F8EFED	48139	8.5	1917	48130-48148
#FFFFFF	48139	9.5	1918	48130-48149
#FFFFFF	48139.5	10	1918	48130-48149
#FFFFFF	48140	9.5	1918	48130-48149
#FFFFFF	48139.5	9	1918	48130-48149
#FFFFFF	48139.5	10	1919	48130-48150
#FFFFFF	48140	10.5	1919	48130-48150
#FFFFFF	48140.5	10	1919	48130-48150
#FFFFFF	48140	9.5	1919	48130-48150
#FBFBFD	48140	10.5	1920	48130-48151
#FBFBFD	48140.5	11	1920	48130-48151
#FBFBFD	48141	10.5	1920	48130-48151
#FBFBFD	48140.5	10	1920	48130-48151
#FFFEFE	48140.5	11	1921	48130-48152
#FFFEFE	48141	11.5	1921	48130-48152
#FFFEFE	48141.5	11	1921	48130-48152
#FFFEFE	48141	10.5	1921	48130-48152
#F8F7FB	48141	11.5	1922	48130-48153
#F8F7FB	48141.5	12	1922	48130-48153
#F8F7FB	48142	11.5	1922	48130-48153
#F8F7FB	48141.5	11	1922	48130-48153
#F9F8FC	48141.5	12	1923	48130-48154
#F9F8FC	48142	12.5	1923	48130-48154
#F9F8FC	48142.5	12	1923	48130-48154
#F9F8FC	48142	11.5	1923	48130-48154
#FEFEFF	48142	12.5	1924	48130-48155
#FEFEFF	48142.5	13	1924	48130-48155
#FEFEFF	48143	12.5	1924	48130-48155
#FEFEFF	48142.5	12	1924	48130-48155
#F5F4FA	48142.5	13	1925	48130-48156
#F5F4FA	48143	13.5	1925	48130-48156
#F5F4FA	48143.5	13	1925	48130-48156
#F5F4FA	48143	12.5	1925	48130-48156
#FFFEFE	48143	13.5	1926	48130-48157
#FFFEFE	48143.5	14	1926	48130-48157
#FFFEFE	48144	13.5	1926	48130-48157
#FFFEFE	48143.5	13	1926	48130-48157
#FCFCFE	48143.5	14	1927	48130-48158
#FCFCFE	48144	14.5	1927	48130-48158
#FCFCFE	48144.5	14	1927	48130-48158
#FCFCFE	48144	13.5	1927	48130-48158
#FDFAFA	48144	14.5	1928	48130-48159
#FDFAFA	48144.5	15	1928	48130-48159
#FDFAFA	48145	14.5	1928	48130-48159
#FDFAFA	48144.5	14	1928	48130-48159
#FAF4F3	48144.5	15	1929	48130-48160
#FAF4F3	48145	15.5	1929	48130-48160
#FAF4F3	48145.5	15	1929	48130-48160
#FAF4F3	48145	14.5	1929	48130-48160
#FEFDFD	48145	15.5	1930	48130-48161
#FEFDFD	48145.5	16	1930	48130-48161
#FEFDFD	48146	15.5	1930	48130-48161
#FEFDFD	48145.5	15	1930	48130-48161
#FBF6F6	48145.5	16	1931	48130-48162
#FBF6F6	48146	16.5	1931	48130-48162
#FBF6F6	48146.5	16	1931	48130-48162
#FBF6F6	48146	15.5	1931	48130-48162
#F9F8FC	48146	16.5	1932	48130-48163
#F9F8FC	48146.5	17	1932	48130-48163
#F9F8FC	48147	16.5	1932	48130-48163
#F9F8FC	48146.5	16	1932	48130-48163
#FEFCFB	48146.5	17	1933	48130-48164
#FEFCFB	48147	17.5	1933	48130-48164
#FEFCFB	48147.5	17	1933	48130-48164
#FEFCFB	48147	16.5	1933	48130-48164
#F7EDEC	48147	17.5	1934	48130-48165
#F7EDEC	48147.5	18	1934	48130-48165
#F7EDEC	48148	17.5	1934	48130-48165
#F7EDEC	48147.5	17	1934	48130-48165
#FDFDFE	48147.5	18	1935	48130-48166
#FDFDFE	48148	18.5	1935	48130-48166
#FDFDFE	48148.5	18	1935	48130-48166
#FDFDFE	48148	17.5	1935	48130-48166
#FEFDFD	48148	18.5	1936	48130-48167
#FEFDFD	48148.5	19	1936	48130-48167
#FEFDFD	48149	18.5	1936	48130-48167
#FEFDFD	48148.5	18	1936	48130-48167
#FDFCFE	48148.5	19	1937	48130-48168
#FDFCFE	48149	19.5	1937	48130-48168
#FDFCFE	48149.5	19	1937	48130-48168
#FDFCFE	48149	18.5	1937	48130-48168
#F8EEED	48149	19.5	1938	48130-48169
#F8EEED	48149.5	20	1938	48130-48169
#F8EEED	48150	19.5	1938	48130-48169
#F8EEED	48149.5	19	1938	48130-48169
#FDFAFA	48149.5	20	1939	48130-48170
#FDFAFA	48150	20.5	1939	48130-48170
#FDFAFA	48150.5	20	1939	48130-48170
#FDFAFA	48150	19.5	1939	48130-48170
#FCF8F7	48150	20.5	1940	48130-48171
#FCF8F7	48150.5	21	1940	48130-48171
#FCF8F7	48151	20.5	1940	48130-48171
#FCF8F7	48150.5	20	1940	48130-48171
#F9F1F0	48150.5	21	1941	48130-48172
#F9F1F0	48151	21.5	1941	48130-48172
#F9F1F0	48151.5	21	1941	48130-48172
#F9F1F0	48151	20.5	1941	48130-48172
#F8EFEE	48151	21.5	1942	48130-48173
#F8EFEE	48151.5	22	1942	48130-48173
#F8EFEE	48152	21.5	1942	48130-48173
#F8EFEE	48151.5	21	1942	48130-48173
#F6EBEA	48151.5	22	1943	48130-48174
#F6EBEA	48152	22.5	1943	48130-48174
#F6EBEA	48152.5	22	1943	48130-48174
#F6EBEA	48152	21.5	1943	48130-48174
#FBF6F5	48152	22.5	1944	48130-48175
#FBF6F5	48152.5	23	1944	48130-48175
#FBF6F5	48153	22.5	1944	48130-48175
#FBF6F5	48152.5	22	1944	48130-48175
#F3E5E3	48152.5	23	1945	48130-48176
#F3E5E3	48153	23.5	1945	48130-48176
#F3E5E3	48153.5	23	1945	48130-48176
#F3E5E3	48153	22.5	1945	48130-48176
#FDFAFA	48153	23.5	1946	48130-48177
#FDFAFA	48153.5	24	1946	48130-48177
#FDFAFA	48154	23.5	1946	48130-48177
#FDFAFA	48153.5	23	1946	48130-48177
#F6E9E8	48153.5	24	1947	48130-48178
#F6E9E8	48154	24.5	1947	48130-48178
#F6E9E8	48154.5	24	1947	48130-48178
#F6E9E8	48154	23.5	1947	48130-48178
#FCF7F7	48154	24.5	1948	48130-48179
#FCF7F7	48154.5	25	1948	48130-48179
#FCF7F7	48155	24.5	1948	48130-48179
#FCF7F7	48154.5	24	1948	48130-48179
#C38881	48130.5	0	1949	48131-48131
#C38881	48131	0.5	1949	48131-48131
#C38881	48131.5	0	1949	48131-48131
#C38881	48131	-0.5	1949	48131-48131
#EEDAD7	48131	0.5	1950	48131-48132
#EEDAD7	48131.5	1	1950	48131-48132
#EEDAD7	48132	0.5	1950	48131-48132
#EEDAD7	48131.5	0	1950	48131-48132
#D9AFAA	48131.5	1	1951	48131-48133
#D9AFAA	48132	1.5	1951	48131-48133
#D9AFAA	48132.5	1	1951	48131-48133
#D9AFAA	48132	0.5	1951	48131-48133
#CB968F	48132	1.5	1952	48131-48134
#CB968F	48132.5	2	1952	48131-48134
#CB968F	48133	1.5	1952	48131-48134
#CB968F	48132.5	1	1952	48131-48134
#DDB6B1	48132.5	2	1953	48131-48135
#DDB6B1	48133	2.5	1953	48131-48135
#DDB6B1	48133.5	2	1953	48131-48135
#DDB6B1	48133	1.5	1953	48131-48135
#EFDCD9	48133	2.5	1954	48131-48136
#EFDCD9	48133.5	3	1954	48131-48136
#EFDCD9	48134	2.5	1954	48131-48136
#EFDCD9	48133.5	2	1954	48131-48136
#F1DFDD	48133.5	3	1955	48131-48137
#F1DFDD	48134	3.5	1955	48131-48137
#F1DFDD	48134.5	3	1955	48131-48137
#F1DFDD	48134	2.5	1955	48131-48137
#F7EDEC	48134	3.5	1956	48131-48138
#F7EDEC	48134.5	4	1956	48131-48138
#F7EDEC	48135	3.5	1956	48131-48138
#F7EDEC	48134.5	3	1956	48131-48138
#F6EBEA	48134.5	4	1957	48131-48139
#F6EBEA	48135	4.5	1957	48131-48139
#F6EBEA	48135.5	4	1957	48131-48139
#F6EBEA	48135	3.5	1957	48131-48139
#F3E4E2	48135	4.5	1958	48131-48140
#F3E4E2	48135.5	5	1958	48131-48140
#F3E4E2	48136	4.5	1958	48131-48140
#F3E4E2	48135.5	4	1958	48131-48140
#F4E5E3	48135.5	5	1959	48131-48141
#F4E5E3	48136	5.5	1959	48131-48141
#F4E5E3	48136.5	5	1959	48131-48141
#F4E5E3	48136	4.5	1959	48131-48141
#F9F2F1	48136	5.5	1960	48131-48142
#F9F2F1	48136.5	6	1960	48131-48142
#F9F2F1	48137	5.5	1960	48131-48142
#F9F2F1	48136.5	5	1960	48131-48142
#FCF8F7	48136.5	6	1961	48131-48143
#FCF8F7	48137	6.5	1961	48131-48143
#FCF8F7	48137.5	6	1961	48131-48143
#FCF8F7	48137	5.5	1961	48131-48143
#FAF2F1	48137	6.5	1962	48131-48144
#FAF2F1	48137.5	7	1962	48131-48144
#FAF2F1	48138	6.5	1962	48131-48144
#FAF2F1	48137.5	6	1962	48131-48144
#FCF8F8	48137.5	7	1963	48131-48145
#FCF8F8	48138	7.5	1963	48131-48145
#FCF8F8	48138.5	7	1963	48131-48145
#FCF8F8	48138	6.5	1963	48131-48145
#FAF3F2	48138	7.5	1964	48131-48146
#FAF3F2	48138.5	8	1964	48131-48146
#FAF3F2	48139	7.5	1964	48131-48146
#FAF3F2	48138.5	7	1964	48131-48146
#FDF9F9	48138.5	8	1965	48131-48147
#FDF9F9	48139	8.5	1965	48131-48147
#FDF9F9	48139.5	8	1965	48131-48147
#FDF9F9	48139	7.5	1965	48131-48147
#FBF5F4	48139	8.5	1966	48131-48148
#FBF5F4	48139.5	9	1966	48131-48148
#FBF5F4	48140	8.5	1966	48131-48148
#FBF5F4	48139.5	8	1966	48131-48148
#FDFDFE	48139.5	9	1967	48131-48149
#FDFDFE	48140	9.5	1967	48131-48149
#FDFDFE	48140.5	9	1967	48131-48149
#FDFDFE	48140	8.5	1967	48131-48149
#FFFFFF	48140	9.5	1968	48131-48150
#FFFFFF	48140.5	10	1968	48131-48150
#FFFFFF	48141	9.5	1968	48131-48150
#FFFFFF	48140.5	9	1968	48131-48150
#FFFFFF	48140.5	10	1969	48131-48151
#FFFFFF	48141	10.5	1969	48131-48151
#FFFFFF	48141.5	10	1969	48131-48151
#FFFFFF	48141	9.5	1969	48131-48151
#FDFCFE	48141	10.5	1970	48131-48152
#FDFCFE	48141.5	11	1970	48131-48152
#FDFCFE	48142	10.5	1970	48131-48152
#FDFCFE	48141.5	10	1970	48131-48152
#FBFAFD	48141.5	11	1971	48131-48153
#FBFAFD	48142	11.5	1971	48131-48153
#FBFAFD	48142.5	11	1971	48131-48153
#FBFAFD	48142	10.5	1971	48131-48153
#F2F0F8	48142	11.5	1972	48131-48154
#F2F0F8	48142.5	12	1972	48131-48154
#F2F0F8	48143	11.5	1972	48131-48154
#F2F0F8	48142.5	11	1972	48131-48154
#F7F6FB	48142.5	12	1973	48131-48155
#F7F6FB	48143	12.5	1973	48131-48155
#F7F6FB	48143.5	12	1973	48131-48155
#F7F6FB	48143	11.5	1973	48131-48155
#F7F6FB	48143	12.5	1974	48131-48156
#F7F6FB	48143.5	13	1974	48131-48156
#F7F6FB	48144	12.5	1974	48131-48156
#F7F6FB	48143.5	12	1974	48131-48156
#FAF9FC	48143.5	13	1975	48131-48157
#FAF9FC	48144	13.5	1975	48131-48157
#FAF9FC	48144.5	13	1975	48131-48157
#FAF9FC	48144	12.5	1975	48131-48157
#FCFCFE	48144	13.5	1976	48131-48158
#FCFCFE	48144.5	14	1976	48131-48158
#FCFCFE	48145	13.5	1976	48131-48158
#FCFCFE	48144.5	13	1976	48131-48158
#FDFCFE	48144.5	14	1977	48131-48159
#FDFCFE	48145	14.5	1977	48131-48159
#FDFCFE	48145.5	14	1977	48131-48159
#FDFCFE	48145	13.5	1977	48131-48159
#FEFDFD	48145	14.5	1978	48131-48160
#FEFDFD	48145.5	15	1978	48131-48160
#FEFDFD	48146	14.5	1978	48131-48160
#FEFDFD	48145.5	14	1978	48131-48160
#FEFEFF	48145.5	15	1979	48131-48161
#FEFEFF	48146	15.5	1979	48131-48161
#FEFEFF	48146.5	15	1979	48131-48161
#FEFEFF	48146	14.5	1979	48131-48161
#F8F0EE	48146	15.5	1980	48131-48162
#F8F0EE	48146.5	16	1980	48131-48162
#F8F0EE	48147	15.5	1980	48131-48162
#F8F0EE	48146.5	15	1980	48131-48162
#FDFAFA	48146.5	16	1981	48131-48163
#FDFAFA	48147	16.5	1981	48131-48163
#FDFAFA	48147.5	16	1981	48131-48163
#FDFAFA	48147	15.5	1981	48131-48163
#FDFBFB	48147	16.5	1982	48131-48164
#FDFBFB	48147.5	17	1982	48131-48164
#FDFBFB	48148	16.5	1982	48131-48164
#FDFBFB	48147.5	16	1982	48131-48164
#FDFAF9	48147.5	17	1983	48131-48165
#FDFAF9	48148	17.5	1983	48131-48165
#FDFAF9	48148.5	17	1983	48131-48165
#FDFAF9	48148	16.5	1983	48131-48165
#F8F7FB	48148	17.5	1984	48131-48166
#F8F7FB	48148.5	18	1984	48131-48166
#F8F7FB	48149	17.5	1984	48131-48166
#F8F7FB	48148.5	17	1984	48131-48166
#FEFCFC	48148.5	18	1985	48131-48167
#FEFCFC	48149	18.5	1985	48131-48167
#FEFCFC	48149.5	18	1985	48131-48167
#FEFCFC	48149	17.5	1985	48131-48167
#F6EBE9	48149	18.5	1986	48131-48168
#F6EBE9	48149.5	19	1986	48131-48168
#F6EBE9	48150	18.5	1986	48131-48168
#F6EBE9	48149.5	18	1986	48131-48168
#FCF7F6	48149.5	19	1987	48131-48169
#FCF7F6	48150	19.5	1987	48131-48169
#FCF7F6	48150.5	19	1987	48131-48169
#FCF7F6	48150	18.5	1987	48131-48169
#F7EEEC	48150	19.5	1988	48131-48170
#F7EEEC	48150.5	20	1988	48131-48170
#F7EEEC	48151	19.5	1988	48131-48170
#F7EEEC	48150.5	19	1988	48131-48170
#FAF2F1	48150.5	20	1989	48131-48171
#FAF2F1	48151	20.5	1989	48131-48171
#FAF2F1	48151.5	20	1989	48131-48171
#FAF2F1	48151	19.5	1989	48131-48171
#F5E8E7	48151	20.5	1990	48131-48172
#F5E8E7	48151.5	21	1990	48131-48172
#F5E8E7	48152	20.5	1990	48131-48172
#F5E8E7	48151.5	20	1990	48131-48172
#FAF3F2	48151.5	21	1991	48131-48173
#FAF3F2	48152	21.5	1991	48131-48173
#FAF3F2	48152.5	21	1991	48131-48173
#FAF3F2	48152	20.5	1991	48131-48173
#F4E7E5	48152	21.5	1992	48131-48174
#F4E7E5	48152.5	22	1992	48131-48174
#F4E7E5	48153	21.5	1992	48131-48174
#F4E7E5	48152.5	21	1992	48131-48174
#F4E7E5	48152.5	22	1993	48131-48175
#F4E7E5	48153	22.5	1993	48131-48175
#F4E7E5	48153.5	22	1993	48131-48175
#F4E7E5	48153	21.5	1993	48131-48175
#F9F1F0	48153	22.5	1994	48131-48176
#F9F1F0	48153.5	23	1994	48131-48176
#F9F1F0	48154	22.5	1994	48131-48176
#F9F1F0	48153.5	22	1994	48131-48176
#FBF7F6	48153.5	23	1995	48131-48177
#FBF7F6	48154	23.5	1995	48131-48177
#FBF7F6	48154.5	23	1995	48131-48177
#FBF7F6	48154	22.5	1995	48131-48177
#F9F1EF	48154	23.5	1996	48131-48178
#F9F1EF	48154.5	24	1996	48131-48178
#F9F1EF	48155	23.5	1996	48131-48178
#F9F1EF	48154.5	23	1996	48131-48178
#F7EDEC	48154.5	24	1997	48131-48179
#F7EDEC	48155	24.5	1997	48131-48179
#F7EDEC	48155.5	24	1997	48131-48179
#F7EDEC	48155	23.5	1997	48131-48179
#F6EAE9	48155	24.5	1998	48131-48180
#F6EAE9	48155.5	25	1998	48131-48180
#F6EAE9	48156	24.5	1998	48131-48180
#F6EAE9	48155.5	24	1998	48131-48180
#B46F68	48131.5	0	1999	48132-48132
#B46F68	48132	0.5	1999	48132-48132
#B46F68	48132.5	0	1999	48132-48132
#B46F68	48132	-0.5	1999	48132-48132
#CC9892	48132	0.5	2000	48132-48133
#CC9892	48132.5	1	2000	48132-48133
#CC9892	48133	0.5	2000	48132-48133
#CC9892	48132.5	0	2000	48132-48133
#D8AEA9	48132.5	1	2001	48132-48134
#D8AEA9	48133	1.5	2001	48132-48134
#D8AEA9	48133.5	1	2001	48132-48134
#D8AEA9	48133	0.5	2001	48132-48134
#DBB3AE	48133	1.5	2002	48132-48135
#DBB3AE	48133.5	2	2002	48132-48135
#DBB3AE	48134	1.5	2002	48132-48135
#DBB3AE	48133.5	1	2002	48132-48135
#EAD0CD	48133.5	2	2003	48132-48136
#EAD0CD	48134	2.5	2003	48132-48136
#EAD0CD	48134.5	2	2003	48132-48136
#EAD0CD	48134	1.5	2003	48132-48136
#ECD4D1	48134	2.5	2004	48132-48137
#ECD4D1	48134.5	3	2004	48132-48137
#ECD4D1	48135	2.5	2004	48132-48137
#ECD4D1	48134.5	2	2004	48132-48137
#F2E2E0	48134.5	3	2005	48132-48138
#F2E2E0	48135	3.5	2005	48132-48138
#F2E2E0	48135.5	3	2005	48132-48138
#F2E2E0	48135	2.5	2005	48132-48138
#EDD7D4	48135	3.5	2006	48132-48139
#EDD7D4	48135.5	4	2006	48132-48139
#EDD7D4	48136	3.5	2006	48132-48139
#EDD7D4	48135.5	3	2006	48132-48139
#EED9D6	48135.5	4	2007	48132-48140
#EED9D6	48136	4.5	2007	48132-48140
#EED9D6	48136.5	4	2007	48132-48140
#EED9D6	48136	3.5	2007	48132-48140
#EEDAD7	48136	4.5	2008	48132-48141
#EEDAD7	48136.5	5	2008	48132-48141
#EEDAD7	48137	4.5	2008	48132-48141
#EEDAD7	48136.5	4	2008	48132-48141
#ECD5D2	48136.5	5	2009	48132-48142
#ECD5D2	48137	5.5	2009	48132-48142
#ECD5D2	48137.5	5	2009	48132-48142
#ECD5D2	48137	4.5	2009	48132-48142
#F0DEDB	48137	5.5	2010	48132-48143
#F0DEDB	48137.5	6	2010	48132-48143
#F0DEDB	48138	5.5	2010	48132-48143
#F0DEDB	48137.5	5	2010	48132-48143
#FAF4F3	48137.5	6	2011	48132-48144
#FAF4F3	48138	6.5	2011	48132-48144
#FAF4F3	48138.5	6	2011	48132-48144
#FAF4F3	48138	5.5	2011	48132-48144
#FAF3F2	48138	6.5	2012	48132-48145
#FAF3F2	48138.5	7	2012	48132-48145
#FAF3F2	48139	6.5	2012	48132-48145
#FAF3F2	48138.5	6	2012	48132-48145
#F8F0EF	48138.5	7	2013	48132-48146
#F8F0EF	48139	7.5	2013	48132-48146
#F8F0EF	48139.5	7	2013	48132-48146
#F8F0EF	48139	6.5	2013	48132-48146
#F9F1F0	48139	7.5	2014	48132-48147
#F9F1F0	48139.5	8	2014	48132-48147
#F9F1F0	48140	7.5	2014	48132-48147
#F9F1F0	48139.5	7	2014	48132-48147
#FAF4F3	48139.5	8	2015	48132-48148
#FAF4F3	48140	8.5	2015	48132-48148
#FAF4F3	48140.5	8	2015	48132-48148
#FAF4F3	48140	7.5	2015	48132-48148
#FEFCFC	48140	8.5	2016	48132-48149
#FEFCFC	48140.5	9	2016	48132-48149
#FEFCFC	48141	8.5	2016	48132-48149
#FEFCFC	48140.5	8	2016	48132-48149
#FEFEFE	48140.5	9	2017	48132-48150
#FEFEFE	48141	9.5	2017	48132-48150
#FEFEFE	48141.5	9	2017	48132-48150
#FEFEFE	48141	8.5	2017	48132-48150
#FFFFFF	48141	9.5	2018	48132-48151
#FFFFFF	48141.5	10	2018	48132-48151
#FFFFFF	48142	9.5	2018	48132-48151
#FFFFFF	48141.5	9	2018	48132-48151
#FFFEFE	48141.5	10	2019	48132-48152
#FFFEFE	48142	10.5	2019	48132-48152
#FFFEFE	48142.5	10	2019	48132-48152
#FFFEFE	48142	9.5	2019	48132-48152
#FFFEFE	48142	10.5	2020	48132-48153
#FFFEFE	48142.5	11	2020	48132-48153
#FFFEFE	48143	10.5	2020	48132-48153
#FFFEFE	48142.5	10	2020	48132-48153
#FDFBFB	48142.5	11	2021	48132-48154
#FDFBFB	48143	11.5	2021	48132-48154
#FDFBFB	48143.5	11	2021	48132-48154
#FDFBFB	48143	10.5	2021	48132-48154
#FEFCFC	48143	11.5	2022	48132-48155
#FEFCFC	48143.5	12	2022	48132-48155
#FEFCFC	48144	11.5	2022	48132-48155
#FEFCFC	48143.5	11	2022	48132-48155
#FEFEFE	48143.5	12	2023	48132-48156
#FEFEFE	48144	12.5	2023	48132-48156
#FEFEFE	48144.5	12	2023	48132-48156
#FEFEFE	48144	11.5	2023	48132-48156
#FBF7F6	48144	12.5	2024	48132-48157
#FBF7F6	48144.5	13	2024	48132-48157
#FBF7F6	48145	12.5	2024	48132-48157
#FBF7F6	48144.5	12	2024	48132-48157
#F9F2F1	48144.5	13	2025	48132-48158
#F9F2F1	48145	13.5	2025	48132-48158
#F9F2F1	48145.5	13	2025	48132-48158
#F9F2F1	48145	12.5	2025	48132-48158
#FBF6F6	48145	13.5	2026	48132-48159
#FBF6F6	48145.5	14	2026	48132-48159
#FBF6F6	48146	13.5	2026	48132-48159
#FBF6F6	48145.5	13	2026	48132-48159
#F7ECEB	48145.5	14	2027	48132-48160
#F7ECEB	48146	14.5	2027	48132-48160
#F7ECEB	48146.5	14	2027	48132-48160
#F7ECEB	48146	13.5	2027	48132-48160
#FDFAF9	48146	14.5	2028	48132-48161
#FDFAF9	48146.5	15	2028	48132-48161
#FDFAF9	48147	14.5	2028	48132-48161
#FDFAF9	48146.5	14	2028	48132-48161
#FAF3F2	48146.5	15	2029	48132-48162
#FAF3F2	48147	15.5	2029	48132-48162
#FAF3F2	48147.5	15	2029	48132-48162
#FAF3F2	48147	14.5	2029	48132-48162
#F8F0EE	48147	15.5	2030	48132-48163
#F8F0EE	48147.5	16	2030	48132-48163
#F8F0EE	48148	15.5	2030	48132-48163
#F8F0EE	48147.5	15	2030	48132-48163
#F3E4E2	48147.5	16	2031	48132-48164
#F3E4E2	48148	16.5	2031	48132-48164
#F3E4E2	48148.5	16	2031	48132-48164
#F3E4E2	48148	15.5	2031	48132-48164
#FDFAFA	48148	16.5	2032	48132-48165
#FDFAFA	48148.5	17	2032	48132-48165
#FDFAFA	48149	16.5	2032	48132-48165
#FDFAFA	48148.5	16	2032	48132-48165
#F7EEEC	48148.5	17	2033	48132-48166
#F7EEEC	48149	17.5	2033	48132-48166
#F7EEEC	48149.5	17	2033	48132-48166
#F7EEEC	48149	16.5	2033	48132-48166
#F9F2F1	48149	17.5	2034	48132-48167
#F9F2F1	48149.5	18	2034	48132-48167
#F9F2F1	48150	17.5	2034	48132-48167
#F9F2F1	48149.5	17	2034	48132-48167
#F5E9E7	48149.5	18	2035	48132-48168
#F5E9E7	48150	18.5	2035	48132-48168
#F5E9E7	48150.5	18	2035	48132-48168
#F5E9E7	48150	17.5	2035	48132-48168
#EDD8D5	48150	18.5	2036	48132-48169
#EDD8D5	48150.5	19	2036	48132-48169
#EDD8D5	48151	18.5	2036	48132-48169
#EDD8D5	48150.5	18	2036	48132-48169
#F5E8E7	48150.5	19	2037	48132-48170
#F5E8E7	48151	19.5	2037	48132-48170
#F5E8E7	48151.5	19	2037	48132-48170
#F5E8E7	48151	18.5	2037	48132-48170
#EFDBD8	48151	19.5	2038	48132-48171
#EFDBD8	48151.5	20	2038	48132-48171
#EFDBD8	48152	19.5	2038	48132-48171
#EFDBD8	48151.5	19	2038	48132-48171
#F7ECEA	48151.5	20	2039	48132-48172
#F7ECEA	48152	20.5	2039	48132-48172
#F7ECEA	48152.5	20	2039	48132-48172
#F7ECEA	48152	19.5	2039	48132-48172
#F2E2E0	48152	20.5	2040	48132-48173
#F2E2E0	48152.5	21	2040	48132-48173
#F2E2E0	48153	20.5	2040	48132-48173
#F2E2E0	48152.5	20	2040	48132-48173
#F4E6E4	48152.5	21	2041	48132-48174
#F4E6E4	48153	21.5	2041	48132-48174
#F4E6E4	48153.5	21	2041	48132-48174
#F4E6E4	48153	20.5	2041	48132-48174
#EFDCD9	48153	21.5	2042	48132-48175
#EFDCD9	48153.5	22	2042	48132-48175
#EFDCD9	48154	21.5	2042	48132-48175
#EFDCD9	48153.5	21	2042	48132-48175
#FAF3F3	48153.5	22	2043	48132-48176
#FAF3F3	48154	22.5	2043	48132-48176
#FAF3F3	48154.5	22	2043	48132-48176
#FAF3F3	48154	21.5	2043	48132-48176
#F6EBEA	48154	22.5	2044	48132-48177
#F6EBEA	48154.5	23	2044	48132-48177
#F6EBEA	48155	22.5	2044	48132-48177
#F6EBEA	48154.5	22	2044	48132-48177
#E8CECA	48154.5	23	2045	48132-48178
#E8CECA	48155	23.5	2045	48132-48178
#E8CECA	48155.5	23	2045	48132-48178
#E8CECA	48155	22.5	2045	48132-48178
#E9CFCC	48155	23.5	2046	48132-48179
#E9CFCC	48155.5	24	2046	48132-48179
#E9CFCC	48156	23.5	2046	48132-48179
#E9CFCC	48155.5	23	2046	48132-48179
#F6EAE8	48155.5	24	2047	48132-48180
#F6EAE8	48156	24.5	2047	48132-48180
#F6EAE8	48156.5	24	2047	48132-48180
#F6EAE8	48156	23.5	2047	48132-48180
#F7ECEB	48156	24.5	2048	48132-48181
#F7ECEB	48156.5	25	2048	48132-48181
#F7ECEB	48157	24.5	2048	48132-48181
#F7ECEB	48156.5	24	2048	48132-48181
#C38780	48132.5	0	2049	48133-48133
#C38780	48133	0.5	2049	48133-48133
#C38780	48133.5	0	2049	48133-48133
#C38780	48133	-0.5	2049	48133-48133
#D5A8A2	48133	0.5	2050	48133-48134
#D5A8A2	48133.5	1	2050	48133-48134
#D5A8A2	48134	0.5	2050	48133-48134
#D5A8A2	48133.5	0	2050	48133-48134
#D3A49E	48133.5	1	2051	48133-48135
#D3A49E	48134	1.5	2051	48133-48135
#D3A49E	48134.5	1	2051	48133-48135
#D3A49E	48134	0.5	2051	48133-48135
#D9AFAA	48134	1.5	2052	48133-48136
#D9AFAA	48134.5	2	2052	48133-48136
#D9AFAA	48135	1.5	2052	48133-48136
#D9AFAA	48134.5	1	2052	48133-48136
#E2C1BD	48134.5	2	2053	48133-48137
#E2C1BD	48135	2.5	2053	48133-48137
#E2C1BD	48135.5	2	2053	48133-48137
#E2C1BD	48135	1.5	2053	48133-48137
#F1E0DD	48135	2.5	2054	48133-48138
#F1E0DD	48135.5	3	2054	48133-48138
#F1E0DD	48136	2.5	2054	48133-48138
#F1E0DD	48135.5	2	2054	48133-48138
#F9F1F0	48135.5	3	2055	48133-48139
#F9F1F0	48136	3.5	2055	48133-48139
#F9F1F0	48136.5	3	2055	48133-48139
#F9F1F0	48136	2.5	2055	48133-48139
#F5E7E5	48136	3.5	2056	48133-48140
#F5E7E5	48136.5	4	2056	48133-48140
#F5E7E5	48137	3.5	2056	48133-48140
#F5E7E5	48136.5	3	2056	48133-48140
#F8F0EF	48136.5	4	2057	48133-48141
#F8F0EF	48137	4.5	2057	48133-48141
#F8F0EF	48137.5	4	2057	48133-48141
#F8F0EF	48137	3.5	2057	48133-48141
#F0DEDB	48137	4.5	2058	48133-48142
#F0DEDB	48137.5	5	2058	48133-48142
#F0DEDB	48138	4.5	2058	48133-48142
#F0DEDB	48137.5	4	2058	48133-48142
#FCF9F8	48137.5	5	2059	48133-48143
#FCF9F8	48138	5.5	2059	48133-48143
#FCF9F8	48138.5	5	2059	48133-48143
#FCF9F8	48138	4.5	2059	48133-48143
#FDFBFB	48138	5.5	2060	48133-48144
#FDFBFB	48138.5	6	2060	48133-48144
#FDFBFB	48139	5.5	2060	48133-48144
#FDFBFB	48138.5	5	2060	48133-48144
#F5E8E7	48138.5	6	2061	48133-48145
#F5E8E7	48139	6.5	2061	48133-48145
#F5E8E7	48139.5	6	2061	48133-48145
#F5E8E7	48139	5.5	2061	48133-48145
#FBF6F5	48139	6.5	2062	48133-48146
#FBF6F5	48139.5	7	2062	48133-48146
#FBF6F5	48140	6.5	2062	48133-48146
#FBF6F5	48139.5	6	2062	48133-48146
#F8EFED	48139.5	7	2063	48133-48147
#F8EFED	48140	7.5	2063	48133-48147
#F8EFED	48140.5	7	2063	48133-48147
#F8EFED	48140	6.5	2063	48133-48147
#F5E7E5	48140	7.5	2064	48133-48148
#F5E7E5	48140.5	8	2064	48133-48148
#F5E7E5	48141	7.5	2064	48133-48148
#F5E7E5	48140.5	7	2064	48133-48148
#FFFEFF	48140.5	8	2065	48133-48149
#FFFEFF	48141	8.5	2065	48133-48149
#FFFEFF	48141.5	8	2065	48133-48149
#FFFEFF	48141	7.5	2065	48133-48149
#FBF7F6	48141	8.5	2066	48133-48150
#FBF7F6	48141.5	9	2066	48133-48150
#FBF7F6	48142	8.5	2066	48133-48150
#FBF7F6	48141.5	8	2066	48133-48150
#FAF3F2	48141.5	9	2067	48133-48151
#FAF3F2	48142	9.5	2067	48133-48151
#FAF3F2	48142.5	9	2067	48133-48151
#FAF3F2	48142	8.5	2067	48133-48151
#FDFBFB	48142	9.5	2068	48133-48152
#FDFBFB	48142.5	10	2068	48133-48152
#FDFBFB	48143	9.5	2068	48133-48152
#FDFBFB	48142.5	9	2068	48133-48152
#F7EDEC	48142.5	10	2069	48133-48153
#F7EDEC	48143	10.5	2069	48133-48153
#F7EDEC	48143.5	10	2069	48133-48153
#F7EDEC	48143	9.5	2069	48133-48153
#FEFEFF	48143	10.5	2070	48133-48154
#FEFEFF	48143.5	11	2070	48133-48154
#FEFEFF	48144	10.5	2070	48133-48154
#FEFEFF	48143.5	10	2070	48133-48154
#F9F0EF	48143.5	11	2071	48133-48155
#F9F0EF	48144	11.5	2071	48133-48155
#F9F0EF	48144.5	11	2071	48133-48155
#F9F0EF	48144	10.5	2071	48133-48155
#FEFDFE	48144	11.5	2072	48133-48156
#FEFDFE	48144.5	12	2072	48133-48156
#FEFDFE	48145	11.5	2072	48133-48156
#FEFDFE	48144.5	11	2072	48133-48156
#FCF8F8	48144.5	12	2073	48133-48157
#FCF8F8	48145	12.5	2073	48133-48157
#FCF8F8	48145.5	12	2073	48133-48157
#FCF8F8	48145	11.5	2073	48133-48157
#FCF8F8	48145	12.5	2074	48133-48158
#FCF8F8	48145.5	13	2074	48133-48158
#FCF8F8	48146	12.5	2074	48133-48158
#FCF8F8	48145.5	12	2074	48133-48158
#F3E4E2	48145.5	13	2075	48133-48159
#F3E4E2	48146	13.5	2075	48133-48159
#F3E4E2	48146.5	13	2075	48133-48159
#F3E4E2	48146	12.5	2075	48133-48159
#F3E4E3	48146	13.5	2076	48133-48160
#F3E4E3	48146.5	14	2076	48133-48160
#F3E4E3	48147	13.5	2076	48133-48160
#F3E4E3	48146.5	13	2076	48133-48160
#F8EEED	48146.5	14	2077	48133-48161
#F8EEED	48147	14.5	2077	48133-48161
#F8EEED	48147.5	14	2077	48133-48161
#F8EEED	48147	13.5	2077	48133-48161
#E8CDC9	48147	14.5	2078	48133-48162
#E8CDC9	48147.5	15	2078	48133-48162
#E8CDC9	48148	14.5	2078	48133-48162
#E8CDC9	48147.5	14	2078	48133-48162
#FFFEFE	48147.5	15	2079	48133-48163
#FFFEFE	48148	15.5	2079	48133-48163
#FFFEFE	48148.5	15	2079	48133-48163
#FFFEFE	48148	14.5	2079	48133-48163
#FDFBFB	48148	15.5	2080	48133-48164
#FDFBFB	48148.5	16	2080	48133-48164
#FDFBFB	48149	15.5	2080	48133-48164
#FDFBFB	48148.5	15	2080	48133-48164
#F5E7E5	48148.5	16	2081	48133-48165
#F5E7E5	48149	16.5	2081	48133-48165
#F5E7E5	48149.5	16	2081	48133-48165
#F5E7E5	48149	15.5	2081	48133-48165
#FEFCFB	48149	16.5	2082	48133-48166
#FEFCFB	48149.5	17	2082	48133-48166
#FEFCFB	48150	16.5	2082	48133-48166
#FEFCFB	48149.5	16	2082	48133-48166
#EFDCD9	48149.5	17	2083	48133-48167
#EFDCD9	48150	17.5	2083	48133-48167
#EFDCD9	48150.5	17	2083	48133-48167
#EFDCD9	48150	16.5	2083	48133-48167
#F8F0EE	48150	17.5	2084	48133-48168
#F8F0EE	48150.5	18	2084	48133-48168
#F8F0EE	48151	17.5	2084	48133-48168
#F8F0EE	48150.5	17	2084	48133-48168
#ECD4D1	48150.5	18	2085	48133-48169
#ECD4D1	48151	18.5	2085	48133-48169
#ECD4D1	48151.5	18	2085	48133-48169
#ECD4D1	48151	17.5	2085	48133-48169
#EFDCDA	48151	18.5	2086	48133-48170
#EFDCDA	48151.5	19	2086	48133-48170
#EFDCDA	48152	18.5	2086	48133-48170
#EFDCDA	48151.5	18	2086	48133-48170
#E2C0BB	48151.5	19	2087	48133-48171
#E2C0BB	48152	19.5	2087	48133-48171
#E2C0BB	48152.5	19	2087	48133-48171
#E2C0BB	48152	18.5	2087	48133-48171
#FCF8F7	48152	19.5	2088	48133-48172
#FCF8F7	48152.5	20	2088	48133-48172
#FCF8F7	48153	19.5	2088	48133-48172
#FCF8F7	48152.5	19	2088	48133-48172
#F4E5E3	48152.5	20	2089	48133-48173
#F4E5E3	48153	20.5	2089	48133-48173
#F4E5E3	48153.5	20	2089	48133-48173
#F4E5E3	48153	19.5	2089	48133-48173
#EED9D6	48153	20.5	2090	48133-48174
#EED9D6	48153.5	21	2090	48133-48174
#EED9D6	48154	20.5	2090	48133-48174
#EED9D6	48153.5	20	2090	48133-48174
#F2E2E0	48153.5	21	2091	48133-48175
#F2E2E0	48154	21.5	2091	48133-48175
#F2E2E0	48154.5	21	2091	48133-48175
#F2E2E0	48154	20.5	2091	48133-48175
#F7EDEC	48154	21.5	2092	48133-48176
#F7EDEC	48154.5	22	2092	48133-48176
#F7EDEC	48155	21.5	2092	48133-48176
#F7EDEC	48154.5	21	2092	48133-48176
#F7ECEB	48154.5	22	2093	48133-48177
#F7ECEB	48155	22.5	2093	48133-48177
#F7ECEB	48155.5	22	2093	48133-48177
#F7ECEB	48155	21.5	2093	48133-48177
#E6C9C5	48155	22.5	2094	48133-48178
#E6C9C5	48155.5	23	2094	48133-48178
#E6C9C5	48156	22.5	2094	48133-48178
#E6C9C5	48155.5	22	2094	48133-48178
#EED9D7	48155.5	23	2095	48133-48179
#EED9D7	48156	23.5	2095	48133-48179
#EED9D7	48156.5	23	2095	48133-48179
#EED9D7	48156	22.5	2095	48133-48179
#F5E8E6	48156	23.5	2096	48133-48180
#F5E8E6	48156.5	24	2096	48133-48180
#F5E8E6	48157	23.5	2096	48133-48180
#F5E8E6	48156.5	23	2096	48133-48180
#ECD4D1	48156.5	24	2097	48133-48181
#ECD4D1	48157	24.5	2097	48133-48181
#ECD4D1	48157.5	24	2097	48133-48181
#ECD4D1	48157	23.5	2097	48133-48181
#E4C5C1	48157	24.5	2098	48133-48182
#E4C5C1	48157.5	25	2098	48133-48182
#E4C5C1	48158	24.5	2098	48133-48182
#E4C5C1	48157.5	24	2098	48133-48182
#B8766E	48133.5	0	2099	48134-48134
#B8766E	48134	0.5	2099	48134-48134
#B8766E	48134.5	0	2099	48134-48134
#B8766E	48134	-0.5	2099	48134-48134
#E4C4C0	48134	0.5	2100	48134-48135
#E4C4C0	48134.5	1	2100	48134-48135
#E4C4C0	48135	0.5	2100	48134-48135
#E4C4C0	48134.5	0	2100	48134-48135
#EBD2CF	48134.5	1	2101	48134-48136
#EBD2CF	48135	1.5	2101	48134-48136
#EBD2CF	48135.5	1	2101	48134-48136
#EBD2CF	48135	0.5	2101	48134-48136
#EAD0CD	48135	1.5	2102	48134-48137
#EAD0CD	48135.5	2	2102	48134-48137
#EAD0CD	48136	1.5	2102	48134-48137
#EAD0CD	48135.5	1	2102	48134-48137
#FBF6F5	48135.5	2	2103	48134-48138
#FBF6F5	48136	2.5	2103	48134-48138
#FBF6F5	48136.5	2	2103	48134-48138
#FBF6F5	48136	1.5	2103	48134-48138
#FEFEFE	48136	2.5	2104	48134-48139
#FEFEFE	48136.5	3	2104	48134-48139
#FEFEFE	48137	2.5	2104	48134-48139
#FEFEFE	48136.5	2	2104	48134-48139
#F9F2F1	48136.5	3	2105	48134-48140
#F9F2F1	48137	3.5	2105	48134-48140
#F9F2F1	48137.5	3	2105	48134-48140
#F9F2F1	48137	2.5	2105	48134-48140
#FEFCFC	48137	3.5	2106	48134-48141
#FEFCFC	48137.5	4	2106	48134-48141
#FEFCFC	48138	3.5	2106	48134-48141
#FEFCFC	48137.5	3	2106	48134-48141
#FDFAFA	48137.5	4	2107	48134-48142
#FDFAFA	48138	4.5	2107	48134-48142
#FDFAFA	48138.5	4	2107	48134-48142
#FDFAFA	48138	3.5	2107	48134-48142
#FEFEFF	48138	4.5	2108	48134-48143
#FEFEFF	48138.5	5	2108	48134-48143
#FEFEFF	48139	4.5	2108	48134-48143
#FEFEFF	48138.5	4	2108	48134-48143
#FEFCFB	48138.5	5	2109	48134-48144
#FEFCFB	48139	5.5	2109	48134-48144
#FEFCFB	48139.5	5	2109	48134-48144
#FEFCFB	48139	4.5	2109	48134-48144
#FFFFFF	48139	5.5	2110	48134-48145
#FFFFFF	48139.5	6	2110	48134-48145
#FFFFFF	48140	5.5	2110	48134-48145
#FFFFFF	48139.5	5	2110	48134-48145
#FBF6F6	48139.5	6	2111	48134-48146
#FBF6F6	48140	6.5	2111	48134-48146
#FBF6F6	48140.5	6	2111	48134-48146
#FBF6F6	48140	5.5	2111	48134-48146
#FEFDFD	48140	6.5	2112	48134-48147
#FEFDFD	48140.5	7	2112	48134-48147
#FEFDFD	48141	6.5	2112	48134-48147
#FEFDFD	48140.5	6	2112	48134-48147
#FCF7F6	48140.5	7	2113	48134-48148
#FCF7F6	48141	7.5	2113	48134-48148
#FCF7F6	48141.5	7	2113	48134-48148
#FCF7F6	48141	6.5	2113	48134-48148
#FAF9FC	48141	7.5	2114	48134-48149
#FAF9FC	48141.5	8	2114	48134-48149
#FAF9FC	48142	7.5	2114	48134-48149
#FAF9FC	48141.5	7	2114	48134-48149
#FDF9F9	48141.5	8	2115	48134-48150
#FDF9F9	48142	8.5	2115	48134-48150
#FDF9F9	48142.5	8	2115	48134-48150
#FDF9F9	48142	7.5	2115	48134-48150
#FCF9F8	48142	8.5	2116	48134-48151
#FCF9F8	48142.5	9	2116	48134-48151
#FCF9F8	48143	8.5	2116	48134-48151
#FCF9F8	48142.5	8	2116	48134-48151
#FEFEFE	48142.5	9	2117	48134-48152
#FEFEFE	48143	9.5	2117	48134-48152
#FEFEFE	48143.5	9	2117	48134-48152
#FEFEFE	48143	8.5	2117	48134-48152
#FEFDFE	48143	9.5	2118	48134-48153
#FEFDFE	48143.5	10	2118	48134-48153
#FEFDFE	48144	9.5	2118	48134-48153
#FEFDFE	48143.5	9	2118	48134-48153
#FBFAFD	48143.5	10	2119	48134-48154
#FBFAFD	48144	10.5	2119	48134-48154
#FBFAFD	48144.5	10	2119	48134-48154
#FBFAFD	48144	9.5	2119	48134-48154
#FFFEFE	48144	10.5	2120	48134-48155
#FFFEFE	48144.5	11	2120	48134-48155
#FFFEFE	48145	10.5	2120	48134-48155
#FFFEFE	48144.5	10	2120	48134-48155
#FFFFFF	48144.5	11	2121	48134-48156
#FFFFFF	48145	11.5	2121	48134-48156
#FFFFFF	48145.5	11	2121	48134-48156
#FFFFFF	48145	10.5	2121	48134-48156
#FCFBFD	48145	11.5	2122	48134-48157
#FCFBFD	48145.5	12	2122	48134-48157
#FCFBFD	48146	11.5	2122	48134-48157
#FCFBFD	48145.5	11	2122	48134-48157
#FFFFFF	48145.5	12	2123	48134-48158
#FFFFFF	48146	12.5	2123	48134-48158
#FFFFFF	48146.5	12	2123	48134-48158
#FFFFFF	48146	11.5	2123	48134-48158
#FEFEFF	48146	12.5	2124	48134-48159
#FEFEFF	48146.5	13	2124	48134-48159
#FEFEFF	48147	12.5	2124	48134-48159
#FEFEFF	48146.5	12	2124	48134-48159
#FAF4F3	48146.5	13	2125	48134-48160
#FAF4F3	48147	13.5	2125	48134-48160
#FAF4F3	48147.5	13	2125	48134-48160
#FAF4F3	48147	12.5	2125	48134-48160
#F9F2F1	48147	13.5	2126	48134-48161
#F9F2F1	48147.5	14	2126	48134-48161
#F9F2F1	48148	13.5	2126	48134-48161
#F9F2F1	48147.5	13	2126	48134-48161
#EED9D6	48147.5	14	2127	48134-48162
#EED9D6	48148	14.5	2127	48134-48162
#EED9D6	48148.5	14	2127	48134-48162
#EED9D6	48148	13.5	2127	48134-48162
#FAF3F2	48148	14.5	2128	48134-48163
#FAF3F2	48148.5	15	2128	48134-48163
#FAF3F2	48149	14.5	2128	48134-48163
#FAF3F2	48148.5	14	2128	48134-48163
#FEFEFE	48148.5	15	2129	48134-48164
#FEFEFE	48149	15.5	2129	48134-48164
#FEFEFE	48149.5	15	2129	48134-48164
#FEFEFE	48149	14.5	2129	48134-48164
#F3E4E2	48149	15.5	2130	48134-48165
#F3E4E2	48149.5	16	2130	48134-48165
#F3E4E2	48150	15.5	2130	48134-48165
#F3E4E2	48149.5	15	2130	48134-48165
#FBFAFD	48149.5	16	2131	48134-48166
#FBFAFD	48150	16.5	2131	48134-48166
#FBFAFD	48150.5	16	2131	48134-48166
#FBFAFD	48150	15.5	2131	48134-48166
#F8F0EF	48150	16.5	2132	48134-48167
#F8F0EF	48150.5	17	2132	48134-48167
#F8F0EF	48151	16.5	2132	48134-48167
#F8F0EF	48150.5	16	2132	48134-48167
#FBF6F5	48150.5	17	2133	48134-48168
#FBF6F5	48151	17.5	2133	48134-48168
#FBF6F5	48151.5	17	2133	48134-48168
#FBF6F5	48151	16.5	2133	48134-48168
#F4E6E4	48151	17.5	2134	48134-48169
#F4E6E4	48151.5	18	2134	48134-48169
#F4E6E4	48152	17.5	2134	48134-48169
#F4E6E4	48151.5	17	2134	48134-48169
#F7EDEB	48151.5	18	2135	48134-48170
#F7EDEB	48152	18.5	2135	48134-48170
#F7EDEB	48152.5	18	2135	48134-48170
#F7EDEB	48152	17.5	2135	48134-48170
#F4E6E4	48152	18.5	2136	48134-48171
#F4E6E4	48152.5	19	2136	48134-48171
#F4E6E4	48153	18.5	2136	48134-48171
#F4E6E4	48152.5	18	2136	48134-48171
#F4E6E4	48152.5	19	2137	48134-48172
#F4E6E4	48153	19.5	2137	48134-48172
#F4E6E4	48153.5	19	2137	48134-48172
#F4E6E4	48153	18.5	2137	48134-48172
#F8F0EF	48153	19.5	2138	48134-48173
#F8F0EF	48153.5	20	2138	48134-48173
#F8F0EF	48154	19.5	2138	48134-48173
#F8F0EF	48153.5	19	2138	48134-48173
#F4E7E5	48153.5	20	2139	48134-48174
#F4E7E5	48154	20.5	2139	48134-48174
#F4E7E5	48154.5	20	2139	48134-48174
#F4E7E5	48154	19.5	2139	48134-48174
#FAF3F2	48154	20.5	2140	48134-48175
#FAF3F2	48154.5	21	2140	48134-48175
#FAF3F2	48155	20.5	2140	48134-48175
#FAF3F2	48154.5	20	2140	48134-48175
#FEFCFB	48154.5	21	2141	48134-48176
#FEFCFB	48155	21.5	2141	48134-48176
#FEFCFB	48155.5	21	2141	48134-48176
#FEFCFB	48155	20.5	2141	48134-48176
#FBF5F4	48155	21.5	2142	48134-48177
#FBF5F4	48155.5	22	2142	48134-48177
#FBF5F4	48156	21.5	2142	48134-48177
#FBF5F4	48155.5	21	2142	48134-48177
#F3E5E3	48155.5	22	2143	48134-48178
#F3E5E3	48156	22.5	2143	48134-48178
#F3E5E3	48156.5	22	2143	48134-48178
#F3E5E3	48156	21.5	2143	48134-48178
#F5E9E7	48156	22.5	2144	48134-48179
#F5E9E7	48156.5	23	2144	48134-48179
#F5E9E7	48157	22.5	2144	48134-48179
#F5E9E7	48156.5	22	2144	48134-48179
#F6EAE8	48156.5	23	2145	48134-48180
#F6EAE8	48157	23.5	2145	48134-48180
#F6EAE8	48157.5	23	2145	48134-48180
#F6EAE8	48157	22.5	2145	48134-48180
#F0DDDB	48157	23.5	2146	48134-48181
#F0DDDB	48157.5	24	2146	48134-48181
#F0DDDB	48158	23.5	2146	48134-48181
#F0DDDB	48157.5	23	2146	48134-48181
#F6EBE9	48157.5	24	2147	48134-48182
#F6EBE9	48158	24.5	2147	48134-48182
#F6EBE9	48158.5	24	2147	48134-48182
#F6EBE9	48158	23.5	2147	48134-48182
#F5E9E7	48158	24.5	2148	48134-48183
#F5E9E7	48158.5	25	2148	48134-48183
#F5E9E7	48159	24.5	2148	48134-48183
#F5E9E7	48158.5	24	2148	48134-48183
#C68D86	48134.5	0	2149	48135-48135
#C68D86	48135	0.5	2149	48135-48135
#C68D86	48135.5	0	2149	48135-48135
#C68D86	48135	-0.5	2149	48135-48135
#F1E0DD	48135	0.5	2150	48135-48136
#F1E0DD	48135.5	1	2150	48135-48136
#F1E0DD	48136	0.5	2150	48135-48136
#F1E0DD	48135.5	0	2150	48135-48136
#E1C0BB	48135.5	1	2151	48135-48137
#E1C0BB	48136	1.5	2151	48135-48137
#E1C0BB	48136.5	1	2151	48135-48137
#E1C0BB	48136	0.5	2151	48135-48137
#FDFAF9	48136	1.5	2152	48135-48138
#FDFAF9	48136.5	2	2152	48135-48138
#FDFAF9	48137	1.5	2152	48135-48138
#FDFAF9	48136.5	1	2152	48135-48138
#FBF7F6	48136.5	2	2153	48135-48139
#FBF7F6	48137	2.5	2153	48135-48139
#FBF7F6	48137.5	2	2153	48135-48139
#FBF7F6	48137	1.5	2153	48135-48139
#F6EAE8	48137	2.5	2154	48135-48140
#F6EAE8	48137.5	3	2154	48135-48140
#F6EAE8	48138	2.5	2154	48135-48140
#F6EAE8	48137.5	2	2154	48135-48140
#FAF3F2	48137.5	3	2155	48135-48141
#FAF3F2	48138	3.5	2155	48135-48141
#FAF3F2	48138.5	3	2155	48135-48141
#FAF3F2	48138	2.5	2155	48135-48141
#FEFEFF	48138	3.5	2156	48135-48142
#FEFEFF	48138.5	4	2156	48135-48142
#FEFEFF	48139	3.5	2156	48135-48142
#FEFEFF	48138.5	3	2156	48135-48142
#FAFAFC	48138.5	4	2157	48135-48143
#FAFAFC	48139	4.5	2157	48135-48143
#FAFAFC	48139.5	4	2157	48135-48143
#FAFAFC	48139	3.5	2157	48135-48143
#F9F8FC	48139	4.5	2158	48135-48144
#F9F8FC	48139.5	5	2158	48135-48144
#F9F8FC	48140	4.5	2158	48135-48144
#F9F8FC	48139.5	4	2158	48135-48144
#FFFEFE	48139.5	5	2159	48135-48145
#FFFEFE	48140	5.5	2159	48135-48145
#FFFEFE	48140.5	5	2159	48135-48145
#FFFEFE	48140	4.5	2159	48135-48145
#FEFDFC	48140	5.5	2160	48135-48146
#FEFDFC	48140.5	6	2160	48135-48146
#FEFDFC	48141	5.5	2160	48135-48146
#FEFDFC	48140.5	5	2160	48135-48146
#FCF8F8	48140.5	6	2161	48135-48147
#FCF8F8	48141	6.5	2161	48135-48147
#FCF8F8	48141.5	6	2161	48135-48147
#FCF8F8	48141	5.5	2161	48135-48147
#FFFFFF	48141	6.5	2162	48135-48148
#FFFFFF	48141.5	7	2162	48135-48148
#FFFFFF	48142	6.5	2162	48135-48148
#FFFFFF	48141.5	6	2162	48135-48148
#F9F9FC	48141.5	7	2163	48135-48149
#F9F9FC	48142	7.5	2163	48135-48149
#F9F9FC	48142.5	7	2163	48135-48149
#F9F9FC	48142	6.5	2163	48135-48149
#F8F7FB	48142	7.5	2164	48135-48150
#F8F7FB	48142.5	8	2164	48135-48150
#F8F7FB	48143	7.5	2164	48135-48150
#F8F7FB	48142.5	7	2164	48135-48150
#F3F1F8	48142.5	8	2165	48135-48151
#F3F1F8	48143	8.5	2165	48135-48151
#F3F1F8	48143.5	8	2165	48135-48151
#F3F1F8	48143	7.5	2165	48135-48151
#FDFCFE	48143	8.5	2166	48135-48152
#FDFCFE	48143.5	9	2166	48135-48152
#FDFCFE	48144	8.5	2166	48135-48152
#FDFCFE	48143.5	8	2166	48135-48152
#EDEBF5	48143.5	9	2167	48135-48153
#EDEBF5	48144	9.5	2167	48135-48153
#EDEBF5	48144.5	9	2167	48135-48153
#EDEBF5	48144	8.5	2167	48135-48153
#FBFBFD	48144	9.5	2168	48135-48154
#FBFBFD	48144.5	10	2168	48135-48154
#FBFBFD	48145	9.5	2168	48135-48154
#FBFBFD	48144.5	9	2168	48135-48154
#F7F6FB	48144.5	10	2169	48135-48155
#F7F6FB	48145	10.5	2169	48135-48155
#F7F6FB	48145.5	10	2169	48135-48155
#F7F6FB	48145	9.5	2169	48135-48155
#F7F5FA	48145	10.5	2170	48135-48156
#F7F5FA	48145.5	11	2170	48135-48156
#F7F5FA	48146	10.5	2170	48135-48156
#F7F5FA	48145.5	10	2170	48135-48156
#F4F3F9	48145.5	11	2171	48135-48157
#F4F3F9	48146	11.5	2171	48135-48157
#F4F3F9	48146.5	11	2171	48135-48157
#F4F3F9	48146	10.5	2171	48135-48157
#F9F8FC	48146	11.5	2172	48135-48158
#F9F8FC	48146.5	12	2172	48135-48158
#F9F8FC	48147	11.5	2172	48135-48158
#F9F8FC	48146.5	11	2172	48135-48158
#FDFBFB	48146.5	12	2173	48135-48159
#FDFBFB	48147	12.5	2173	48135-48159
#FDFBFB	48147.5	12	2173	48135-48159
#FDFBFB	48147	11.5	2173	48135-48159
#FEFDFC	48147	12.5	2174	48135-48160
#FEFDFC	48147.5	13	2174	48135-48160
#FEFDFC	48148	12.5	2174	48135-48160
#FEFDFC	48147.5	12	2174	48135-48160
#F9F1F0	48147.5	13	2175	48135-48161
#F9F1F0	48148	13.5	2175	48135-48161
#F9F1F0	48148.5	13	2175	48135-48161
#F9F1F0	48148	12.5	2175	48135-48161
#FDFBFB	48148	13.5	2176	48135-48162
#FDFBFB	48148.5	14	2176	48135-48162
#FDFBFB	48149	13.5	2176	48135-48162
#FDFBFB	48148.5	13	2176	48135-48162
#F8EFED	48148.5	14	2177	48135-48163
#F8EFED	48149	14.5	2177	48135-48163
#F8EFED	48149.5	14	2177	48135-48163
#F8EFED	48149	13.5	2177	48135-48163
#FDFBFA	48149	14.5	2178	48135-48164
#FDFBFA	48149.5	15	2178	48135-48164
#FDFBFA	48150	14.5	2178	48135-48164
#FDFBFA	48149.5	14	2178	48135-48164
#FDF9F9	48149.5	15	2179	48135-48165
#FDF9F9	48150	15.5	2179	48135-48165
#FDF9F9	48150.5	15	2179	48135-48165
#FDF9F9	48150	14.5	2179	48135-48165
#FDFCFE	48150	15.5	2180	48135-48166
#FDFCFE	48150.5	16	2180	48135-48166
#FDFCFE	48151	15.5	2180	48135-48166
#FDFCFE	48150.5	15	2180	48135-48166
#FFFFFF	48150.5	16	2181	48135-48167
#FFFFFF	48151	16.5	2181	48135-48167
#FFFFFF	48151.5	16	2181	48135-48167
#FFFFFF	48151	15.5	2181	48135-48167
#FFFFFF	48151	16.5	2182	48135-48168
#FFFFFF	48151.5	17	2182	48135-48168
#FFFFFF	48152	16.5	2182	48135-48168
#FFFFFF	48151.5	16	2182	48135-48168
#FCF9F8	48151.5	17	2183	48135-48169
#FCF9F8	48152	17.5	2183	48135-48169
#FCF9F8	48152.5	17	2183	48135-48169
#FCF9F8	48152	16.5	2183	48135-48169
#FDFAF9	48152	17.5	2184	48135-48170
#FDFAF9	48152.5	18	2184	48135-48170
#FDFAF9	48153	17.5	2184	48135-48170
#FDFAF9	48152.5	17	2184	48135-48170
#F1DFDD	48152.5	18	2185	48135-48171
#F1DFDD	48153	18.5	2185	48135-48171
#F1DFDD	48153.5	18	2185	48135-48171
#F1DFDD	48153	17.5	2185	48135-48171
#F2E1DF	48153	18.5	2186	48135-48172
#F2E1DF	48153.5	19	2186	48135-48172
#F2E1DF	48154	18.5	2186	48135-48172
#F2E1DF	48153.5	18	2186	48135-48172
#F1DFDD	48153.5	19	2187	48135-48173
#F1DFDD	48154	19.5	2187	48135-48173
#F1DFDD	48154.5	19	2187	48135-48173
#F1DFDD	48154	18.5	2187	48135-48173
#F5E7E5	48154	19.5	2188	48135-48174
#F5E7E5	48154.5	20	2188	48135-48174
#F5E7E5	48155	19.5	2188	48135-48174
#F5E7E5	48154.5	19	2188	48135-48174
#FCF9F8	48154.5	20	2189	48135-48175
#FCF9F8	48155	20.5	2189	48135-48175
#FCF9F8	48155.5	20	2189	48135-48175
#FCF9F8	48155	19.5	2189	48135-48175
#F5E8E6	48155	20.5	2190	48135-48176
#F5E8E6	48155.5	21	2190	48135-48176
#F5E8E6	48156	20.5	2190	48135-48176
#F5E8E6	48155.5	20	2190	48135-48176
#FDF9F9	48155.5	21	2191	48135-48177
#FDF9F9	48156	21.5	2191	48135-48177
#FDF9F9	48156.5	21	2191	48135-48177
#FDF9F9	48156	20.5	2191	48135-48177
#FCF9F9	48156	21.5	2192	48135-48178
#FCF9F9	48156.5	22	2192	48135-48178
#FCF9F9	48157	21.5	2192	48135-48178
#FCF9F9	48156.5	21	2192	48135-48178
#F9F2F1	48156.5	22	2193	48135-48179
#F9F2F1	48157	22.5	2193	48135-48179
#F9F2F1	48157.5	22	2193	48135-48179
#F9F2F1	48157	21.5	2193	48135-48179
#F9F0EF	48157	22.5	2194	48135-48180
#F9F0EF	48157.5	23	2194	48135-48180
#F9F0EF	48158	22.5	2194	48135-48180
#F9F0EF	48157.5	22	2194	48135-48180
#F6EAE8	48157.5	23	2195	48135-48181
#F6EAE8	48158	23.5	2195	48135-48181
#F6EAE8	48158.5	23	2195	48135-48181
#F6EAE8	48158	22.5	2195	48135-48181
#F7EDEC	48158	23.5	2196	48135-48182
#F7EDEC	48158.5	24	2196	48135-48182
#F7EDEC	48159	23.5	2196	48135-48182
#F7EDEC	48158.5	23	2196	48135-48182
#F5E7E6	48158.5	24	2197	48135-48183
#F5E7E6	48159	24.5	2197	48135-48183
#F5E7E6	48159.5	24	2197	48135-48183
#F5E7E6	48159	23.5	2197	48135-48183
#FAF4F3	48159	24.5	2198	48135-48184
#FAF4F3	48159.5	25	2198	48135-48184
#FAF4F3	48160	24.5	2198	48135-48184
#FAF4F3	48159.5	24	2198	48135-48184
#C1847D	48135.5	0	2199	48136-48136
#C1847D	48136	0.5	2199	48136-48136
#C1847D	48136.5	0	2199	48136-48136
#C1847D	48136	-0.5	2199	48136-48136
#E6C9C5	48136	0.5	2200	48136-48137
#E6C9C5	48136.5	1	2200	48136-48137
#E6C9C5	48137	0.5	2200	48136-48137
#E6C9C5	48136.5	0	2200	48136-48137
#FFFFFF	48136.5	1	2201	48136-48138
#FFFFFF	48137	1.5	2201	48136-48138
#FFFFFF	48137.5	1	2201	48136-48138
#FFFFFF	48137	0.5	2201	48136-48138
#FCF8F7	48137	1.5	2202	48136-48139
#FCF8F7	48137.5	2	2202	48136-48139
#FCF8F7	48138	1.5	2202	48136-48139
#FCF8F7	48137.5	1	2202	48136-48139
#F4E6E4	48137.5	2	2203	48136-48140
#F4E6E4	48138	2.5	2203	48136-48140
#F4E6E4	48138.5	2	2203	48136-48140
#F4E6E4	48138	1.5	2203	48136-48140
#FBF5F5	48138	2.5	2204	48136-48141
#FBF5F5	48138.5	3	2204	48136-48141
#FBF5F5	48139	2.5	2204	48136-48141
#FBF5F5	48138.5	2	2204	48136-48141
#FFFEFE	48138.5	3	2205	48136-48142
#FFFEFE	48139	3.5	2205	48136-48142
#FFFEFE	48139.5	3	2205	48136-48142
#FFFEFE	48139	2.5	2205	48136-48142
#F5F4FA	48139	3.5	2206	48136-48143
#F5F4FA	48139.5	4	2206	48136-48143
#F5F4FA	48140	3.5	2206	48136-48143
#F5F4FA	48139.5	3	2206	48136-48143
#FDFDFE	48139.5	4	2207	48136-48144
#FDFDFE	48140	4.5	2207	48136-48144
#FDFDFE	48140.5	4	2207	48136-48144
#FDFDFE	48140	3.5	2207	48136-48144
#FFFEFE	48140	4.5	2208	48136-48145
#FFFEFE	48140.5	5	2208	48136-48145
#FFFEFE	48141	4.5	2208	48136-48145
#FFFEFE	48140.5	4	2208	48136-48145
#FEFCFC	48140.5	5	2209	48136-48146
#FEFCFC	48141	5.5	2209	48136-48146
#FEFCFC	48141.5	5	2209	48136-48146
#FEFCFC	48141	4.5	2209	48136-48146
#FEFEFE	48141	5.5	2210	48136-48147
#FEFEFE	48141.5	6	2210	48136-48147
#FEFEFE	48142	5.5	2210	48136-48147
#FEFEFE	48141.5	5	2210	48136-48147
#F8F0EF	48141.5	6	2211	48136-48148
#F8F0EF	48142	6.5	2211	48136-48148
#F8F0EF	48142.5	6	2211	48136-48148
#F8F0EF	48142	5.5	2211	48136-48148
#FAFAFC	48142	6.5	2212	48136-48149
#FAFAFC	48142.5	7	2212	48136-48149
#FAFAFC	48143	6.5	2212	48136-48149
#FAFAFC	48142.5	6	2212	48136-48149
#E8E5F3	48142.5	7	2213	48136-48150
#E8E5F3	48143	7.5	2213	48136-48150
#E8E5F3	48143.5	7	2213	48136-48150
#E8E5F3	48143	6.5	2213	48136-48150
#D9D4EA	48143	7.5	2214	48136-48151
#D9D4EA	48143.5	8	2214	48136-48151
#D9D4EA	48144	7.5	2214	48136-48151
#D9D4EA	48143.5	7	2214	48136-48151
#EDEAF5	48143.5	8	2215	48136-48152
#EDEAF5	48144	8.5	2215	48136-48152
#EDEAF5	48144.5	8	2215	48136-48152
#EDEAF5	48144	7.5	2215	48136-48152
#FBFBFD	48144	8.5	2216	48136-48153
#FBFBFD	48144.5	9	2216	48136-48153
#FBFBFD	48145	8.5	2216	48136-48153
#FBFBFD	48144.5	8	2216	48136-48153
#EDEAF5	48144.5	9	2217	48136-48154
#EDEAF5	48145	9.5	2217	48136-48154
#EDEAF5	48145.5	9	2217	48136-48154
#EDEAF5	48145	8.5	2217	48136-48154
#F4F3F9	48145	9.5	2218	48136-48155
#F4F3F9	48145.5	10	2218	48136-48155
#F4F3F9	48146	9.5	2218	48136-48155
#F4F3F9	48145.5	9	2218	48136-48155
#FDFCFE	48145.5	10	2219	48136-48156
#FDFCFE	48146	10.5	2219	48136-48156
#FDFCFE	48146.5	10	2219	48136-48156
#FDFCFE	48146	9.5	2219	48136-48156
#EFEDF6	48146	10.5	2220	48136-48157
#EFEDF6	48146.5	11	2220	48136-48157
#EFEDF6	48147	10.5	2220	48136-48157
#EFEDF6	48146.5	10	2220	48136-48157
#FDFDFE	48146.5	11	2221	48136-48158
#FDFDFE	48147	11.5	2221	48136-48158
#FDFDFE	48147.5	11	2221	48136-48158
#FDFDFE	48147	10.5	2221	48136-48158
#FEFCFC	48147	11.5	2222	48136-48159
#FEFCFC	48147.5	12	2222	48136-48159
#FEFCFC	48148	11.5	2222	48136-48159
#FEFCFC	48147.5	11	2222	48136-48159
#FBF6F5	48147.5	12	2223	48136-48160
#FBF6F5	48148	12.5	2223	48136-48160
#FBF6F5	48148.5	12	2223	48136-48160
#FBF6F5	48148	11.5	2223	48136-48160
#F7EEEC	48148	12.5	2224	48136-48161
#F7EEEC	48148.5	13	2224	48136-48161
#F7EEEC	48149	12.5	2224	48136-48161
#F7EEEC	48148.5	12	2224	48136-48161
#FBF6F5	48148.5	13	2225	48136-48162
#FBF6F5	48149	13.5	2225	48136-48162
#FBF6F5	48149.5	13	2225	48136-48162
#FBF6F5	48149	12.5	2225	48136-48162
#FBF7F6	48149	13.5	2226	48136-48163
#FBF7F6	48149.5	14	2226	48136-48163
#FBF7F6	48150	13.5	2226	48136-48163
#FBF7F6	48149.5	13	2226	48136-48163
#FEFCFC	48149.5	14	2227	48136-48164
#FEFCFC	48150	14.5	2227	48136-48164
#FEFCFC	48150.5	14	2227	48136-48164
#FEFCFC	48150	13.5	2227	48136-48164
#FEFCFC	48150	14.5	2228	48136-48165
#FEFCFC	48150.5	15	2228	48136-48165
#FEFCFC	48151	14.5	2228	48136-48165
#FEFCFC	48150.5	14	2228	48136-48165
#FFFFFF	48150.5	15	2229	48136-48166
#FFFFFF	48151	15.5	2229	48136-48166
#FFFFFF	48151.5	15	2229	48136-48166
#FFFFFF	48151	14.5	2229	48136-48166
#FDFBFA	48151	15.5	2230	48136-48167
#FDFBFA	48151.5	16	2230	48136-48167
#FDFBFA	48152	15.5	2230	48136-48167
#FDFBFA	48151.5	15	2230	48136-48167
#FEFCFB	48151.5	16	2231	48136-48168
#FEFCFB	48152	16.5	2231	48136-48168
#FEFCFB	48152.5	16	2231	48136-48168
#FEFCFB	48152	15.5	2231	48136-48168
#FCF7F7	48152	16.5	2232	48136-48169
#FCF7F7	48152.5	17	2232	48136-48169
#FCF7F7	48153	16.5	2232	48136-48169
#FCF7F7	48152.5	16	2232	48136-48169
#F4E7E5	48152.5	17	2233	48136-48170
#F4E7E5	48153	17.5	2233	48136-48170
#F4E7E5	48153.5	17	2233	48136-48170
#F4E7E5	48153	16.5	2233	48136-48170
#F7EDEC	48153	17.5	2234	48136-48171
#F7EDEC	48153.5	18	2234	48136-48171
#F7EDEC	48154	17.5	2234	48136-48171
#F7EDEC	48153.5	17	2234	48136-48171
#FAF3F3	48153.5	18	2235	48136-48172
#FAF3F3	48154	18.5	2235	48136-48172
#FAF3F3	48154.5	18	2235	48136-48172
#FAF3F3	48154	17.5	2235	48136-48172
#F0DEDC	48154	18.5	2236	48136-48173
#F0DEDC	48154.5	19	2236	48136-48173
#F0DEDC	48155	18.5	2236	48136-48173
#F0DEDC	48154.5	18	2236	48136-48173
#FFFFFF	48154.5	19	2237	48136-48174
#FFFFFF	48155	19.5	2237	48136-48174
#FFFFFF	48155.5	19	2237	48136-48174
#FFFFFF	48155	18.5	2237	48136-48174
#F9F0EF	48155	19.5	2238	48136-48175
#F9F0EF	48155.5	20	2238	48136-48175
#F9F0EF	48156	19.5	2238	48136-48175
#F9F0EF	48155.5	19	2238	48136-48175
#FBF7F6	48155.5	20	2239	48136-48176
#FBF7F6	48156	20.5	2239	48136-48176
#FBF7F6	48156.5	20	2239	48136-48176
#FBF7F6	48156	19.5	2239	48136-48176
#FDFBFB	48156	20.5	2240	48136-48177
#FDFBFB	48156.5	21	2240	48136-48177
#FDFBFB	48157	20.5	2240	48136-48177
#FDFBFB	48156.5	20	2240	48136-48177
#FCF8F8	48156.5	21	2241	48136-48178
#FCF8F8	48157	21.5	2241	48136-48178
#FCF8F8	48157.5	21	2241	48136-48178
#FCF8F8	48157	20.5	2241	48136-48178
#F5E8E6	48157	21.5	2242	48136-48179
#F5E8E6	48157.5	22	2242	48136-48179
#F5E8E6	48158	21.5	2242	48136-48179
#F5E8E6	48157.5	21	2242	48136-48179
#F6EAE8	48157.5	22	2243	48136-48180
#F6EAE8	48158	22.5	2243	48136-48180
#F6EAE8	48158.5	22	2243	48136-48180
#F6EAE8	48158	21.5	2243	48136-48180
#F0DEDC	48158	22.5	2244	48136-48181
#F0DEDC	48158.5	23	2244	48136-48181
#F0DEDC	48159	22.5	2244	48136-48181
#F0DEDC	48158.5	22	2244	48136-48181
#F8EFEE	48158.5	23	2245	48136-48182
#F8EFEE	48159	23.5	2245	48136-48182
#F8EFEE	48159.5	23	2245	48136-48182
#F8EFEE	48159	22.5	2245	48136-48182
#F8F0EF	48159	23.5	2246	48136-48183
#F8F0EF	48159.5	24	2246	48136-48183
#F8F0EF	48160	23.5	2246	48136-48183
#F8F0EF	48159.5	23	2246	48136-48183
#FBF7F6	48159.5	24	2247	48136-48184
#FBF7F6	48160	24.5	2247	48136-48184
#FBF7F6	48160.5	24	2247	48136-48184
#FBF7F6	48160	23.5	2247	48136-48184
#FDFBFB	48160	24.5	2248	48136-48185
#FDFBFB	48160.5	25	2248	48136-48185
#FDFBFB	48161	24.5	2248	48136-48185
#FDFBFB	48160.5	24	2248	48136-48185
#BA7971	48136.5	0	2249	48137-48137
#BA7971	48137	0.5	2249	48137-48137
#BA7971	48137.5	0	2249	48137-48137
#BA7971	48137	-0.5	2249	48137-48137
#F1E0DE	48137	0.5	2250	48137-48138
#F1E0DE	48137.5	1	2250	48137-48138
#F1E0DE	48138	0.5	2250	48137-48138
#F1E0DE	48137.5	0	2250	48137-48138
#F9F1F0	48137.5	1	2251	48137-48139
#F9F1F0	48138	1.5	2251	48137-48139
#F9F1F0	48138.5	1	2251	48137-48139
#F9F1F0	48138	0.5	2251	48137-48139
#F1DFDD	48138	1.5	2252	48137-48140
#F1DFDD	48138.5	2	2252	48137-48140
#F1DFDD	48139	1.5	2252	48137-48140
#F1DFDD	48138.5	1	2252	48137-48140
#F3E5E3	48138.5	2	2253	48137-48141
#F3E5E3	48139	2.5	2253	48137-48141
#F3E5E3	48139.5	2	2253	48137-48141
#F3E5E3	48139	1.5	2253	48137-48141
#F4E6E4	48139	2.5	2254	48137-48142
#F4E6E4	48139.5	3	2254	48137-48142
#F4E6E4	48140	2.5	2254	48137-48142
#F4E6E4	48139.5	2	2254	48137-48142
#FFFFFE	48139.5	3	2255	48137-48143
#FFFFFE	48140	3.5	2255	48137-48143
#FFFFFE	48140.5	3	2255	48137-48143
#FFFFFE	48140	2.5	2255	48137-48143
#FCFCFD	48140	3.5	2256	48137-48144
#FCFCFD	48140.5	4	2256	48137-48144
#FCFCFD	48141	3.5	2256	48137-48144
#FCFCFD	48140.5	3	2256	48137-48144
#FEFEFE	48140.5	4	2257	48137-48145
#FEFEFE	48141	4.5	2257	48137-48145
#FEFEFE	48141.5	4	2257	48137-48145
#FEFEFE	48141	3.5	2257	48137-48145
#FCF9F8	48141	4.5	2258	48137-48146
#FCF9F8	48141.5	5	2258	48137-48146
#FCF9F8	48142	4.5	2258	48137-48146
#FCF9F8	48141.5	4	2258	48137-48146
#FFFFFE	48141.5	5	2259	48137-48147
#FFFFFE	48142	5.5	2259	48137-48147
#FFFFFE	48142.5	5	2259	48137-48147
#FFFFFE	48142	4.5	2259	48137-48147
#F3E5E3	48142	5.5	2260	48137-48148
#F3E5E3	48142.5	6	2260	48137-48148
#F3E5E3	48143	5.5	2260	48137-48148
#F3E5E3	48142.5	5	2260	48137-48148
#FCFCFE	48142.5	6	2261	48137-48149
#FCFCFE	48143	6.5	2261	48137-48149
#FCFCFE	48143.5	6	2261	48137-48149
#FCFCFE	48143	5.5	2261	48137-48149
#FCFBFD	48143	6.5	2262	48137-48150
#FCFBFD	48143.5	7	2262	48137-48150
#FCFBFD	48144	6.5	2262	48137-48150
#FCFBFD	48143.5	6	2262	48137-48150
#FFFFFF	48143.5	7	2263	48137-48151
#FFFFFF	48144	7.5	2263	48137-48151
#FFFFFF	48144.5	7	2263	48137-48151
#FFFFFF	48144	6.5	2263	48137-48151
#FBFAFD	48144	7.5	2264	48137-48152
#FBFAFD	48144.5	8	2264	48137-48152
#FBFAFD	48145	7.5	2264	48137-48152
#FBFAFD	48144.5	7	2264	48137-48152
#F8F7FB	48144.5	8	2265	48137-48153
#F8F7FB	48145	8.5	2265	48137-48153
#F8F7FB	48145.5	8	2265	48137-48153
#F8F7FB	48145	7.5	2265	48137-48153
#F8F7FB	48145	8.5	2266	48137-48154
#F8F7FB	48145.5	9	2266	48137-48154
#F8F7FB	48146	8.5	2266	48137-48154
#F8F7FB	48145.5	8	2266	48137-48154
#FEFEFF	48145.5	9	2267	48137-48155
#FEFEFF	48146	9.5	2267	48137-48155
#FEFEFF	48146.5	9	2267	48137-48155
#FEFEFF	48146	8.5	2267	48137-48155
#FDFDFE	48146	9.5	2268	48137-48156
#FDFDFE	48146.5	10	2268	48137-48156
#FDFDFE	48147	9.5	2268	48137-48156
#FDFDFE	48146.5	9	2268	48137-48156
#FCFBFD	48146.5	10	2269	48137-48157
#FCFBFD	48147	10.5	2269	48137-48157
#FCFBFD	48147.5	10	2269	48137-48157
#FCFBFD	48147	9.5	2269	48137-48157
#FEFEFE	48147	10.5	2270	48137-48158
#FEFEFE	48147.5	11	2270	48137-48158
#FEFEFE	48148	10.5	2270	48137-48158
#FEFEFE	48147.5	10	2270	48137-48158
#F5E8E6	48147.5	11	2271	48137-48159
#F5E8E6	48148	11.5	2271	48137-48159
#F5E8E6	48148.5	11	2271	48137-48159
#F5E8E6	48148	10.5	2271	48137-48159
#F8EFEE	48148	11.5	2272	48137-48160
#F8EFEE	48148.5	12	2272	48137-48160
#F8EFEE	48149	11.5	2272	48137-48160
#F8EFEE	48148.5	11	2272	48137-48160
#FCF8F7	48148.5	12	2273	48137-48161
#FCF8F7	48149	12.5	2273	48137-48161
#FCF8F7	48149.5	12	2273	48137-48161
#FCF8F7	48149	11.5	2273	48137-48161
#F2E2E0	48149	12.5	2274	48137-48162
#F2E2E0	48149.5	13	2274	48137-48162
#F2E2E0	48150	12.5	2274	48137-48162
#F2E2E0	48149.5	12	2274	48137-48162
#FBF6F5	48149.5	13	2275	48137-48163
#FBF6F5	48150	13.5	2275	48137-48163
#FBF6F5	48150.5	13	2275	48137-48163
#FBF6F5	48150	12.5	2275	48137-48163
#FCF7F7	48150	13.5	2276	48137-48164
#FCF7F7	48150.5	14	2276	48137-48164
#FCF7F7	48151	13.5	2276	48137-48164
#FCF7F7	48150.5	13	2276	48137-48164
#FBF5F4	48150.5	14	2277	48137-48165
#FBF5F4	48151	14.5	2277	48137-48165
#FBF5F4	48151.5	14	2277	48137-48165
#FBF5F4	48151	13.5	2277	48137-48165
#FFFEFF	48151	14.5	2278	48137-48166
#FFFEFF	48151.5	15	2278	48137-48166
#FFFEFF	48152	14.5	2278	48137-48166
#FFFEFF	48151.5	14	2278	48137-48166
#FBF6F6	48151.5	15	2279	48137-48167
#FBF6F6	48152	15.5	2279	48137-48167
#FBF6F6	48152.5	15	2279	48137-48167
#FBF6F6	48152	14.5	2279	48137-48167
#F5E8E7	48152	15.5	2280	48137-48168
#F5E8E7	48152.5	16	2280	48137-48168
#F5E8E7	48153	15.5	2280	48137-48168
#F5E8E7	48152.5	15	2280	48137-48168
#F5E8E6	48152.5	16	2281	48137-48169
#F5E8E6	48153	16.5	2281	48137-48169
#F5E8E6	48153.5	16	2281	48137-48169
#F5E8E6	48153	15.5	2281	48137-48169
#F4E6E4	48153	16.5	2282	48137-48170
#F4E6E4	48153.5	17	2282	48137-48170
#F4E6E4	48154	16.5	2282	48137-48170
#F4E6E4	48153.5	16	2282	48137-48170
#EDD7D4	48153.5	17	2283	48137-48171
#EDD7D4	48154	17.5	2283	48137-48171
#EDD7D4	48154.5	17	2283	48137-48171
#EDD7D4	48154	16.5	2283	48137-48171
#F6E9E8	48154	17.5	2284	48137-48172
#F6E9E8	48154.5	18	2284	48137-48172
#F6E9E8	48155	17.5	2284	48137-48172
#F6E9E8	48154.5	17	2284	48137-48172
#F6EBE9	48154.5	18	2285	48137-48173
#F6EBE9	48155	18.5	2285	48137-48173
#F6EBE9	48155.5	18	2285	48137-48173
#F6EBE9	48155	17.5	2285	48137-48173
#EDD8D5	48155	18.5	2286	48137-48174
#EDD8D5	48155.5	19	2286	48137-48174
#EDD8D5	48156	18.5	2286	48137-48174
#EDD8D5	48155.5	18	2286	48137-48174
#F7EDEC	48155.5	19	2287	48137-48175
#F7EDEC	48156	19.5	2287	48137-48175
#F7EDEC	48156.5	19	2287	48137-48175
#F7EDEC	48156	18.5	2287	48137-48175
#EFDCD9	48156	19.5	2288	48137-48176
#EFDCD9	48156.5	20	2288	48137-48176
#EFDCD9	48157	19.5	2288	48137-48176
#EFDCD9	48156.5	19	2288	48137-48176
#F9F1F0	48156.5	20	2289	48137-48177
#F9F1F0	48157	20.5	2289	48137-48177
#F9F1F0	48157.5	20	2289	48137-48177
#F9F1F0	48157	19.5	2289	48137-48177
#FCF9F8	48157	20.5	2290	48137-48178
#FCF9F8	48157.5	21	2290	48137-48178
#FCF9F8	48158	20.5	2290	48137-48178
#FCF9F8	48157.5	20	2290	48137-48178
#F3E3E1	48157.5	21	2291	48137-48179
#F3E3E1	48158	21.5	2291	48137-48179
#F3E3E1	48158.5	21	2291	48137-48179
#F3E3E1	48158	20.5	2291	48137-48179
#F4E6E4	48158	21.5	2292	48137-48180
#F4E6E4	48158.5	22	2292	48137-48180
#F4E6E4	48159	21.5	2292	48137-48180
#F4E6E4	48158.5	21	2292	48137-48180
#FBF7F6	48158.5	22	2293	48137-48181
#FBF7F6	48159	22.5	2293	48137-48181
#FBF7F6	48159.5	22	2293	48137-48181
#FBF7F6	48159	21.5	2293	48137-48181
#F3E3E1	48159	22.5	2294	48137-48182
#F3E3E1	48159.5	23	2294	48137-48182
#F3E3E1	48160	22.5	2294	48137-48182
#F3E3E1	48159.5	22	2294	48137-48182
#FCF7F6	48159.5	23	2295	48137-48183
#FCF7F6	48160	23.5	2295	48137-48183
#FCF7F6	48160.5	23	2295	48137-48183
#FCF7F6	48160	22.5	2295	48137-48183
#FBF5F4	48160	23.5	2296	48137-48184
#FBF5F4	48160.5	24	2296	48137-48184
#FBF5F4	48161	23.5	2296	48137-48184
#FBF5F4	48160.5	23	2296	48137-48184
#FCF8F7	48160.5	24	2297	48137-48185
#FCF8F7	48161	24.5	2297	48137-48185
#FCF8F7	48161.5	24	2297	48137-48185
#FCF8F7	48161	23.5	2297	48137-48185
#F7ECEB	48161	24.5	2298	48137-48186
#F7ECEB	48161.5	25	2298	48137-48186
#F7ECEB	48162	24.5	2298	48137-48186
#F7ECEB	48161.5	24	2298	48137-48186
#BF817A	48137.5	0	2299	48138-48138
#BF817A	48138	0.5	2299	48138-48138
#BF817A	48138.5	0	2299	48138-48138
#BF817A	48138	-0.5	2299	48138-48138
#D8ADA8	48138	0.5	2300	48138-48139
#D8ADA8	48138.5	1	2300	48138-48139
#D8ADA8	48139	0.5	2300	48138-48139
#D8ADA8	48138.5	0	2300	48138-48139
#D1A19B	48138.5	1	2301	48138-48140
#D1A19B	48139	1.5	2301	48138-48140
#D1A19B	48139.5	1	2301	48138-48140
#D1A19B	48139	0.5	2301	48138-48140
#E1BFBA	48139	1.5	2302	48138-48141
#E1BFBA	48139.5	2	2302	48138-48141
#E1BFBA	48140	1.5	2302	48138-48141
#E1BFBA	48139.5	1	2302	48138-48141
#EED9D7	48139.5	2	2303	48138-48142
#EED9D7	48140	2.5	2303	48138-48142
#EED9D7	48140.5	2	2303	48138-48142
#EED9D7	48140	1.5	2303	48138-48142
#FEFEFE	48140	2.5	2304	48138-48143
#FEFEFE	48140.5	3	2304	48138-48143
#FEFEFE	48141	2.5	2304	48138-48143
#FEFEFE	48140.5	2	2304	48138-48143
#FDFBFB	48140.5	3	2305	48138-48144
#FDFBFB	48141	3.5	2305	48138-48144
#FDFBFB	48141.5	3	2305	48138-48144
#FDFBFB	48141	2.5	2305	48138-48144
#FCF8F7	48141	3.5	2306	48138-48145
#FCF8F7	48141.5	4	2306	48138-48145
#FCF8F7	48142	3.5	2306	48138-48145
#FCF8F7	48141.5	3	2306	48138-48145
#FCF7F7	48141.5	4	2307	48138-48146
#FCF7F7	48142	4.5	2307	48138-48146
#FCF7F7	48142.5	4	2307	48138-48146
#FCF7F7	48142	3.5	2307	48138-48146
#FAF3F2	48142	4.5	2308	48138-48147
#FAF3F2	48142.5	5	2308	48138-48147
#FAF3F2	48143	4.5	2308	48138-48147
#FAF3F2	48142.5	4	2308	48138-48147
#E9CECB	48142.5	5	2309	48138-48148
#E9CECB	48143	5.5	2309	48138-48148
#E9CECB	48143.5	5	2309	48138-48148
#E9CECB	48143	4.5	2309	48138-48148
#FDFBFA	48143	5.5	2310	48138-48149
#FDFBFA	48143.5	6	2310	48138-48149
#FDFBFA	48144	5.5	2310	48138-48149
#FDFBFA	48143.5	5	2310	48138-48149
#FFFEFE	48143.5	6	2311	48138-48150
#FFFEFE	48144	6.5	2311	48138-48150
#FFFEFE	48144.5	6	2311	48138-48150
#FFFEFE	48144	5.5	2311	48138-48150
#FBFAFD	48144	6.5	2312	48138-48151
#FBFAFD	48144.5	7	2312	48138-48151
#FBFAFD	48145	6.5	2312	48138-48151
#FBFAFD	48144.5	6	2312	48138-48151
#FEFEFE	48144.5	7	2313	48138-48152
#FEFEFE	48145	7.5	2313	48138-48152
#FEFEFE	48145.5	7	2313	48138-48152
#FEFEFE	48145	6.5	2313	48138-48152
#F8F7FB	48145	7.5	2314	48138-48153
#F8F7FB	48145.5	8	2314	48138-48153
#F8F7FB	48146	7.5	2314	48138-48153
#F8F7FB	48145.5	7	2314	48138-48153
#F3F1F9	48145.5	8	2315	48138-48154
#F3F1F9	48146	8.5	2315	48138-48154
#F3F1F9	48146.5	8	2315	48138-48154
#F3F1F9	48146	7.5	2315	48138-48154
#F7F6FB	48146	8.5	2316	48138-48155
#F7F6FB	48146.5	9	2316	48138-48155
#F7F6FB	48147	8.5	2316	48138-48155
#F7F6FB	48146.5	8	2316	48138-48155
#FFFFFF	48146.5	9	2317	48138-48156
#FFFFFF	48147	9.5	2317	48138-48156
#FFFFFF	48147.5	9	2317	48138-48156
#FFFFFF	48147	8.5	2317	48138-48156
#FEFEFE	48147	9.5	2318	48138-48157
#FEFEFE	48147.5	10	2318	48138-48157
#FEFEFE	48148	9.5	2318	48138-48157
#FEFEFE	48147.5	9	2318	48138-48157
#FDFCFE	48147.5	10	2319	48138-48158
#FDFCFE	48148	10.5	2319	48138-48158
#FDFCFE	48148.5	10	2319	48138-48158
#FDFCFE	48148	9.5	2319	48138-48158
#EFDBD9	48148	10.5	2320	48138-48159
#EFDBD9	48148.5	11	2320	48138-48159
#EFDBD9	48149	10.5	2320	48138-48159
#EFDBD9	48148.5	10	2320	48138-48159
#F6E9E8	48148.5	11	2321	48138-48160
#F6E9E8	48149	11.5	2321	48138-48160
#F6E9E8	48149.5	11	2321	48138-48160
#F6E9E8	48149	10.5	2321	48138-48160
#F3E4E2	48149	11.5	2322	48138-48161
#F3E4E2	48149.5	12	2322	48138-48161
#F3E4E2	48150	11.5	2322	48138-48161
#F3E4E2	48149.5	11	2322	48138-48161
#F3E4E2	48149.5	12	2323	48138-48162
#F3E4E2	48150	12.5	2323	48138-48162
#F3E4E2	48150.5	12	2323	48138-48162
#F3E4E2	48150	11.5	2323	48138-48162
#FCFCFD	48150	12.5	2324	48138-48163
#FCFCFD	48150.5	13	2324	48138-48163
#FCFCFD	48151	12.5	2324	48138-48163
#FCFCFD	48150.5	12	2324	48138-48163
#F6EBE9	48150.5	13	2325	48138-48164
#F6EBE9	48151	13.5	2325	48138-48164
#F6EBE9	48151.5	13	2325	48138-48164
#F6EBE9	48151	12.5	2325	48138-48164
#FBF6F5	48151	13.5	2326	48138-48165
#FBF6F5	48151.5	14	2326	48138-48165
#FBF6F5	48152	13.5	2326	48138-48165
#FBF6F5	48151.5	13	2326	48138-48165
#FFFFFF	48151.5	14	2327	48138-48166
#FFFFFF	48152	14.5	2327	48138-48166
#FFFFFF	48152.5	14	2327	48138-48166
#FFFFFF	48152	13.5	2327	48138-48166
#F6EAE9	48152	14.5	2328	48138-48167
#F6EAE9	48152.5	15	2328	48138-48167
#F6EAE9	48153	14.5	2328	48138-48167
#F6EAE9	48152.5	14	2328	48138-48167
#F9F0EF	48152.5	15	2329	48138-48168
#F9F0EF	48153	15.5	2329	48138-48168
#F9F0EF	48153.5	15	2329	48138-48168
#F9F0EF	48153	14.5	2329	48138-48168
#F5E9E7	48153	15.5	2330	48138-48169
#F5E9E7	48153.5	16	2330	48138-48169
#F5E9E7	48154	15.5	2330	48138-48169
#F5E9E7	48153.5	15	2330	48138-48169
#F1E0DE	48153.5	16	2331	48138-48170
#F1E0DE	48154	16.5	2331	48138-48170
#F1E0DE	48154.5	16	2331	48138-48170
#F1E0DE	48154	15.5	2331	48138-48170
#F5E8E6	48154	16.5	2332	48138-48171
#F5E8E6	48154.5	17	2332	48138-48171
#F5E8E6	48155	16.5	2332	48138-48171
#F5E8E6	48154.5	16	2332	48138-48171
#F7EDEC	48154.5	17	2333	48138-48172
#F7EDEC	48155	17.5	2333	48138-48172
#F7EDEC	48155.5	17	2333	48138-48172
#F7EDEC	48155	16.5	2333	48138-48172
#F0DEDB	48155	17.5	2334	48138-48173
#F0DEDB	48155.5	18	2334	48138-48173
#F0DEDB	48156	17.5	2334	48138-48173
#F0DEDB	48155.5	17	2334	48138-48173
#FAF3F2	48155.5	18	2335	48138-48174
#FAF3F2	48156	18.5	2335	48138-48174
#FAF3F2	48156.5	18	2335	48138-48174
#FAF3F2	48156	17.5	2335	48138-48174
#EDD7D4	48156	18.5	2336	48138-48175
#EDD7D4	48156.5	19	2336	48138-48175
#EDD7D4	48157	18.5	2336	48138-48175
#EDD7D4	48156.5	18	2336	48138-48175
#FAF5F4	48156.5	19	2337	48138-48176
#FAF5F4	48157	19.5	2337	48138-48176
#FAF5F4	48157.5	19	2337	48138-48176
#FAF5F4	48157	18.5	2337	48138-48176
#EFDBD8	48157	19.5	2338	48138-48177
#EFDBD8	48157.5	20	2338	48138-48177
#EFDBD8	48158	19.5	2338	48138-48177
#EFDBD8	48157.5	19	2338	48138-48177
#F3E3E1	48157.5	20	2339	48138-48178
#F3E3E1	48158	20.5	2339	48138-48178
#F3E3E1	48158.5	20	2339	48138-48178
#F3E3E1	48158	19.5	2339	48138-48178
#F4E5E3	48158	20.5	2340	48138-48179
#F4E5E3	48158.5	21	2340	48138-48179
#F4E5E3	48159	20.5	2340	48138-48179
#F4E5E3	48158.5	20	2340	48138-48179
#EDD7D4	48158.5	21	2341	48138-48180
#EDD7D4	48159	21.5	2341	48138-48180
#EDD7D4	48159.5	21	2341	48138-48180
#EDD7D4	48159	20.5	2341	48138-48180
#F7ECEA	48159	21.5	2342	48138-48181
#F7ECEA	48159.5	22	2342	48138-48181
#F7ECEA	48160	21.5	2342	48138-48181
#F7ECEA	48159.5	21	2342	48138-48181
#EEDAD7	48159.5	22	2343	48138-48182
#EEDAD7	48160	22.5	2343	48138-48182
#EEDAD7	48160.5	22	2343	48138-48182
#EEDAD7	48160	21.5	2343	48138-48182
#F9F2F1	48160	22.5	2344	48138-48183
#F9F2F1	48160.5	23	2344	48138-48183
#F9F2F1	48161	22.5	2344	48138-48183
#F9F2F1	48160.5	22	2344	48138-48183
#FEFEFE	48160.5	23	2345	48138-48184
#FEFEFE	48161	23.5	2345	48138-48184
#FEFEFE	48161.5	23	2345	48138-48184
#FEFEFE	48161	22.5	2345	48138-48184
#FAF4F3	48161	23.5	2346	48138-48185
#FAF4F3	48161.5	24	2346	48138-48185
#FAF4F3	48162	23.5	2346	48138-48185
#FAF4F3	48161.5	23	2346	48138-48185
#FEFCFC	48161.5	24	2347	48138-48186
#FEFCFC	48162	24.5	2347	48138-48186
#FEFCFC	48162.5	24	2347	48138-48186
#FEFCFC	48162	23.5	2347	48138-48186
#FFFFFF	48162	24.5	2348	48138-48187
#FFFFFF	48162.5	25	2348	48138-48187
#FFFFFF	48163	24.5	2348	48138-48187
#FFFFFF	48162.5	24	2348	48138-48187
#B16A63	48138.5	0	2349	48139-48139
#B16A63	48139	0.5	2349	48139-48139
#B16A63	48139.5	0	2349	48139-48139
#B16A63	48139	-0.5	2349	48139-48139
#E0BEB9	48139	0.5	2350	48139-48140
#E0BEB9	48139.5	1	2350	48139-48140
#E0BEB9	48140	0.5	2350	48139-48140
#E0BEB9	48139.5	0	2350	48139-48140
#E9CFCC	48139.5	1	2351	48139-48141
#E9CFCC	48140	1.5	2351	48139-48141
#E9CFCC	48140.5	1	2351	48139-48141
#E9CFCC	48140	0.5	2351	48139-48141
#F7ECEB	48140	1.5	2352	48139-48142
#F7ECEB	48140.5	2	2352	48139-48142
#F7ECEB	48141	1.5	2352	48139-48142
#F7ECEB	48140.5	1	2352	48139-48142
#FDFCFE	48140.5	2	2353	48139-48143
#FDFCFE	48141	2.5	2353	48139-48143
#FDFCFE	48141.5	2	2353	48139-48143
#FDFCFE	48141	1.5	2353	48139-48143
#FDFAF9	48141	2.5	2354	48139-48144
#FDFAF9	48141.5	3	2354	48139-48144
#FDFAF9	48142	2.5	2354	48139-48144
#FDFAF9	48141.5	2	2354	48139-48144
#F9F2F1	48141.5	3	2355	48139-48145
#F9F2F1	48142	3.5	2355	48139-48145
#F9F2F1	48142.5	3	2355	48139-48145
#F9F2F1	48142	2.5	2355	48139-48145
#F6EAE8	48142	3.5	2356	48139-48146
#F6EAE8	48142.5	4	2356	48139-48146
#F6EAE8	48143	3.5	2356	48139-48146
#F6EAE8	48142.5	3	2356	48139-48146
#EDD8D5	48142.5	4	2357	48139-48147
#EDD8D5	48143	4.5	2357	48139-48147
#EDD8D5	48143.5	4	2357	48139-48147
#EDD8D5	48143	3.5	2357	48139-48147
#DFBBB6	48143	4.5	2358	48139-48148
#DFBBB6	48143.5	5	2358	48139-48148
#DFBBB6	48144	4.5	2358	48139-48148
#DFBBB6	48143.5	4	2358	48139-48148
#FEFDFD	48143.5	5	2359	48139-48149
#FEFDFD	48144	5.5	2359	48139-48149
#FEFDFD	48144.5	5	2359	48139-48149
#FEFDFD	48144	4.5	2359	48139-48149
#FBF6F5	48144	5.5	2360	48139-48150
#FBF6F5	48144.5	6	2360	48139-48150
#FBF6F5	48145	5.5	2360	48139-48150
#FBF6F5	48144.5	5	2360	48139-48150
#FCF9F9	48144.5	6	2361	48139-48151
#FCF9F9	48145	6.5	2361	48139-48151
#FCF9F9	48145.5	6	2361	48139-48151
#FCF9F9	48145	5.5	2361	48139-48151
#FDFBFB	48145	6.5	2362	48139-48152
#FDFBFB	48145.5	7	2362	48139-48152
#FDFBFB	48146	6.5	2362	48139-48152
#FDFBFB	48145.5	6	2362	48139-48152
#FBF6F5	48145.5	7	2363	48139-48153
#FBF6F5	48146	7.5	2363	48139-48153
#FBF6F5	48146.5	7	2363	48139-48153
#FBF6F5	48146	6.5	2363	48139-48153
#FCF7F6	48146	7.5	2364	48139-48154
#FCF7F6	48146.5	8	2364	48139-48154
#FCF7F6	48147	7.5	2364	48139-48154
#FCF7F6	48146.5	7	2364	48139-48154
#FFFFFF	48146.5	8	2365	48139-48155
#FFFFFF	48147	8.5	2365	48139-48155
#FFFFFF	48147.5	8	2365	48139-48155
#FFFFFF	48147	7.5	2365	48139-48155
#FEFCFC	48147	8.5	2366	48139-48156
#FEFCFC	48147.5	9	2366	48139-48156
#FEFCFC	48148	8.5	2366	48139-48156
#FEFCFC	48147.5	8	2366	48139-48156
#FBF7F6	48147.5	9	2367	48139-48157
#FBF7F6	48148	9.5	2367	48139-48157
#FBF7F6	48148.5	9	2367	48139-48157
#FBF7F6	48148	8.5	2367	48139-48157
#FCF7F7	48148	9.5	2368	48139-48158
#FCF7F7	48148.5	10	2368	48139-48158
#FCF7F7	48149	9.5	2368	48139-48158
#FCF7F7	48148.5	9	2368	48139-48158
#F8EFEE	48148.5	10	2369	48139-48159
#F8EFEE	48149	10.5	2369	48139-48159
#F8EFEE	48149.5	10	2369	48139-48159
#F8EFEE	48149	9.5	2369	48139-48159
#EFDCDA	48149	10.5	2370	48139-48160
#EFDCDA	48149.5	11	2370	48139-48160
#EFDCDA	48150	10.5	2370	48139-48160
#EFDCDA	48149.5	10	2370	48139-48160
#FBF7F6	48149.5	11	2371	48139-48161
#FBF7F6	48150	11.5	2371	48139-48161
#FBF7F6	48150.5	11	2371	48139-48161
#FBF7F6	48150	10.5	2371	48139-48161
#EDD8D5	48150	11.5	2372	48139-48162
#EDD8D5	48150.5	12	2372	48139-48162
#EDD8D5	48151	11.5	2372	48139-48162
#EDD8D5	48150.5	11	2372	48139-48162
#FDFAF9	48150.5	12	2373	48139-48163
#FDFAF9	48151	12.5	2373	48139-48163
#FDFAF9	48151.5	12	2373	48139-48163
#FDFAF9	48151	11.5	2373	48139-48163
#FBF6F5	48151	12.5	2374	48139-48164
#FBF6F5	48151.5	13	2374	48139-48164
#FBF6F5	48152	12.5	2374	48139-48164
#FBF6F5	48151.5	12	2374	48139-48164
#F5E9E7	48151.5	13	2375	48139-48165
#F5E9E7	48152	13.5	2375	48139-48165
#F5E9E7	48152.5	13	2375	48139-48165
#F5E9E7	48152	12.5	2375	48139-48165
#FBFAFD	48152	13.5	2376	48139-48166
#FBFAFD	48152.5	14	2376	48139-48166
#FBFAFD	48153	13.5	2376	48139-48166
#FBFAFD	48152.5	13	2376	48139-48166
#F6EBEA	48152.5	14	2377	48139-48167
#F6EBEA	48153	14.5	2377	48139-48167
#F6EBEA	48153.5	14	2377	48139-48167
#F6EBEA	48153	13.5	2377	48139-48167
#F4E5E3	48153	14.5	2378	48139-48168
#F4E5E3	48153.5	15	2378	48139-48168
#F4E5E3	48154	14.5	2378	48139-48168
#F4E5E3	48153.5	14	2378	48139-48168
#EED9D6	48153.5	15	2379	48139-48169
#EED9D6	48154	15.5	2379	48139-48169
#EED9D6	48154.5	15	2379	48139-48169
#EED9D6	48154	14.5	2379	48139-48169
#DEB9B4	48154	15.5	2380	48139-48170
#DEB9B4	48154.5	16	2380	48139-48170
#DEB9B4	48155	15.5	2380	48139-48170
#DEB9B4	48154.5	15	2380	48139-48170
#E5C6C2	48154.5	16	2381	48139-48171
#E5C6C2	48155	16.5	2381	48139-48171
#E5C6C2	48155.5	16	2381	48139-48171
#E5C6C2	48155	15.5	2381	48139-48171
#FBF6F5	48155	16.5	2382	48139-48172
#FBF6F5	48155.5	17	2382	48139-48172
#FBF6F5	48156	16.5	2382	48139-48172
#FBF6F5	48155.5	16	2382	48139-48172
#F1E0DD	48155.5	17	2383	48139-48173
#F1E0DD	48156	17.5	2383	48139-48173
#F1E0DD	48156.5	17	2383	48139-48173
#F1E0DD	48156	16.5	2383	48139-48173
#F0DDDB	48156	17.5	2384	48139-48174
#F0DDDB	48156.5	18	2384	48139-48174
#F0DDDB	48157	17.5	2384	48139-48174
#F0DDDB	48156.5	17	2384	48139-48174
#ECD5D2	48156.5	18	2385	48139-48175
#ECD5D2	48157	18.5	2385	48139-48175
#ECD5D2	48157.5	18	2385	48139-48175
#ECD5D2	48157	17.5	2385	48139-48175
#EBD3D0	48157	18.5	2386	48139-48176
#EBD3D0	48157.5	19	2386	48139-48176
#EBD3D0	48158	18.5	2386	48139-48176
#EBD3D0	48157.5	18	2386	48139-48176
#F6E9E8	48157.5	19	2387	48139-48177
#F6E9E8	48158	19.5	2387	48139-48177
#F6E9E8	48158.5	19	2387	48139-48177
#F6E9E8	48158	18.5	2387	48139-48177
#FBF5F5	48158	19.5	2388	48139-48178
#FBF5F5	48158.5	20	2388	48139-48178
#FBF5F5	48159	19.5	2388	48139-48178
#FBF5F5	48158.5	19	2388	48139-48178
#F0DEDC	48158.5	20	2389	48139-48179
#F0DEDC	48159	20.5	2389	48139-48179
#F0DEDC	48159.5	20	2389	48139-48179
#F0DEDC	48159	19.5	2389	48139-48179
#FAF4F3	48159	20.5	2390	48139-48180
#FAF4F3	48159.5	21	2390	48139-48180
#FAF4F3	48160	20.5	2390	48139-48180
#FAF4F3	48159.5	20	2390	48139-48180
#F0DDDA	48159.5	21	2391	48139-48181
#F0DDDA	48160	21.5	2391	48139-48181
#F0DDDA	48160.5	21	2391	48139-48181
#F0DDDA	48160	20.5	2391	48139-48181
#F5E8E6	48160	21.5	2392	48139-48182
#F5E8E6	48160.5	22	2392	48139-48182
#F5E8E6	48161	21.5	2392	48139-48182
#F5E8E6	48160.5	21	2392	48139-48182
#FCF7F7	48160.5	22	2393	48139-48183
#FCF7F7	48161	22.5	2393	48139-48183
#FCF7F7	48161.5	22	2393	48139-48183
#FCF7F7	48161	21.5	2393	48139-48183
#FFFEFF	48161	22.5	2394	48139-48184
#FFFEFF	48161.5	23	2394	48139-48184
#FFFEFF	48162	22.5	2394	48139-48184
#FFFEFF	48161.5	22	2394	48139-48184
#FCF8F8	48161.5	23	2395	48139-48185
#FCF8F8	48162	23.5	2395	48139-48185
#FCF8F8	48162.5	23	2395	48139-48185
#FCF8F8	48162	22.5	2395	48139-48185
#FBF5F4	48162	23.5	2396	48139-48186
#FBF5F4	48162.5	24	2396	48139-48186
#FBF5F4	48163	23.5	2396	48139-48186
#FBF5F4	48162.5	23	2396	48139-48186
#FBFBFD	48162.5	24	2397	48139-48187
#FBFBFD	48163	24.5	2397	48139-48187
#FBFBFD	48163.5	24	2397	48139-48187
#FBFBFD	48163	23.5	2397	48139-48187
#FCF9F9	48163	24.5	2398	48139-48188
#FCF9F9	48163.5	25	2398	48139-48188
#FCF9F9	48164	24.5	2398	48139-48188
#FCF9F9	48163.5	24	2398	48139-48188
#B57069	48139.5	0	2399	48140-48140
#B57069	48140	0.5	2399	48140-48140
#B57069	48140.5	0	2399	48140-48140
#B57069	48140	-0.5	2399	48140-48140
#E8CDCA	48140	0.5	2400	48140-48141
#E8CDCA	48140.5	1	2400	48140-48141
#E8CDCA	48141	0.5	2400	48140-48141
#E8CDCA	48140.5	0	2400	48140-48141
#DFBBB7	48140.5	1	2401	48140-48142
#DFBBB7	48141	1.5	2401	48140-48142
#DFBBB7	48141.5	1	2401	48140-48142
#DFBBB7	48141	0.5	2401	48140-48142
#FCF7F7	48141	1.5	2402	48140-48143
#FCF7F7	48141.5	2	2402	48140-48143
#FCF7F7	48142	1.5	2402	48140-48143
#FCF7F7	48141.5	1	2402	48140-48143
#EDD8D5	48141.5	2	2403	48140-48144
#EDD8D5	48142	2.5	2403	48140-48144
#EDD8D5	48142.5	2	2403	48140-48144
#EDD8D5	48142	1.5	2403	48140-48144
#F0DDDA	48142	2.5	2404	48140-48145
#F0DDDA	48142.5	3	2404	48140-48145
#F0DDDA	48143	2.5	2404	48140-48145
#F0DDDA	48142.5	2	2404	48140-48145
#E9CFCC	48142.5	3	2405	48140-48146
#E9CFCC	48143	3.5	2405	48140-48146
#E9CFCC	48143.5	3	2405	48140-48146
#E9CFCC	48143	2.5	2405	48140-48146
#ECD4D1	48143	3.5	2406	48140-48147
#ECD4D1	48143.5	4	2406	48140-48147
#ECD4D1	48144	3.5	2406	48140-48147
#ECD4D1	48143.5	3	2406	48140-48147
#E4C4C0	48143.5	4	2407	48140-48148
#E4C4C0	48144	4.5	2407	48140-48148
#E4C4C0	48144.5	4	2407	48140-48148
#E4C4C0	48144	3.5	2407	48140-48148
#F6EBEA	48144	4.5	2408	48140-48149
#F6EBEA	48144.5	5	2408	48140-48149
#F6EBEA	48145	4.5	2408	48140-48149
#F6EBEA	48144.5	4	2408	48140-48149
#F4E6E4	48144.5	5	2409	48140-48150
#F4E6E4	48145	5.5	2409	48140-48150
#F4E6E4	48145.5	5	2409	48140-48150
#F4E6E4	48145	4.5	2409	48140-48150
#F7ECEB	48145	5.5	2410	48140-48151
#F7ECEB	48145.5	6	2410	48140-48151
#F7ECEB	48146	5.5	2410	48140-48151
#F7ECEB	48145.5	5	2410	48140-48151
#FDF9F9	48145.5	6	2411	48140-48152
#FDF9F9	48146	6.5	2411	48140-48152
#FDF9F9	48146.5	6	2411	48140-48152
#FDF9F9	48146	5.5	2411	48140-48152
#FBF5F4	48146	6.5	2412	48140-48153
#FBF5F4	48146.5	7	2412	48140-48153
#FBF5F4	48147	6.5	2412	48140-48153
#FBF5F4	48146.5	6	2412	48140-48153
#FEFCFC	48146.5	7	2413	48140-48154
#FEFCFC	48147	7.5	2413	48140-48154
#FEFCFC	48147.5	7	2413	48140-48154
#FEFCFC	48147	6.5	2413	48140-48154
#FBF6F5	48147	7.5	2414	48140-48155
#FBF6F5	48147.5	8	2414	48140-48155
#FBF6F5	48148	7.5	2414	48140-48155
#FBF6F5	48147.5	7	2414	48140-48155
#FDFBFB	48147.5	8	2415	48140-48156
#FDFBFB	48148	8.5	2415	48140-48156
#FDFBFB	48148.5	8	2415	48140-48156
#FDFBFB	48148	7.5	2415	48140-48156
#FAF2F2	48148	8.5	2416	48140-48157
#FAF2F2	48148.5	9	2416	48140-48157
#FAF2F2	48149	8.5	2416	48140-48157
#FAF2F2	48148.5	8	2416	48140-48157
#F5E7E6	48148.5	9	2417	48140-48158
#F5E7E6	48149	9.5	2417	48140-48158
#F5E7E6	48149.5	9	2417	48140-48158
#F5E7E6	48149	8.5	2417	48140-48158
#E9CECB	48149	9.5	2418	48140-48159
#E9CECB	48149.5	10	2418	48140-48159
#E9CECB	48150	9.5	2418	48140-48159
#E9CECB	48149.5	9	2418	48140-48159
#EEDAD7	48149.5	10	2419	48140-48160
#EEDAD7	48150	10.5	2419	48140-48160
#EEDAD7	48150.5	10	2419	48140-48160
#EEDAD7	48150	9.5	2419	48140-48160
#FEFCFC	48150	10.5	2420	48140-48161
#FEFCFC	48150.5	11	2420	48140-48161
#FEFCFC	48151	10.5	2420	48140-48161
#FEFCFC	48150.5	10	2420	48140-48161
#F4E6E4	48150.5	11	2421	48140-48162
#F4E6E4	48151	11.5	2421	48140-48162
#F4E6E4	48151.5	11	2421	48140-48162
#F4E6E4	48151	10.5	2421	48140-48162
#F3E4E2	48151	11.5	2422	48140-48163
#F3E4E2	48151.5	12	2422	48140-48163
#F3E4E2	48152	11.5	2422	48140-48163
#F3E4E2	48151.5	11	2422	48140-48163
#F7EDEC	48151.5	12	2423	48140-48164
#F7EDEC	48152	12.5	2423	48140-48164
#F7EDEC	48152.5	12	2423	48140-48164
#F7EDEC	48152	11.5	2423	48140-48164
#F0DEDB	48152	12.5	2424	48140-48165
#F0DEDB	48152.5	13	2424	48140-48165
#F0DEDB	48153	12.5	2424	48140-48165
#F0DEDB	48152.5	12	2424	48140-48165
#FFFEFE	48152.5	13	2425	48140-48166
#FFFEFE	48153	13.5	2425	48140-48166
#FFFEFE	48153.5	13	2425	48140-48166
#FFFEFE	48153	12.5	2425	48140-48166
#F8F0EF	48153	13.5	2426	48140-48167
#F8F0EF	48153.5	14	2426	48140-48167
#F8F0EF	48154	13.5	2426	48140-48167
#F8F0EF	48153.5	13	2426	48140-48167
#E7CBC7	48153.5	14	2427	48140-48168
#E7CBC7	48154	14.5	2427	48140-48168
#E7CBC7	48154.5	14	2427	48140-48168
#E7CBC7	48154	13.5	2427	48140-48168
#F0DDDA	48154	14.5	2428	48140-48169
#F0DDDA	48154.5	15	2428	48140-48169
#F0DDDA	48155	14.5	2428	48140-48169
#F0DDDA	48154.5	14	2428	48140-48169
#E7CBC7	48154.5	15	2429	48140-48170
#E7CBC7	48155	15.5	2429	48140-48170
#E7CBC7	48155.5	15	2429	48140-48170
#E7CBC7	48155	14.5	2429	48140-48170
#E0BDB8	48155	15.5	2430	48140-48171
#E0BDB8	48155.5	16	2430	48140-48171
#E0BDB8	48156	15.5	2430	48140-48171
#E0BDB8	48155.5	15	2430	48140-48171
#E4C4C0	48155.5	16	2431	48140-48172
#E4C4C0	48156	16.5	2431	48140-48172
#E4C4C0	48156.5	16	2431	48140-48172
#E4C4C0	48156	15.5	2431	48140-48172
#F1DFDC	48156	16.5	2432	48140-48173
#F1DFDC	48156.5	17	2432	48140-48173
#F1DFDC	48157	16.5	2432	48140-48173
#F1DFDC	48156.5	16	2432	48140-48173
#E7CBC7	48156.5	17	2433	48140-48174
#E7CBC7	48157	17.5	2433	48140-48174
#E7CBC7	48157.5	17	2433	48140-48174
#E7CBC7	48157	16.5	2433	48140-48174
#ECD6D3	48157	17.5	2434	48140-48175
#ECD6D3	48157.5	18	2434	48140-48175
#ECD6D3	48158	17.5	2434	48140-48175
#ECD6D3	48157.5	17	2434	48140-48175
#EDD7D4	48157.5	18	2435	48140-48176
#EDD7D4	48158	18.5	2435	48140-48176
#EDD7D4	48158.5	18	2435	48140-48176
#EDD7D4	48158	17.5	2435	48140-48176
#F1E0DE	48158	18.5	2436	48140-48177
#F1E0DE	48158.5	19	2436	48140-48177
#F1E0DE	48159	18.5	2436	48140-48177
#F1E0DE	48158.5	18	2436	48140-48177
#F7ECEB	48158.5	19	2437	48140-48178
#F7ECEB	48159	19.5	2437	48140-48178
#F7ECEB	48159.5	19	2437	48140-48178
#F7ECEB	48159	18.5	2437	48140-48178
#F2E1DF	48159	19.5	2438	48140-48179
#F2E1DF	48159.5	20	2438	48140-48179
#F2E1DF	48160	19.5	2438	48140-48179
#F2E1DF	48159.5	19	2438	48140-48179
#D8ADA8	48159.5	20	2439	48140-48180
#D8ADA8	48160	20.5	2439	48140-48180
#D8ADA8	48160.5	20	2439	48140-48180
#D8ADA8	48160	19.5	2439	48140-48180
#EFDBD9	48160	20.5	2440	48140-48181
#EFDBD9	48160.5	21	2440	48140-48181
#EFDBD9	48161	20.5	2440	48140-48181
#EFDBD9	48160.5	20	2440	48140-48181
#F1E1DE	48160.5	21	2441	48140-48182
#F1E1DE	48161	21.5	2441	48140-48182
#F1E1DE	48161.5	21	2441	48140-48182
#F1E1DE	48161	20.5	2441	48140-48182
#FAF3F3	48161	21.5	2442	48140-48183
#FAF3F3	48161.5	22	2442	48140-48183
#FAF3F3	48162	21.5	2442	48140-48183
#FAF3F3	48161.5	21	2442	48140-48183
#FFFFFF	48161.5	22	2443	48140-48184
#FFFFFF	48162	22.5	2443	48140-48184
#FFFFFF	48162.5	22	2443	48140-48184
#FFFFFF	48162	21.5	2443	48140-48184
#FFFEFE	48162	22.5	2444	48140-48185
#FFFEFE	48162.5	23	2444	48140-48185
#FFFEFE	48163	22.5	2444	48140-48185
#FFFEFE	48162.5	22	2444	48140-48185
#FCF8F8	48162.5	23	2445	48140-48186
#FCF8F8	48163	23.5	2445	48140-48186
#FCF8F8	48163.5	23	2445	48140-48186
#FCF8F8	48163	22.5	2445	48140-48186
#FFFFFF	48163	23.5	2446	48140-48187
#FFFFFF	48163.5	24	2446	48140-48187
#FFFFFF	48164	23.5	2446	48140-48187
#FFFFFF	48163.5	23	2446	48140-48187
#FBF5F4	48163.5	24	2447	48140-48188
#FBF5F4	48164	24.5	2447	48140-48188
#FBF5F4	48164.5	24	2447	48140-48188
#FBF5F4	48164	23.5	2447	48140-48188
#FDFAF9	48164	24.5	2448	48140-48189
#FDFAF9	48164.5	25	2448	48140-48189
#FDFAF9	48165	24.5	2448	48140-48189
#FDFAF9	48164.5	24	2448	48140-48189
#C48982	48140.5	0	2449	48141-48141
#C48982	48141	0.5	2449	48141-48141
#C48982	48141.5	0	2449	48141-48141
#C48982	48141	-0.5	2449	48141-48141
#CC9892	48141	0.5	2450	48141-48142
#CC9892	48141.5	1	2450	48141-48142
#CC9892	48142	0.5	2450	48141-48142
#CC9892	48141.5	0	2450	48141-48142
#F5E8E6	48141.5	1	2451	48141-48143
#F5E8E6	48142	1.5	2451	48141-48143
#F5E8E6	48142.5	1	2451	48141-48143
#F5E8E6	48142	0.5	2451	48141-48143
#ECD5D2	48142	1.5	2452	48141-48144
#ECD5D2	48142.5	2	2452	48141-48144
#ECD5D2	48143	1.5	2452	48141-48144
#ECD5D2	48142.5	1	2452	48141-48144
#E6C8C5	48142.5	2	2453	48141-48145
#E6C8C5	48143	2.5	2453	48141-48145
#E6C8C5	48143.5	2	2453	48141-48145
#E6C8C5	48143	1.5	2453	48141-48145
#D3A39D	48143	2.5	2454	48141-48146
#D3A39D	48143.5	3	2454	48141-48146
#D3A39D	48144	2.5	2454	48141-48146
#D3A39D	48143.5	2	2454	48141-48146
#DAB0AB	48143.5	3	2455	48141-48147
#DAB0AB	48144	3.5	2455	48141-48147
#DAB0AB	48144.5	3	2455	48141-48147
#DAB0AB	48144	2.5	2455	48141-48147
#DFBAB5	48144	3.5	2456	48141-48148
#DFBAB5	48144.5	4	2456	48141-48148
#DFBAB5	48145	3.5	2456	48141-48148
#DFBAB5	48144.5	3	2456	48141-48148
#EFDCD9	48144.5	4	2457	48141-48149
#EFDCD9	48145	4.5	2457	48141-48149
#EFDCD9	48145.5	4	2457	48141-48149
#EFDCD9	48145	3.5	2457	48141-48149
#EAD1CE	48145	4.5	2458	48141-48150
#EAD1CE	48145.5	5	2458	48141-48150
#EAD1CE	48146	4.5	2458	48141-48150
#EAD1CE	48145.5	4	2458	48141-48150
#E6C9C5	48145.5	5	2459	48141-48151
#E6C9C5	48146	5.5	2459	48141-48151
#E6C9C5	48146.5	5	2459	48141-48151
#E6C9C5	48146	4.5	2459	48141-48151
#ECD4D1	48146	5.5	2460	48141-48152
#ECD4D1	48146.5	6	2460	48141-48152
#ECD4D1	48147	5.5	2460	48141-48152
#ECD4D1	48146.5	5	2460	48141-48152
#FAF4F3	48146.5	6	2461	48141-48153
#FAF4F3	48147	6.5	2461	48141-48153
#FAF4F3	48147.5	6	2461	48141-48153
#FAF4F3	48147	5.5	2461	48141-48153
#F5E8E7	48147	6.5	2462	48141-48154
#F5E8E7	48147.5	7	2462	48141-48154
#F5E8E7	48148	6.5	2462	48141-48154
#F5E8E7	48147.5	6	2462	48141-48154
#ECD5D2	48147.5	7	2463	48141-48155
#ECD5D2	48148	7.5	2463	48141-48155
#ECD5D2	48148.5	7	2463	48141-48155
#ECD5D2	48148	6.5	2463	48141-48155
#F3E3E1	48148	7.5	2464	48141-48156
#F3E3E1	48148.5	8	2464	48141-48156
#F3E3E1	48149	7.5	2464	48141-48156
#F3E3E1	48148.5	7	2464	48141-48156
#F6EAE9	48148.5	8	2465	48141-48157
#F6EAE9	48149	8.5	2465	48141-48157
#F6EAE9	48149.5	8	2465	48141-48157
#F6EAE9	48149	7.5	2465	48141-48157
#F6EBE9	48149	8.5	2466	48141-48158
#F6EBE9	48149.5	9	2466	48141-48158
#F6EBE9	48150	8.5	2466	48141-48158
#F6EBE9	48149.5	8	2466	48141-48158
#EBD2CF	48149.5	9	2467	48141-48159
#EBD2CF	48150	9.5	2467	48141-48159
#EBD2CF	48150.5	9	2467	48141-48159
#EBD2CF	48150	8.5	2467	48141-48159
#ECD4D1	48150	9.5	2468	48141-48160
#ECD4D1	48150.5	10	2468	48141-48160
#ECD4D1	48151	9.5	2468	48141-48160
#ECD4D1	48150.5	9	2468	48141-48160
#F3E5E3	48150.5	10	2469	48141-48161
#F3E5E3	48151	10.5	2469	48141-48161
#F3E5E3	48151.5	10	2469	48141-48161
#F3E5E3	48151	9.5	2469	48141-48161
#F5E9E7	48151	10.5	2470	48141-48162
#F5E9E7	48151.5	11	2470	48141-48162
#F5E9E7	48152	10.5	2470	48141-48162
#F5E9E7	48151.5	10	2470	48141-48162
#FAF4F4	48151.5	11	2471	48141-48163
#FAF4F4	48152	11.5	2471	48141-48163
#FAF4F4	48152.5	11	2471	48141-48163
#FAF4F4	48152	10.5	2471	48141-48163
#EAD1CE	48152	11.5	2472	48141-48164
#EAD1CE	48152.5	12	2472	48141-48164
#EAD1CE	48153	11.5	2472	48141-48164
#EAD1CE	48152.5	11	2472	48141-48164
#EFDBD8	48152.5	12	2473	48141-48165
#EFDBD8	48153	12.5	2473	48141-48165
#EFDBD8	48153.5	12	2473	48141-48165
#EFDBD8	48153	11.5	2473	48141-48165
#FFFFFF	48153	12.5	2474	48141-48166
#FFFFFF	48153.5	13	2474	48141-48166
#FFFFFF	48154	12.5	2474	48141-48166
#FFFFFF	48153.5	12	2474	48141-48166
#ECD5D2	48153.5	13	2475	48141-48167
#ECD5D2	48154	13.5	2475	48141-48167
#ECD5D2	48154.5	13	2475	48141-48167
#ECD5D2	48154	12.5	2475	48141-48167
#EFDCD9	48154	13.5	2476	48141-48168
#EFDCD9	48154.5	14	2476	48141-48168
#EFDCD9	48155	13.5	2476	48141-48168
#EFDCD9	48154.5	13	2476	48141-48168
#E5C7C3	48154.5	14	2477	48141-48169
#E5C7C3	48155	14.5	2477	48141-48169
#E5C7C3	48155.5	14	2477	48141-48169
#E5C7C3	48155	13.5	2477	48141-48169
#EBD3D0	48155	14.5	2478	48141-48170
#EBD3D0	48155.5	15	2478	48141-48170
#EBD3D0	48156	14.5	2478	48141-48170
#EBD3D0	48155.5	14	2478	48141-48170
#EBD2CF	48155.5	15	2479	48141-48171
#EBD2CF	48156	15.5	2479	48141-48171
#EBD2CF	48156.5	15	2479	48141-48171
#EBD2CF	48156	14.5	2479	48141-48171
#F1DFDD	48156	15.5	2480	48141-48172
#F1DFDD	48156.5	16	2480	48141-48172
#F1DFDD	48157	15.5	2480	48141-48172
#F1DFDD	48156.5	15	2480	48141-48172
#F2E2E0	48156.5	16	2481	48141-48173
#F2E2E0	48157	16.5	2481	48141-48173
#F2E2E0	48157.5	16	2481	48141-48173
#F2E2E0	48157	15.5	2481	48141-48173
#E1BEBA	48157	16.5	2482	48141-48174
#E1BEBA	48157.5	17	2482	48141-48174
#E1BEBA	48158	16.5	2482	48141-48174
#E1BEBA	48157.5	16	2482	48141-48174
#F1DFDD	48157.5	17	2483	48141-48175
#F1DFDD	48158	17.5	2483	48141-48175
#F1DFDD	48158.5	17	2483	48141-48175
#F1DFDD	48158	16.5	2483	48141-48175
#EED9D6	48158	17.5	2484	48141-48176
#EED9D6	48158.5	18	2484	48141-48176
#EED9D6	48159	17.5	2484	48141-48176
#EED9D6	48158.5	17	2484	48141-48176
#EAD0CD	48158.5	18	2485	48141-48177
#EAD0CD	48159	18.5	2485	48141-48177
#EAD0CD	48159.5	18	2485	48141-48177
#EAD0CD	48159	17.5	2485	48141-48177
#E7CAC6	48159	18.5	2486	48141-48178
#E7CAC6	48159.5	19	2486	48141-48178
#E7CAC6	48160	18.5	2486	48141-48178
#E7CAC6	48159.5	18	2486	48141-48178
#EAD2CF	48159.5	19	2487	48141-48179
#EAD2CF	48160	19.5	2487	48141-48179
#EAD2CF	48160.5	19	2487	48141-48179
#EAD2CF	48160	18.5	2487	48141-48179
#E5C6C2	48160	19.5	2488	48141-48180
#E5C6C2	48160.5	20	2488	48141-48180
#E5C6C2	48161	19.5	2488	48141-48180
#E5C6C2	48160.5	19	2488	48141-48180
#E3C2BE	48160.5	20	2489	48141-48181
#E3C2BE	48161	20.5	2489	48141-48181
#E3C2BE	48161.5	20	2489	48141-48181
#E3C2BE	48161	19.5	2489	48141-48181
#F2E3E0	48161	20.5	2490	48141-48182
#F2E3E0	48161.5	21	2490	48141-48182
#F2E3E0	48162	20.5	2490	48141-48182
#F2E3E0	48161.5	20	2490	48141-48182
#FAF3F2	48161.5	21	2491	48141-48183
#FAF3F2	48162	21.5	2491	48141-48183
#FAF3F2	48162.5	21	2491	48141-48183
#FAF3F2	48162	20.5	2491	48141-48183
#FDFAFA	48162	21.5	2492	48141-48184
#FDFAFA	48162.5	22	2492	48141-48184
#FDFAFA	48163	21.5	2492	48141-48184
#FDFAFA	48162.5	21	2492	48141-48184
#FAF3F3	48162.5	22	2493	48141-48185
#FAF3F3	48163	22.5	2493	48141-48185
#FAF3F3	48163.5	22	2493	48141-48185
#FAF3F3	48163	21.5	2493	48141-48185
#F7EEEC	48163	22.5	2494	48141-48186
#F7EEEC	48163.5	23	2494	48141-48186
#F7EEEC	48164	22.5	2494	48141-48186
#F7EEEC	48163.5	22	2494	48141-48186
#FEFCFC	48163.5	23	2495	48141-48187
#FEFCFC	48164	23.5	2495	48141-48187
#FEFCFC	48164.5	23	2495	48141-48187
#FEFCFC	48164	22.5	2495	48141-48187
#F7EDEC	48164	23.5	2496	48141-48188
#F7EDEC	48164.5	24	2496	48141-48188
#F7EDEC	48165	23.5	2496	48141-48188
#F7EDEC	48164.5	23	2496	48141-48188
#FAF2F1	48164.5	24	2497	48141-48189
#FAF2F1	48165	24.5	2497	48141-48189
#FAF2F1	48165.5	24	2497	48141-48189
#FAF2F1	48165	23.5	2497	48141-48189
#BA7972	48141.5	0	2498	48142-48142
#BA7972	48142	0.5	2498	48142-48142
#BA7972	48142.5	0	2498	48142-48142
#BA7972	48142	-0.5	2498	48142-48142
#E0BEB9	48142	0.5	2499	48142-48143
#E0BEB9	48142.5	1	2499	48142-48143
#E0BEB9	48143	0.5	2499	48142-48143
#E0BEB9	48142.5	0	2499	48142-48143
#D4A7A1	48142.5	1	2500	48142-48144
#D4A7A1	48143	1.5	2500	48142-48144
#D4A7A1	48143.5	1	2500	48142-48144
#D4A7A1	48143	0.5	2500	48142-48144
#DDB7B2	48143	1.5	2501	48142-48145
#DDB7B2	48143.5	2	2501	48142-48145
#DDB7B2	48144	1.5	2501	48142-48145
#DDB7B2	48143.5	1	2501	48142-48145
#C68D87	48143.5	2	2502	48142-48146
#C68D87	48144	2.5	2502	48142-48146
#C68D87	48144.5	2	2502	48142-48146
#C68D87	48144	1.5	2502	48142-48146
#C48A83	48144	2.5	2503	48142-48147
#C48A83	48144.5	3	2503	48142-48147
#C48A83	48145	2.5	2503	48142-48147
#C48A83	48144.5	2	2503	48142-48147
#CB9690	48144.5	3	2504	48142-48148
#CB9690	48145	3.5	2504	48142-48148
#CB9690	48145.5	3	2504	48142-48148
#CB9690	48145	2.5	2504	48142-48148
#EED9D6	48145	3.5	2505	48142-48149
#EED9D6	48145.5	4	2505	48142-48149
#EED9D6	48146	3.5	2505	48142-48149
#EED9D6	48145.5	3	2505	48142-48149
#EDD8D5	48145.5	4	2506	48142-48150
#EDD8D5	48146	4.5	2506	48142-48150
#EDD8D5	48146.5	4	2506	48142-48150
#EDD8D5	48146	3.5	2506	48142-48150
#F7ECEA	48146	4.5	2507	48142-48151
#F7ECEA	48146.5	5	2507	48142-48151
#F7ECEA	48147	4.5	2507	48142-48151
#F7ECEA	48146.5	4	2507	48142-48151
#F3E3E1	48146.5	5	2508	48142-48152
#F3E3E1	48147	5.5	2508	48142-48152
#F3E3E1	48147.5	5	2508	48142-48152
#F3E3E1	48147	4.5	2508	48142-48152
#FCF8F8	48147	5.5	2509	48142-48153
#FCF8F8	48147.5	6	2509	48142-48153
#FCF8F8	48148	5.5	2509	48142-48153
#FCF8F8	48147.5	5	2509	48142-48153
#F8EFED	48147.5	6	2510	48142-48154
#F8EFED	48148	6.5	2510	48142-48154
#F8EFED	48148.5	6	2510	48142-48154
#F8EFED	48148	5.5	2510	48142-48154
#F8EEED	48148	6.5	2511	48142-48155
#F8EEED	48148.5	7	2511	48142-48155
#F8EEED	48149	6.5	2511	48142-48155
#F8EEED	48148.5	6	2511	48142-48155
#F2E2E0	48148.5	7	2512	48142-48156
#F2E2E0	48149	7.5	2512	48142-48156
#F2E2E0	48149.5	7	2512	48142-48156
#F2E2E0	48149	6.5	2512	48142-48156
#FAF3F2	48149	7.5	2513	48142-48157
#FAF3F2	48149.5	8	2513	48142-48157
#FAF3F2	48150	7.5	2513	48142-48157
#FAF3F2	48149.5	7	2513	48142-48157
#FCF8F8	48149.5	8	2514	48142-48158
#FCF8F8	48150	8.5	2514	48142-48158
#FCF8F8	48150.5	8	2514	48142-48158
#FCF8F8	48150	7.5	2514	48142-48158
#E0BEB9	48150	8.5	2515	48142-48159
#E0BEB9	48150.5	9	2515	48142-48159
#E0BEB9	48151	8.5	2515	48142-48159
#E0BEB9	48150.5	8	2515	48142-48159
#E8CDCA	48150.5	9	2516	48142-48160
#E8CDCA	48151	9.5	2516	48142-48160
#E8CDCA	48151.5	9	2516	48142-48160
#E8CDCA	48151	8.5	2516	48142-48160
#F4E6E4	48151	9.5	2517	48142-48161
#F4E6E4	48151.5	10	2517	48142-48161
#F4E6E4	48152	9.5	2517	48142-48161
#F4E6E4	48151.5	9	2517	48142-48161
#F4E6E4	48151.5	10	2518	48142-48162
#F4E6E4	48152	10.5	2518	48142-48162
#F4E6E4	48152.5	10	2518	48142-48162
#F4E6E4	48152	9.5	2518	48142-48162
#F8EFED	48152	10.5	2519	48142-48163
#F8EFED	48152.5	11	2519	48142-48163
#F8EFED	48153	10.5	2519	48142-48163
#F8EFED	48152.5	10	2519	48142-48163
#ECD6D3	48152.5	11	2520	48142-48164
#ECD6D3	48153	11.5	2520	48142-48164
#ECD6D3	48153.5	11	2520	48142-48164
#ECD6D3	48153	10.5	2520	48142-48164
#ECD6D3	48153	11.5	2521	48142-48165
#ECD6D3	48153.5	12	2521	48142-48165
#ECD6D3	48154	11.5	2521	48142-48165
#ECD6D3	48153.5	11	2521	48142-48165
#FFFFFF	48153.5	12	2522	48142-48166
#FFFFFF	48154	12.5	2522	48142-48166
#FFFFFF	48154.5	12	2522	48142-48166
#FFFFFF	48154	11.5	2522	48142-48166
#F7ECEB	48154	12.5	2523	48142-48167
#F7ECEB	48154.5	13	2523	48142-48167
#F7ECEB	48155	12.5	2523	48142-48167
#F7ECEB	48154.5	12	2523	48142-48167
#F2E2E0	48154.5	13	2524	48142-48168
#F2E2E0	48155	13.5	2524	48142-48168
#F2E2E0	48155.5	13	2524	48142-48168
#F2E2E0	48155	12.5	2524	48142-48168
#E7CAC7	48155	13.5	2525	48142-48169
#E7CAC7	48155.5	14	2525	48142-48169
#E7CAC7	48156	13.5	2525	48142-48169
#E7CAC7	48155.5	13	2525	48142-48169
#F6EBE9	48155.5	14	2526	48142-48170
#F6EBE9	48156	14.5	2526	48142-48170
#F6EBE9	48156.5	14	2526	48142-48170
#F6EBE9	48156	13.5	2526	48142-48170
#DDB7B2	48156	14.5	2527	48142-48171
#DDB7B2	48156.5	15	2527	48142-48171
#DDB7B2	48157	14.5	2527	48142-48171
#DDB7B2	48156.5	14	2527	48142-48171
#E8CCC8	48156.5	15	2528	48142-48172
#E8CCC8	48157	15.5	2528	48142-48172
#E8CCC8	48157.5	15	2528	48142-48172
#E8CCC8	48157	14.5	2528	48142-48172
#E9CFCC	48157	15.5	2529	48142-48173
#E9CFCC	48157.5	16	2529	48142-48173
#E9CFCC	48158	15.5	2529	48142-48173
#E9CFCC	48157.5	15	2529	48142-48173
#ECD4D1	48157.5	16	2530	48142-48174
#ECD4D1	48158	16.5	2530	48142-48174
#ECD4D1	48158.5	16	2530	48142-48174
#ECD4D1	48158	15.5	2530	48142-48174
#F1DFDC	48158	16.5	2531	48142-48175
#F1DFDC	48158.5	17	2531	48142-48175
#F1DFDC	48159	16.5	2531	48142-48175
#F1DFDC	48158.5	16	2531	48142-48175
#F9F1EF	48158.5	17	2532	48142-48176
#F9F1EF	48159	17.5	2532	48142-48176
#F9F1EF	48159.5	17	2532	48142-48176
#F9F1EF	48159	16.5	2532	48142-48176
#F1E0DE	48159	17.5	2533	48142-48177
#F1E0DE	48159.5	18	2533	48142-48177
#F1E0DE	48160	17.5	2533	48142-48177
#F1E0DE	48159.5	17	2533	48142-48177
#EEDAD7	48159.5	18	2534	48142-48178
#EEDAD7	48160	18.5	2534	48142-48178
#EEDAD7	48160.5	18	2534	48142-48178
#EEDAD7	48160	17.5	2534	48142-48178
#F8EEED	48160	18.5	2535	48142-48179
#F8EEED	48160.5	19	2535	48142-48179
#F8EEED	48161	18.5	2535	48142-48179
#F8EEED	48160.5	18	2535	48142-48179
#F1DFDD	48160.5	19	2536	48142-48180
#F1DFDD	48161	19.5	2536	48142-48180
#F1DFDD	48161.5	19	2536	48142-48180
#F1DFDD	48161	18.5	2536	48142-48180
#F2E2E0	48161	19.5	2537	48142-48181
#F2E2E0	48161.5	20	2537	48142-48181
#F2E2E0	48162	19.5	2537	48142-48181
#F2E2E0	48161.5	19	2537	48142-48181
#F6EBE9	48161.5	20	2538	48142-48182
#F6EBE9	48162	20.5	2538	48142-48182
#F6EBE9	48162.5	20	2538	48142-48182
#F6EBE9	48162	19.5	2538	48142-48182
#F6EBEA	48162	20.5	2539	48142-48183
#F6EBEA	48162.5	21	2539	48142-48183
#F6EBEA	48163	20.5	2539	48142-48183
#F6EBEA	48162.5	20	2539	48142-48183
#FAF3F2	48162.5	21	2540	48142-48184
#FAF3F2	48163	21.5	2540	48142-48184
#FAF3F2	48163.5	21	2540	48142-48184
#FAF3F2	48163	20.5	2540	48142-48184
#FEFEFE	48163	21.5	2541	48142-48185
#FEFEFE	48163.5	22	2541	48142-48185
#FEFEFE	48164	21.5	2541	48142-48185
#FEFEFE	48163.5	21	2541	48142-48185
#FCF9F8	48163.5	22	2542	48142-48186
#FCF9F8	48164	22.5	2542	48142-48186
#FCF9F8	48164.5	22	2542	48142-48186
#FCF9F8	48164	21.5	2542	48142-48186
#FFFEFE	48164	22.5	2543	48142-48187
#FFFEFE	48164.5	23	2543	48142-48187
#FFFEFE	48165	22.5	2543	48142-48187
#FFFEFE	48164.5	22	2543	48142-48187
#FCF9F8	48164.5	23	2544	48142-48188
#FCF9F8	48165	23.5	2544	48142-48188
#FCF9F8	48165.5	23	2544	48142-48188
#FCF9F8	48165	22.5	2544	48142-48188
#FAF4F4	48165	23.5	2545	48142-48189
#FAF4F4	48165.5	24	2545	48142-48189
#FAF4F4	48166	23.5	2545	48142-48189
#FAF4F4	48165.5	23	2545	48142-48189
#FBFAFD	48165.5	24	2546	48142-48190
#FBFAFD	48166	24.5	2546	48142-48190
#FBFAFD	48166.5	24	2546	48142-48190
#FBFAFD	48166	23.5	2546	48142-48190
#FEFCFB	48166	24.5	2547	48142-48191
#FEFCFB	48166.5	25	2547	48142-48191
#FEFCFB	48167	24.5	2547	48142-48191
#FEFCFB	48166.5	24	2547	48142-48191
#C68D87	48142.5	0	2548	48143-48143
#C68D87	48143	0.5	2548	48143-48143
#C68D87	48143.5	0	2548	48143-48143
#C68D87	48143	-0.5	2548	48143-48143
#E8CCC9	48143	0.5	2549	48143-48144
#E8CCC9	48143.5	1	2549	48143-48144
#E8CCC9	48144	0.5	2549	48143-48144
#E8CCC9	48143.5	0	2549	48143-48144
#EFDBD9	48143.5	1	2550	48143-48145
#EFDBD9	48144	1.5	2550	48143-48145
#EFDBD9	48144.5	1	2550	48143-48145
#EFDBD9	48144	0.5	2550	48143-48145
#BD7D76	48144	1.5	2551	48143-48146
#BD7D76	48144.5	2	2551	48143-48146
#BD7D76	48145	1.5	2551	48143-48146
#BD7D76	48144.5	1	2551	48143-48146
#BF827B	48144.5	2	2552	48143-48147
#BF827B	48145	2.5	2552	48143-48147
#BF827B	48145.5	2	2552	48143-48147
#BF827B	48145	1.5	2552	48143-48147
#D8ADA8	48145	2.5	2553	48143-48148
#D8ADA8	48145.5	3	2553	48143-48148
#D8ADA8	48146	2.5	2553	48143-48148
#D8ADA8	48145.5	2	2553	48143-48148
#DDB6B2	48145.5	3	2554	48143-48149
#DDB6B2	48146	3.5	2554	48143-48149
#DDB6B2	48146.5	3	2554	48143-48149
#DDB6B2	48146	2.5	2554	48143-48149
#EAD2CE	48146	3.5	2555	48143-48150
#EAD2CE	48146.5	4	2555	48143-48150
#EAD2CE	48147	3.5	2555	48143-48150
#EAD2CE	48146.5	3	2555	48143-48150
#F2E2DF	48146.5	4	2556	48143-48151
#F2E2DF	48147	4.5	2556	48143-48151
#F2E2DF	48147.5	4	2556	48143-48151
#F2E2DF	48147	3.5	2556	48143-48151
#F8EFEE	48147	4.5	2557	48143-48152
#F8EFEE	48147.5	5	2557	48143-48152
#F8EFEE	48148	4.5	2557	48143-48152
#F8EFEE	48147.5	4	2557	48143-48152
#F7EDEB	48147.5	5	2558	48143-48153
#F7EDEB	48148	5.5	2558	48143-48153
#F7EDEB	48148.5	5	2558	48143-48153
#F7EDEB	48148	4.5	2558	48143-48153
#F4E7E5	48148	5.5	2559	48143-48154
#F4E7E5	48148.5	6	2559	48143-48154
#F4E7E5	48149	5.5	2559	48143-48154
#F4E7E5	48148.5	5	2559	48143-48154
#FEFCFC	48148.5	6	2560	48143-48155
#FEFCFC	48149	6.5	2560	48143-48155
#FEFCFC	48149.5	6	2560	48143-48155
#FEFCFC	48149	5.5	2560	48143-48155
#F9F2F1	48149	6.5	2561	48143-48156
#F9F2F1	48149.5	7	2561	48143-48156
#F9F2F1	48150	6.5	2561	48143-48156
#F9F2F1	48149.5	6	2561	48143-48156
#F7EDEC	48149.5	7	2562	48143-48157
#F7EDEC	48150	7.5	2562	48143-48157
#F7EDEC	48150.5	7	2562	48143-48157
#F7EDEC	48150	6.5	2562	48143-48157
#FBF6F5	48150	7.5	2563	48143-48158
#FBF6F5	48150.5	8	2563	48143-48158
#FBF6F5	48151	7.5	2563	48143-48158
#FBF6F5	48150.5	7	2563	48143-48158
#EBD2CF	48150.5	8	2564	48143-48159
#EBD2CF	48151	8.5	2564	48143-48159
#EBD2CF	48151.5	8	2564	48143-48159
#EBD2CF	48151	7.5	2564	48143-48159
#E7CBC7	48151	8.5	2565	48143-48160
#E7CBC7	48151.5	9	2565	48143-48160
#E7CBC7	48152	8.5	2565	48143-48160
#E7CBC7	48151.5	8	2565	48143-48160
#F2E1DE	48151.5	9	2566	48143-48161
#F2E1DE	48152	9.5	2566	48143-48161
#F2E1DE	48152.5	9	2566	48143-48161
#F2E1DE	48152	8.5	2566	48143-48161
#EAD1CE	48152	9.5	2567	48143-48162
#EAD1CE	48152.5	10	2567	48143-48162
#EAD1CE	48153	9.5	2567	48143-48162
#EAD1CE	48152.5	9	2567	48143-48162
#EED9D6	48152.5	10	2568	48143-48163
#EED9D6	48153	10.5	2568	48143-48163
#EED9D6	48153.5	10	2568	48143-48163
#EED9D6	48153	9.5	2568	48143-48163
#F0DEDB	48153	10.5	2569	48143-48164
#F0DEDB	48153.5	11	2569	48143-48164
#F0DEDB	48154	10.5	2569	48143-48164
#F0DEDB	48153.5	10	2569	48143-48164
#EDD6D3	48153.5	11	2570	48143-48165
#EDD6D3	48154	11.5	2570	48143-48165
#EDD6D3	48154.5	11	2570	48143-48165
#EDD6D3	48154	10.5	2570	48143-48165
#FDFDFE	48154	11.5	2571	48143-48166
#FDFDFE	48154.5	12	2571	48143-48166
#FDFDFE	48155	11.5	2571	48143-48166
#FDFDFE	48154.5	11	2571	48143-48166
#EDD8D5	48154.5	12	2572	48143-48167
#EDD8D5	48155	12.5	2572	48143-48167
#EDD8D5	48155.5	12	2572	48143-48167
#EDD8D5	48155	11.5	2572	48143-48167
#F4E5E3	48155	12.5	2573	48143-48168
#F4E5E3	48155.5	13	2573	48143-48168
#F4E5E3	48156	12.5	2573	48143-48168
#F4E5E3	48155.5	12	2573	48143-48168
#EDD7D4	48155.5	13	2574	48143-48169
#EDD7D4	48156	13.5	2574	48143-48169
#EDD7D4	48156.5	13	2574	48143-48169
#EDD7D4	48156	12.5	2574	48143-48169
#E6C8C4	48156	13.5	2575	48143-48170
#E6C8C4	48156.5	14	2575	48143-48170
#E6C8C4	48157	13.5	2575	48143-48170
#E6C8C4	48156.5	13	2575	48143-48170
#EAD0CD	48156.5	14	2576	48143-48171
#EAD0CD	48157	14.5	2576	48143-48171
#EAD0CD	48157.5	14	2576	48143-48171
#EAD0CD	48157	13.5	2576	48143-48171
#F5E8E6	48157	14.5	2577	48143-48172
#F5E8E6	48157.5	15	2577	48143-48172
#F5E8E6	48158	14.5	2577	48143-48172
#F5E8E6	48157.5	14	2577	48143-48172
#EED9D6	48157.5	15	2578	48143-48173
#EED9D6	48158	15.5	2578	48143-48173
#EED9D6	48158.5	15	2578	48143-48173
#EED9D6	48158	14.5	2578	48143-48173
#E5C6C2	48158	15.5	2579	48143-48174
#E5C6C2	48158.5	16	2579	48143-48174
#E5C6C2	48159	15.5	2579	48143-48174
#E5C6C2	48158.5	15	2579	48143-48174
#F0DDDB	48158.5	16	2580	48143-48175
#F0DDDB	48159	16.5	2580	48143-48175
#F0DDDB	48159.5	16	2580	48143-48175
#F0DDDB	48159	15.5	2580	48143-48175
#F6EAE9	48159	16.5	2581	48143-48176
#F6EAE9	48159.5	17	2581	48143-48176
#F6EAE9	48160	16.5	2581	48143-48176
#F6EAE9	48159.5	16	2581	48143-48176
#F6EBEA	48159.5	17	2582	48143-48177
#F6EBEA	48160	17.5	2582	48143-48177
#F6EBEA	48160.5	17	2582	48143-48177
#F6EBEA	48160	16.5	2582	48143-48177
#EED9D6	48160	17.5	2583	48143-48178
#EED9D6	48160.5	18	2583	48143-48178
#EED9D6	48161	17.5	2583	48143-48178
#EED9D6	48160.5	17	2583	48143-48178
#F0DDDB	48160.5	18	2584	48143-48179
#F0DDDB	48161	18.5	2584	48143-48179
#F0DDDB	48161.5	18	2584	48143-48179
#F0DDDB	48161	17.5	2584	48143-48179
#EAD1CE	48161	18.5	2585	48143-48180
#EAD1CE	48161.5	19	2585	48143-48180
#EAD1CE	48162	18.5	2585	48143-48180
#EAD1CE	48161.5	18	2585	48143-48180
#F1DFDD	48161.5	19	2586	48143-48181
#F1DFDD	48162	19.5	2586	48143-48181
#F1DFDD	48162.5	19	2586	48143-48181
#F1DFDD	48162	18.5	2586	48143-48181
#F2E2E0	48162	19.5	2587	48143-48182
#F2E2E0	48162.5	20	2587	48143-48182
#F2E2E0	48163	19.5	2587	48143-48182
#F2E2E0	48162.5	19	2587	48143-48182
#FFFEFE	48162.5	20	2588	48143-48183
#FFFEFE	48163	20.5	2588	48143-48183
#FFFEFE	48163.5	20	2588	48143-48183
#FFFEFE	48163	19.5	2588	48143-48183
#FCF9F8	48163	20.5	2589	48143-48184
#FCF9F8	48163.5	21	2589	48143-48184
#FCF9F8	48164	20.5	2589	48143-48184
#FCF9F8	48163.5	20	2589	48143-48184
#FBF7F6	48163.5	21	2590	48143-48185
#FBF7F6	48164	21.5	2590	48143-48185
#FBF7F6	48164.5	21	2590	48143-48185
#FBF7F6	48164	20.5	2590	48143-48185
#FBF5F5	48164	21.5	2591	48143-48186
#FBF5F5	48164.5	22	2591	48143-48186
#FBF5F5	48165	21.5	2591	48143-48186
#FBF5F5	48164.5	21	2591	48143-48186
#FDF9F9	48164.5	22	2592	48143-48187
#FDF9F9	48165	22.5	2592	48143-48187
#FDF9F9	48165.5	22	2592	48143-48187
#FDF9F9	48165	21.5	2592	48143-48187
#FAF3F3	48165	22.5	2593	48143-48188
#FAF3F3	48165.5	23	2593	48143-48188
#FAF3F3	48166	22.5	2593	48143-48188
#FAF3F3	48165.5	22	2593	48143-48188
#FBF5F4	48165.5	23	2594	48143-48189
#FBF5F4	48166	23.5	2594	48143-48189
#FBF5F4	48166.5	23	2594	48143-48189
#FBF5F4	48166	22.5	2594	48143-48189
#FEFEFF	48166	23.5	2595	48143-48190
#FEFEFF	48166.5	24	2595	48143-48190
#FEFEFF	48167	23.5	2595	48143-48190
#FEFEFF	48166.5	23	2595	48143-48190
#FDFBFB	48166.5	24	2596	48143-48191
#FDFBFB	48167	24.5	2596	48143-48191
#FDFBFB	48167.5	24	2596	48143-48191
#FDFBFB	48167	23.5	2596	48143-48191
#FBFBFD	48167	24.5	2597	48143-48192
#FBFBFD	48167.5	25	2597	48143-48192
#FBFBFD	48168	24.5	2597	48143-48192
#FBFBFD	48167.5	24	2597	48143-48192
#BF817A	48143.5	0	2598	48144-48144
#BF817A	48144	0.5	2598	48144-48144
#BF817A	48144.5	0	2598	48144-48144
#BF817A	48144	-0.5	2598	48144-48144
#EDD7D4	48144	0.5	2599	48144-48145
#EDD7D4	48144.5	1	2599	48144-48145
#EDD7D4	48145	0.5	2599	48144-48145
#EDD7D4	48144.5	0	2599	48144-48145
#BE7F78	48144.5	1	2600	48144-48146
#BE7F78	48145	1.5	2600	48144-48146
#BE7F78	48145.5	1	2600	48144-48146
#BE7F78	48145	0.5	2600	48144-48146
#B16B64	48145	1.5	2601	48144-48147
#B16B64	48145.5	2	2601	48144-48147
#B16B64	48146	1.5	2601	48144-48147
#B16B64	48145.5	1	2601	48144-48147
#CA958E	48145.5	2	2602	48144-48148
#CA958E	48146	2.5	2602	48144-48148
#CA958E	48146.5	2	2602	48144-48148
#CA958E	48146	1.5	2602	48144-48148
#DFBAB6	48146	2.5	2603	48144-48149
#DFBAB6	48146.5	3	2603	48144-48149
#DFBAB6	48147	2.5	2603	48144-48149
#DFBAB6	48146.5	2	2603	48144-48149
#E5C7C3	48146.5	3	2604	48144-48150
#E5C7C3	48147	3.5	2604	48144-48150
#E5C7C3	48147.5	3	2604	48144-48150
#E5C7C3	48147	2.5	2604	48144-48150
#EED8D6	48147	3.5	2605	48144-48151
#EED8D6	48147.5	4	2605	48144-48151
#EED8D6	48148	3.5	2605	48144-48151
#EED8D6	48147.5	3	2605	48144-48151
#EFDCD9	48147.5	4	2606	48144-48152
#EFDCD9	48148	4.5	2606	48144-48152
#EFDCD9	48148.5	4	2606	48144-48152
#EFDCD9	48148	3.5	2606	48144-48152
#F9F0EF	48148	4.5	2607	48144-48153
#F9F0EF	48148.5	5	2607	48144-48153
#F9F0EF	48149	4.5	2607	48144-48153
#F9F0EF	48148.5	4	2607	48144-48153
#F5E9E7	48148.5	5	2608	48144-48154
#F5E9E7	48149	5.5	2608	48144-48154
#F5E9E7	48149.5	5	2608	48144-48154
#F5E9E7	48149	4.5	2608	48144-48154
#F2E1DF	48149	5.5	2609	48144-48155
#F2E1DF	48149.5	6	2609	48144-48155
#F2E1DF	48150	5.5	2609	48144-48155
#F2E1DF	48149.5	5	2609	48144-48155
#FEFDFD	48149.5	6	2610	48144-48156
#FEFDFD	48150	6.5	2610	48144-48156
#FEFDFD	48150.5	6	2610	48144-48156
#FEFDFD	48150	5.5	2610	48144-48156
#F2E1DF	48150	6.5	2611	48144-48157
#F2E1DF	48150.5	7	2611	48144-48157
#F2E1DF	48151	6.5	2611	48144-48157
#F2E1DF	48150.5	6	2611	48144-48157
#F8EFEE	48150.5	7	2612	48144-48158
#F8EFEE	48151	7.5	2612	48144-48158
#F8EFEE	48151.5	7	2612	48144-48158
#F8EFEE	48151	6.5	2612	48144-48158
#EDD6D3	48151	7.5	2613	48144-48159
#EDD6D3	48151.5	8	2613	48144-48159
#EDD6D3	48152	7.5	2613	48144-48159
#EDD6D3	48151.5	7	2613	48144-48159
#EAD1CE	48151.5	8	2614	48144-48160
#EAD1CE	48152	8.5	2614	48144-48160
#EAD1CE	48152.5	8	2614	48144-48160
#EAD1CE	48152	7.5	2614	48144-48160
#F1E0DD	48152	8.5	2615	48144-48161
#F1E0DD	48152.5	9	2615	48144-48161
#F1E0DD	48153	8.5	2615	48144-48161
#F1E0DD	48152.5	8	2615	48144-48161
#EDD7D4	48152.5	9	2616	48144-48162
#EDD7D4	48153	9.5	2616	48144-48162
#EDD7D4	48153.5	9	2616	48144-48162
#EDD7D4	48153	8.5	2616	48144-48162
#E8CCC9	48153	9.5	2617	48144-48163
#E8CCC9	48153.5	10	2617	48144-48163
#E8CCC9	48154	9.5	2617	48144-48163
#E8CCC9	48153.5	9	2617	48144-48163
#F1DFDD	48153.5	10	2618	48144-48164
#F1DFDD	48154	10.5	2618	48144-48164
#F1DFDD	48154.5	10	2618	48144-48164
#F1DFDD	48154	9.5	2618	48144-48164
#EDD7D5	48154	10.5	2619	48144-48165
#EDD7D5	48154.5	11	2619	48144-48165
#EDD7D5	48155	10.5	2619	48144-48165
#EDD7D5	48154.5	10	2619	48144-48165
#FDFBFB	48154.5	11	2620	48144-48166
#FDFBFB	48155	11.5	2620	48144-48166
#FDFBFB	48155.5	11	2620	48144-48166
#FDFBFB	48155	10.5	2620	48144-48166
#EFDCD9	48155	11.5	2621	48144-48167
#EFDCD9	48155.5	12	2621	48144-48167
#EFDCD9	48156	11.5	2621	48144-48167
#EFDCD9	48155.5	11	2621	48144-48167
#EBD4D1	48155.5	12	2622	48144-48168
#EBD4D1	48156	12.5	2622	48144-48168
#EBD4D1	48156.5	12	2622	48144-48168
#EBD4D1	48156	11.5	2622	48144-48168
#EFDBD8	48156	12.5	2623	48144-48169
#EFDBD8	48156.5	13	2623	48144-48169
#EFDBD8	48157	12.5	2623	48144-48169
#EFDBD8	48156.5	12	2623	48144-48169
#EAD0CD	48156.5	13	2624	48144-48170
#EAD0CD	48157	13.5	2624	48144-48170
#EAD0CD	48157.5	13	2624	48144-48170
#EAD0CD	48157	12.5	2624	48144-48170
#F3E4E2	48157	13.5	2625	48144-48171
#F3E4E2	48157.5	14	2625	48144-48171
#F3E4E2	48158	13.5	2625	48144-48171
#F3E4E2	48157.5	13	2625	48144-48171
#EDD7D4	48157.5	14	2626	48144-48172
#EDD7D4	48158	14.5	2626	48144-48172
#EDD7D4	48158.5	14	2626	48144-48172
#EDD7D4	48158	13.5	2626	48144-48172
#F2E2E0	48158	14.5	2627	48144-48173
#F2E2E0	48158.5	15	2627	48144-48173
#F2E2E0	48159	14.5	2627	48144-48173
#F2E2E0	48158.5	14	2627	48144-48173
#E3C2BE	48158.5	15	2628	48144-48174
#E3C2BE	48159	15.5	2628	48144-48174
#E3C2BE	48159.5	15	2628	48144-48174
#E3C2BE	48159	14.5	2628	48144-48174
#F2E1DF	48159	15.5	2629	48144-48175
#F2E1DF	48159.5	16	2629	48144-48175
#F2E1DF	48160	15.5	2629	48144-48175
#F2E1DF	48159.5	15	2629	48144-48175
#EFDCD9	48159.5	16	2630	48144-48176
#EFDCD9	48160	16.5	2630	48144-48176
#EFDCD9	48160.5	16	2630	48144-48176
#EFDCD9	48160	15.5	2630	48144-48176
#EDD8D5	48160	16.5	2631	48144-48177
#EDD8D5	48160.5	17	2631	48144-48177
#EDD8D5	48161	16.5	2631	48144-48177
#EDD8D5	48160.5	16	2631	48144-48177
#F6EAE8	48160.5	17	2632	48144-48178
#F6EAE8	48161	17.5	2632	48144-48178
#F6EAE8	48161.5	17	2632	48144-48178
#F6EAE8	48161	16.5	2632	48144-48178
#E8CDC9	48161	17.5	2633	48144-48179
#E8CDC9	48161.5	18	2633	48144-48179
#E8CDC9	48162	17.5	2633	48144-48179
#E8CDC9	48161.5	17	2633	48144-48179
#EBD3D0	48161.5	18	2634	48144-48180
#EBD3D0	48162	18.5	2634	48144-48180
#EBD3D0	48162.5	18	2634	48144-48180
#EBD3D0	48162	17.5	2634	48144-48180
#F0DDDB	48162	18.5	2635	48144-48181
#F0DDDB	48162.5	19	2635	48144-48181
#F0DDDB	48163	18.5	2635	48144-48181
#F0DDDB	48162.5	18	2635	48144-48181
#F2E2E0	48162.5	19	2636	48144-48182
#F2E2E0	48163	19.5	2636	48144-48182
#F2E2E0	48163.5	19	2636	48144-48182
#F2E2E0	48163	18.5	2636	48144-48182
#FAF4F4	48163	19.5	2637	48144-48183
#FAF4F4	48163.5	20	2637	48144-48183
#FAF4F4	48164	19.5	2637	48144-48183
#FAF4F4	48163.5	19	2637	48144-48183
#FCF9F8	48163.5	20	2638	48144-48184
#FCF9F8	48164	20.5	2638	48144-48184
#FCF9F8	48164.5	20	2638	48144-48184
#FCF9F8	48164	19.5	2638	48144-48184
#FBF7F6	48164	20.5	2639	48144-48185
#FBF7F6	48164.5	21	2639	48144-48185
#FBF7F6	48165	20.5	2639	48144-48185
#FBF7F6	48164.5	20	2639	48144-48185
#FEFDFC	48164.5	21	2640	48144-48186
#FEFDFC	48165	21.5	2640	48144-48186
#FEFDFC	48165.5	21	2640	48144-48186
#FEFDFC	48165	20.5	2640	48144-48186
#F9F2F1	48165	21.5	2641	48144-48187
#F9F2F1	48165.5	22	2641	48144-48187
#F9F2F1	48166	21.5	2641	48144-48187
#F9F2F1	48165.5	21	2641	48144-48187
#FDFBFB	48165.5	22	2642	48144-48188
#FDFBFB	48166	22.5	2642	48144-48188
#FDFBFB	48166.5	22	2642	48144-48188
#FDFBFB	48166	21.5	2642	48144-48188
#FEFEFE	48166	22.5	2643	48144-48189
#FEFEFE	48166.5	23	2643	48144-48189
#FEFEFE	48167	22.5	2643	48144-48189
#FEFEFE	48166.5	22	2643	48144-48189
#FDFDFE	48166.5	23	2644	48144-48190
#FDFDFE	48167	23.5	2644	48144-48190
#FDFDFE	48167.5	23	2644	48144-48190
#FDFDFE	48167	22.5	2644	48144-48190
#FDFBFB	48167	23.5	2645	48144-48191
#FDFBFB	48167.5	24	2645	48144-48191
#FDFBFB	48168	23.5	2645	48144-48191
#FDFBFB	48167.5	23	2645	48144-48191
#FDFDFE	48167.5	24	2646	48144-48192
#FDFDFE	48168	24.5	2646	48144-48192
#FDFDFE	48168.5	24	2646	48144-48192
#FDFDFE	48168	23.5	2646	48144-48192
#FEFCFB	48168	24.5	2647	48144-48193
#FEFCFB	48168.5	25	2647	48144-48193
#FEFCFB	48169	24.5	2647	48144-48193
#FEFCFB	48168.5	24	2647	48144-48193
#B36E66	48144.5	0	2648	48145-48145
#B36E66	48145	0.5	2648	48145-48145
#B36E66	48145.5	0	2648	48145-48145
#B36E66	48145	-0.5	2648	48145-48145
#D5A8A3	48145	0.5	2649	48145-48146
#D5A8A3	48145.5	1	2649	48145-48146
#D5A8A3	48146	0.5	2649	48145-48146
#D5A8A3	48145.5	0	2649	48145-48146
#C0827C	48145.5	1	2650	48145-48147
#C0827C	48146	1.5	2650	48145-48147
#C0827C	48146.5	1	2650	48145-48147
#C0827C	48146	0.5	2650	48145-48147
#DCB5B0	48146	1.5	2651	48145-48148
#DCB5B0	48146.5	2	2651	48145-48148
#DCB5B0	48147	1.5	2651	48145-48148
#DCB5B0	48146.5	1	2651	48145-48148
#E5C7C3	48146.5	2	2652	48145-48149
#E5C7C3	48147	2.5	2652	48145-48149
#E5C7C3	48147.5	2	2652	48145-48149
#E5C7C3	48147	1.5	2652	48145-48149
#E3C2BE	48147	2.5	2653	48145-48150
#E3C2BE	48147.5	3	2653	48145-48150
#E3C2BE	48148	2.5	2653	48145-48150
#E3C2BE	48147.5	2	2653	48145-48150
#EFDCDA	48147.5	3	2654	48145-48151
#EFDCDA	48148	3.5	2654	48145-48151
#EFDCDA	48148.5	3	2654	48145-48151
#EFDCDA	48148	2.5	2654	48145-48151
#E9CFCB	48148	3.5	2655	48145-48152
#E9CFCB	48148.5	4	2655	48145-48152
#E9CFCB	48149	3.5	2655	48145-48152
#E9CFCB	48148.5	3	2655	48145-48152
#FBF6F5	48148.5	4	2656	48145-48153
#FBF6F5	48149	4.5	2656	48145-48153
#FBF6F5	48149.5	4	2656	48145-48153
#FBF6F5	48149	3.5	2656	48145-48153
#F4E6E4	48149	4.5	2657	48145-48154
#F4E6E4	48149.5	5	2657	48145-48154
#F4E6E4	48150	4.5	2657	48145-48154
#F4E6E4	48149.5	4	2657	48145-48154
#F2E2DF	48149.5	5	2658	48145-48155
#F2E2DF	48150	5.5	2658	48145-48155
#F2E2DF	48150.5	5	2658	48145-48155
#F2E2DF	48150	4.5	2658	48145-48155
#F5E8E6	48150	5.5	2659	48145-48156
#F5E8E6	48150.5	6	2659	48145-48156
#F5E8E6	48151	5.5	2659	48145-48156
#F5E8E6	48150.5	5	2659	48145-48156
#FAF3F2	48150.5	6	2660	48145-48157
#FAF3F2	48151	6.5	2660	48145-48157
#FAF3F2	48151.5	6	2660	48145-48157
#FAF3F2	48151	5.5	2660	48145-48157
#F8EFEE	48151	6.5	2661	48145-48158
#F8EFEE	48151.5	7	2661	48145-48158
#F8EFEE	48152	6.5	2661	48145-48158
#F8EFEE	48151.5	6	2661	48145-48158
#F5E7E5	48151.5	7	2662	48145-48159
#F5E7E5	48152	7.5	2662	48145-48159
#F5E7E5	48152.5	7	2662	48145-48159
#F5E7E5	48152	6.5	2662	48145-48159
#DDB7B2	48152	7.5	2663	48145-48160
#DDB7B2	48152.5	8	2663	48145-48160
#DDB7B2	48153	7.5	2663	48145-48160
#DDB7B2	48152.5	7	2663	48145-48160
#E7CBC7	48152.5	8	2664	48145-48161
#E7CBC7	48153	8.5	2664	48145-48161
#E7CBC7	48153.5	8	2664	48145-48161
#E7CBC7	48153	7.5	2664	48145-48161
#F3E4E2	48153	8.5	2665	48145-48162
#F3E4E2	48153.5	9	2665	48145-48162
#F3E4E2	48154	8.5	2665	48145-48162
#F3E4E2	48153.5	8	2665	48145-48162
#EFDBD8	48153.5	9	2666	48145-48163
#EFDBD8	48154	9.5	2666	48145-48163
#EFDBD8	48154.5	9	2666	48145-48163
#EFDBD8	48154	8.5	2666	48145-48163
#E3C3BF	48154	9.5	2667	48145-48164
#E3C3BF	48154.5	10	2667	48145-48164
#E3C3BF	48155	9.5	2667	48145-48164
#E3C3BF	48154.5	9	2667	48145-48164
#F2E1DF	48154.5	10	2668	48145-48165
#F2E1DF	48155	10.5	2668	48145-48165
#F2E1DF	48155.5	10	2668	48145-48165
#F2E1DF	48155	9.5	2668	48145-48165
#FFFEFE	48155	10.5	2669	48145-48166
#FFFEFE	48155.5	11	2669	48145-48166
#FFFEFE	48156	10.5	2669	48145-48166
#FFFEFE	48155.5	10	2669	48145-48166
#FAF3F2	48155.5	11	2670	48145-48167
#FAF3F2	48156	11.5	2670	48145-48167
#FAF3F2	48156.5	11	2670	48145-48167
#FAF3F2	48156	10.5	2670	48145-48167
#F5E8E6	48156	11.5	2671	48145-48168
#F5E8E6	48156.5	12	2671	48145-48168
#F5E8E6	48157	11.5	2671	48145-48168
#F5E8E6	48156.5	11	2671	48145-48168
#F1E0DD	48156.5	12	2672	48145-48169
#F1E0DD	48157	12.5	2672	48145-48169
#F1E0DD	48157.5	12	2672	48145-48169
#F1E0DD	48157	11.5	2672	48145-48169
#EDD6D3	48157	12.5	2673	48145-48170
#EDD6D3	48157.5	13	2673	48145-48170
#EDD6D3	48158	12.5	2673	48145-48170
#EDD6D3	48157.5	12	2673	48145-48170
#E4C4C0	48157.5	13	2674	48145-48171
#E4C4C0	48158	13.5	2674	48145-48171
#E4C4C0	48158.5	13	2674	48145-48171
#E4C4C0	48158	12.5	2674	48145-48171
#EAD0CC	48158	13.5	2675	48145-48172
#EAD0CC	48158.5	14	2675	48145-48172
#EAD0CC	48159	13.5	2675	48145-48172
#EAD0CC	48158.5	13	2675	48145-48172
#F2E2E0	48158.5	14	2676	48145-48173
#F2E2E0	48159	14.5	2676	48145-48173
#F2E2E0	48159.5	14	2676	48145-48173
#F2E2E0	48159	13.5	2676	48145-48173
#EAD2CE	48159	14.5	2677	48145-48174
#EAD2CE	48159.5	15	2677	48145-48174
#EAD2CE	48160	14.5	2677	48145-48174
#EAD2CE	48159.5	14	2677	48145-48174
#F4E6E4	48159.5	15	2678	48145-48175
#F4E6E4	48160	15.5	2678	48145-48175
#F4E6E4	48160.5	15	2678	48145-48175
#F4E6E4	48160	14.5	2678	48145-48175
#F6EBEA	48160	15.5	2679	48145-48176
#F6EBEA	48160.5	16	2679	48145-48176
#F6EBEA	48161	15.5	2679	48145-48176
#F6EBEA	48160.5	15	2679	48145-48176
#ECD4D1	48160.5	16	2680	48145-48177
#ECD4D1	48161	16.5	2680	48145-48177
#ECD4D1	48161.5	16	2680	48145-48177
#ECD4D1	48161	15.5	2680	48145-48177
#F0DCDA	48161	16.5	2681	48145-48178
#F0DCDA	48161.5	17	2681	48145-48178
#F0DCDA	48162	16.5	2681	48145-48178
#F0DCDA	48161.5	16	2681	48145-48178
#F9F0EF	48161.5	17	2682	48145-48179
#F9F0EF	48162	17.5	2682	48145-48179
#F9F0EF	48162.5	17	2682	48145-48179
#F9F0EF	48162	16.5	2682	48145-48179
#F4E6E4	48162	17.5	2683	48145-48180
#F4E6E4	48162.5	18	2683	48145-48180
#F4E6E4	48163	17.5	2683	48145-48180
#F4E6E4	48162.5	17	2683	48145-48180
#F8F0EF	48162.5	18	2684	48145-48181
#F8F0EF	48163	18.5	2684	48145-48181
#F8F0EF	48163.5	18	2684	48145-48181
#F8F0EF	48163	17.5	2684	48145-48181
#F8EEED	48163	18.5	2685	48145-48182
#F8EEED	48163.5	19	2685	48145-48182
#F8EEED	48164	18.5	2685	48145-48182
#F8EEED	48163.5	18	2685	48145-48182
#FCF8F7	48163.5	19	2686	48145-48183
#FCF8F7	48164	19.5	2686	48145-48183
#FCF8F7	48164.5	19	2686	48145-48183
#FCF8F7	48164	18.5	2686	48145-48183
#FAF4F3	48164	19.5	2687	48145-48184
#FAF4F3	48164.5	20	2687	48145-48184
#FAF4F3	48165	19.5	2687	48145-48184
#FAF4F3	48164.5	19	2687	48145-48184
#F7EDEC	48164.5	20	2688	48145-48185
#F7EDEC	48165	20.5	2688	48145-48185
#F7EDEC	48165.5	20	2688	48145-48185
#F7EDEC	48165	19.5	2688	48145-48185
#FEFDFD	48165	20.5	2689	48145-48186
#FEFDFD	48165.5	21	2689	48145-48186
#FEFDFD	48166	20.5	2689	48145-48186
#FEFDFD	48165.5	20	2689	48145-48186
#FBF7F6	48165.5	21	2690	48145-48187
#FBF7F6	48166	21.5	2690	48145-48187
#FBF7F6	48166.5	21	2690	48145-48187
#FBF7F6	48166	20.5	2690	48145-48187
#FFFEFE	48166	21.5	2691	48145-48188
#FFFEFE	48166.5	22	2691	48145-48188
#FFFEFE	48167	21.5	2691	48145-48188
#FFFEFE	48166.5	21	2691	48145-48188
#FDFAF9	48166.5	22	2692	48145-48189
#FDFAF9	48167	22.5	2692	48145-48189
#FDFAF9	48167.5	22	2692	48145-48189
#FDFAF9	48167	21.5	2692	48145-48189
#FDFAFA	48167	22.5	2693	48145-48190
#FDFAFA	48167.5	23	2693	48145-48190
#FDFAFA	48168	22.5	2693	48145-48190
#FDFAFA	48167.5	22	2693	48145-48190
#FFFFFF	48167.5	23	2694	48145-48191
#FFFFFF	48168	23.5	2694	48145-48191
#FFFFFF	48168.5	23	2694	48145-48191
#FFFFFF	48168	22.5	2694	48145-48191
#FEFCFB	48168	23.5	2695	48145-48192
#FEFCFB	48168.5	24	2695	48145-48192
#FEFCFB	48169	23.5	2695	48145-48192
#FEFCFB	48168.5	23	2695	48145-48192
#FBF6F6	48168.5	24	2696	48145-48193
#FBF6F6	48169	24.5	2696	48145-48193
#FBF6F6	48169.5	24	2696	48145-48193
#FBF6F6	48169	23.5	2696	48145-48193
#F9F2F1	48169	24.5	2697	48145-48194
#F9F2F1	48169.5	25	2697	48145-48194
#F9F2F1	48170	24.5	2697	48145-48194
#F9F2F1	48169.5	24	2697	48145-48194
#B57069	48145.5	0	2698	48146-48146
#B57069	48146	0.5	2698	48146-48146
#B57069	48146.5	0	2698	48146-48146
#B57069	48146	-0.5	2698	48146-48146
#DCB5B0	48146	0.5	2699	48146-48147
#DCB5B0	48146.5	1	2699	48146-48147
#DCB5B0	48147	0.5	2699	48146-48147
#DCB5B0	48146.5	0	2699	48146-48147
#E3C2BE	48146.5	1	2700	48146-48148
#E3C2BE	48147	1.5	2700	48146-48148
#E3C2BE	48147.5	1	2700	48146-48148
#E3C2BE	48147	0.5	2700	48146-48148
#F2E2E0	48147	1.5	2701	48146-48149
#F2E2E0	48147.5	2	2701	48146-48149
#F2E2E0	48148	1.5	2701	48146-48149
#F2E2E0	48147.5	1	2701	48146-48149
#DFBAB5	48147.5	2	2702	48146-48150
#DFBAB5	48148	2.5	2702	48146-48150
#DFBAB5	48148.5	2	2702	48146-48150
#DFBAB5	48148	1.5	2702	48146-48150
#EAD0CC	48148	2.5	2703	48146-48151
#EAD0CC	48148.5	3	2703	48146-48151
#EAD0CC	48149	2.5	2703	48146-48151
#EAD0CC	48148.5	2	2703	48146-48151
#F2E3E0	48148.5	3	2704	48146-48152
#F2E3E0	48149	3.5	2704	48146-48152
#F2E3E0	48149.5	3	2704	48146-48152
#F2E3E0	48149	2.5	2704	48146-48152
#FAF4F3	48149	3.5	2705	48146-48153
#FAF4F3	48149.5	4	2705	48146-48153
#FAF4F3	48150	3.5	2705	48146-48153
#FAF4F3	48149.5	3	2705	48146-48153
#E3C4BF	48149.5	4	2706	48146-48154
#E3C4BF	48150	4.5	2706	48146-48154
#E3C4BF	48150.5	4	2706	48146-48154
#E3C4BF	48150	3.5	2706	48146-48154
#E7CBC7	48150	4.5	2707	48146-48155
#E7CBC7	48150.5	5	2707	48146-48155
#E7CBC7	48151	4.5	2707	48146-48155
#E7CBC7	48150.5	4	2707	48146-48155
#F6EAE8	48150.5	5	2708	48146-48156
#F6EAE8	48151	5.5	2708	48146-48156
#F6EAE8	48151.5	5	2708	48146-48156
#F6EAE8	48151	4.5	2708	48146-48156
#F8F0EF	48151	5.5	2709	48146-48157
#F8F0EF	48151.5	6	2709	48146-48157
#F8F0EF	48152	5.5	2709	48146-48157
#F8F0EF	48151.5	5	2709	48146-48157
#FDFBFA	48151.5	6	2710	48146-48158
#FDFBFA	48152	6.5	2710	48146-48158
#FDFBFA	48152.5	6	2710	48146-48158
#FDFBFA	48152	5.5	2710	48146-48158
#ECD4D1	48152	6.5	2711	48146-48159
#ECD4D1	48152.5	7	2711	48146-48159
#ECD4D1	48153	6.5	2711	48146-48159
#ECD4D1	48152.5	6	2711	48146-48159
#E3C3BF	48152.5	7	2712	48146-48160
#E3C3BF	48153	7.5	2712	48146-48160
#E3C3BF	48153.5	7	2712	48146-48160
#E3C3BF	48153	6.5	2712	48146-48160
#E7CAC6	48153	7.5	2713	48146-48161
#E7CAC6	48153.5	8	2713	48146-48161
#E7CAC6	48154	7.5	2713	48146-48161
#E7CAC6	48153.5	7	2713	48146-48161
#E4C4C0	48153.5	8	2714	48146-48162
#E4C4C0	48154	8.5	2714	48146-48162
#E4C4C0	48154.5	8	2714	48146-48162
#E4C4C0	48154	7.5	2714	48146-48162
#EFDBD9	48154	8.5	2715	48146-48163
#EFDBD9	48154.5	9	2715	48146-48163
#EFDBD9	48155	8.5	2715	48146-48163
#EFDBD9	48154.5	8	2715	48146-48163
#EDD7D4	48154.5	9	2716	48146-48164
#EDD7D4	48155	9.5	2716	48146-48164
#EDD7D4	48155.5	9	2716	48146-48164
#EDD7D4	48155	8.5	2716	48146-48164
#F0DEDC	48155	9.5	2717	48146-48165
#F0DEDC	48155.5	10	2717	48146-48165
#F0DEDC	48156	9.5	2717	48146-48165
#F0DEDC	48155.5	9	2717	48146-48165
#FDFAF9	48155.5	10	2718	48146-48166
#FDFAF9	48156	10.5	2718	48146-48166
#FDFAF9	48156.5	10	2718	48146-48166
#FDFAF9	48156	9.5	2718	48146-48166
#EAD0CD	48156	10.5	2719	48146-48167
#EAD0CD	48156.5	11	2719	48146-48167
#EAD0CD	48157	10.5	2719	48146-48167
#EAD0CD	48156.5	10	2719	48146-48167
#F3E4E1	48156.5	11	2720	48146-48168
#F3E4E1	48157	11.5	2720	48146-48168
#F3E4E1	48157.5	11	2720	48146-48168
#F3E4E1	48157	10.5	2720	48146-48168
#E8CDCA	48157	11.5	2721	48146-48169
#E8CDCA	48157.5	12	2721	48146-48169
#E8CDCA	48158	11.5	2721	48146-48169
#E8CDCA	48157.5	11	2721	48146-48169
#EDD6D3	48157.5	12	2722	48146-48170
#EDD6D3	48158	12.5	2722	48146-48170
#EDD6D3	48158.5	12	2722	48146-48170
#EDD6D3	48158	11.5	2722	48146-48170
#F0DDDB	48158	12.5	2723	48146-48171
#F0DDDB	48158.5	13	2723	48146-48171
#F0DDDB	48159	12.5	2723	48146-48171
#F0DDDB	48158.5	12	2723	48146-48171
#E2C0BC	48158.5	13	2724	48146-48172
#E2C0BC	48159	13.5	2724	48146-48172
#E2C0BC	48159.5	13	2724	48146-48172
#E2C0BC	48159	12.5	2724	48146-48172
#DBB3AE	48159	13.5	2725	48146-48173
#DBB3AE	48159.5	14	2725	48146-48173
#DBB3AE	48160	13.5	2725	48146-48173
#DBB3AE	48159.5	13	2725	48146-48173
#E7CAC6	48159.5	14	2726	48146-48174
#E7CAC6	48160	14.5	2726	48146-48174
#E7CAC6	48160.5	14	2726	48146-48174
#E7CAC6	48160	13.5	2726	48146-48174
#ECD4D1	48160	14.5	2727	48146-48175
#ECD4D1	48160.5	15	2727	48146-48175
#ECD4D1	48161	14.5	2727	48146-48175
#ECD4D1	48160.5	14	2727	48146-48175
#F2E2DF	48160.5	15	2728	48146-48176
#F2E2DF	48161	15.5	2728	48146-48176
#F2E2DF	48161.5	15	2728	48146-48176
#F2E2DF	48161	14.5	2728	48146-48176
#F3E3E1	48161	15.5	2729	48146-48177
#F3E3E1	48161.5	16	2729	48146-48177
#F3E3E1	48162	15.5	2729	48146-48177
#F3E3E1	48161.5	15	2729	48146-48177
#E3C2BE	48161.5	16	2730	48146-48178
#E3C2BE	48162	16.5	2730	48146-48178
#E3C2BE	48162.5	16	2730	48146-48178
#E3C2BE	48162	15.5	2730	48146-48178
#F1DFDD	48162	16.5	2731	48146-48179
#F1DFDD	48162.5	17	2731	48146-48179
#F1DFDD	48163	16.5	2731	48146-48179
#F1DFDD	48162.5	16	2731	48146-48179
#E9D0CC	48162.5	17	2732	48146-48180
#E9D0CC	48163	17.5	2732	48146-48180
#E9D0CC	48163.5	17	2732	48146-48180
#E9D0CC	48163	16.5	2732	48146-48180
#EFDCDA	48163	17.5	2733	48146-48181
#EFDCDA	48163.5	18	2733	48146-48181
#EFDCDA	48164	17.5	2733	48146-48181
#EFDCDA	48163.5	17	2733	48146-48181
#F3E5E3	48163.5	18	2734	48146-48182
#F3E5E3	48164	18.5	2734	48146-48182
#F3E5E3	48164.5	18	2734	48146-48182
#F3E5E3	48164	17.5	2734	48146-48182
#F5E9E8	48164	18.5	2735	48146-48183
#F5E9E8	48164.5	19	2735	48146-48183
#F5E9E8	48165	18.5	2735	48146-48183
#F5E9E8	48164.5	18	2735	48146-48183
#FBF7F6	48164.5	19	2736	48146-48184
#FBF7F6	48165	19.5	2736	48146-48184
#FBF7F6	48165.5	19	2736	48146-48184
#FBF7F6	48165	18.5	2736	48146-48184
#FAF4F3	48165	19.5	2737	48146-48185
#FAF4F3	48165.5	20	2737	48146-48185
#FAF4F3	48166	19.5	2737	48146-48185
#FAF4F3	48165.5	19	2737	48146-48185
#FFFEFF	48165.5	20	2738	48146-48186
#FFFEFF	48166	20.5	2738	48146-48186
#FFFEFF	48166.5	20	2738	48146-48186
#FFFEFF	48166	19.5	2738	48146-48186
#FCF8F8	48166	20.5	2739	48146-48187
#FCF8F8	48166.5	21	2739	48146-48187
#FCF8F8	48167	20.5	2739	48146-48187
#FCF8F8	48166.5	20	2739	48146-48187
#F9F2F1	48166.5	21	2740	48146-48188
#F9F2F1	48167	21.5	2740	48146-48188
#F9F2F1	48167.5	21	2740	48146-48188
#F9F2F1	48167	20.5	2740	48146-48188
#FDFAF9	48167	21.5	2741	48146-48189
#FDFAF9	48167.5	22	2741	48146-48189
#FDFAF9	48168	21.5	2741	48146-48189
#FDFAF9	48167.5	21	2741	48146-48189
#FFFFFF	48167.5	22	2742	48146-48190
#FFFFFF	48168	22.5	2742	48146-48190
#FFFFFF	48168.5	22	2742	48146-48190
#FFFFFF	48168	21.5	2742	48146-48190
#FBFBFD	48168	22.5	2743	48146-48191
#FBFBFD	48168.5	23	2743	48146-48191
#FBFBFD	48169	22.5	2743	48146-48191
#FBFBFD	48168.5	22	2743	48146-48191
#FCF7F7	48168.5	23	2744	48146-48192
#FCF7F7	48169	23.5	2744	48146-48192
#FCF7F7	48169.5	23	2744	48146-48192
#FCF7F7	48169	22.5	2744	48146-48192
#FEFEFE	48169	23.5	2745	48146-48193
#FEFEFE	48169.5	24	2745	48146-48193
#FEFEFE	48170	23.5	2745	48146-48193
#FEFEFE	48169.5	23	2745	48146-48193
#FDFAFA	48169.5	24	2746	48146-48194
#FDFAFA	48170	24.5	2746	48146-48194
#FDFAFA	48170.5	24	2746	48146-48194
#FDFAFA	48170	23.5	2746	48146-48194
#FFFFFF	48170	24.5	2747	48146-48195
#FFFFFF	48170.5	25	2747	48146-48195
#FFFFFF	48171	24.5	2747	48146-48195
#FFFFFF	48170.5	24	2747	48146-48195
#B8766F	48146.5	0	2748	48147-48147
#B8766F	48147	0.5	2748	48147-48147
#B8766F	48147.5	0	2748	48147-48147
#B8766F	48147	-0.5	2748	48147-48147
#CF9D97	48147	0.5	2749	48147-48148
#CF9D97	48147.5	1	2749	48147-48148
#CF9D97	48148	0.5	2749	48147-48148
#CF9D97	48147.5	0	2749	48147-48148
#E8CDCA	48147.5	1	2750	48147-48149
#E8CDCA	48148	1.5	2750	48147-48149
#E8CDCA	48148.5	1	2750	48147-48149
#E8CDCA	48148	0.5	2750	48147-48149
#DDB7B2	48148	1.5	2751	48147-48150
#DDB7B2	48148.5	2	2751	48147-48150
#DDB7B2	48149	1.5	2751	48147-48150
#DDB7B2	48148.5	1	2751	48147-48150
#E9CECB	48148.5	2	2752	48147-48151
#E9CECB	48149	2.5	2752	48147-48151
#E9CECB	48149.5	2	2752	48147-48151
#E9CECB	48149	1.5	2752	48147-48151
#EFDBD9	48149	2.5	2753	48147-48152
#EFDBD9	48149.5	3	2753	48147-48152
#EFDBD9	48150	2.5	2753	48147-48152
#EFDBD9	48149.5	2	2753	48147-48152
#F8EEED	48149.5	3	2754	48147-48153
#F8EEED	48150	3.5	2754	48147-48153
#F8EEED	48150.5	3	2754	48147-48153
#F8EEED	48150	2.5	2754	48147-48153
#E5C7C3	48150	3.5	2755	48147-48154
#E5C7C3	48150.5	4	2755	48147-48154
#E5C7C3	48151	3.5	2755	48147-48154
#E5C7C3	48150.5	3	2755	48147-48154
#E7CAC7	48150.5	4	2756	48147-48155
#E7CAC7	48151	4.5	2756	48147-48155
#E7CAC7	48151.5	4	2756	48147-48155
#E7CAC7	48151	3.5	2756	48147-48155
#F6EBE9	48151	4.5	2757	48147-48156
#F6EBE9	48151.5	5	2757	48147-48156
#F6EBE9	48152	4.5	2757	48147-48156
#F6EBE9	48151.5	4	2757	48147-48156
#FDFAF9	48151.5	5	2758	48147-48157
#FDFAF9	48152	5.5	2758	48147-48157
#FDFAF9	48152.5	5	2758	48147-48157
#FDFAF9	48152	4.5	2758	48147-48157
#FFFFFF	48152	5.5	2759	48147-48158
#FFFFFF	48152.5	6	2759	48147-48158
#FFFFFF	48153	5.5	2759	48147-48158
#FFFFFF	48152.5	5	2759	48147-48158
#F2E2DF	48152.5	6	2760	48147-48159
#F2E2DF	48153	6.5	2760	48147-48159
#F2E2DF	48153.5	6	2760	48147-48159
#F2E2DF	48153	5.5	2760	48147-48159
#EDD6D3	48153	6.5	2761	48147-48160
#EDD6D3	48153.5	7	2761	48147-48160
#EDD6D3	48154	6.5	2761	48147-48160
#EDD6D3	48153.5	6	2761	48147-48160
#EEDAD7	48153.5	7	2762	48147-48161
#EEDAD7	48154	7.5	2762	48147-48161
#EEDAD7	48154.5	7	2762	48147-48161
#EEDAD7	48154	6.5	2762	48147-48161
#E7CBC7	48154	7.5	2763	48147-48162
#E7CBC7	48154.5	8	2763	48147-48162
#E7CBC7	48155	7.5	2763	48147-48162
#E7CBC7	48154.5	7	2763	48147-48162
#E5C7C3	48154.5	8	2764	48147-48163
#E5C7C3	48155	8.5	2764	48147-48163
#E5C7C3	48155.5	8	2764	48147-48163
#E5C7C3	48155	7.5	2764	48147-48163
#EEDAD7	48155	8.5	2765	48147-48164
#EEDAD7	48155.5	9	2765	48147-48164
#EEDAD7	48156	8.5	2765	48147-48164
#EEDAD7	48155.5	8	2765	48147-48164
#F3E4E2	48155.5	9	2766	48147-48165
#F3E4E2	48156	9.5	2766	48147-48165
#F3E4E2	48156.5	9	2766	48147-48165
#F3E4E2	48156	8.5	2766	48147-48165
#FBF5F4	48156	9.5	2767	48147-48166
#FBF5F4	48156.5	10	2767	48147-48166
#FBF5F4	48157	9.5	2767	48147-48166
#FBF5F4	48156.5	9	2767	48147-48166
#EDD8D5	48156.5	10	2768	48147-48167
#EDD8D5	48157	10.5	2768	48147-48167
#EDD8D5	48157.5	10	2768	48147-48167
#EDD8D5	48157	9.5	2768	48147-48167
#F7ECEA	48157	10.5	2769	48147-48168
#F7ECEA	48157.5	11	2769	48147-48168
#F7ECEA	48158	10.5	2769	48147-48168
#F7ECEA	48157.5	10	2769	48147-48168
#EFDAD8	48157.5	11	2770	48147-48169
#EFDAD8	48158	11.5	2770	48147-48169
#EFDAD8	48158.5	11	2770	48147-48169
#EFDAD8	48158	10.5	2770	48147-48169
#EED9D6	48158	11.5	2771	48147-48170
#EED9D6	48158.5	12	2771	48147-48170
#EED9D6	48159	11.5	2771	48147-48170
#EED9D6	48158.5	11	2771	48147-48170
#E5C6C2	48158.5	12	2772	48147-48171
#E5C6C2	48159	12.5	2772	48147-48171
#E5C6C2	48159.5	12	2772	48147-48171
#E5C6C2	48159	11.5	2772	48147-48171
#EBD2CF	48159	12.5	2773	48147-48172
#EBD2CF	48159.5	13	2773	48147-48172
#EBD2CF	48160	12.5	2773	48147-48172
#EBD2CF	48159.5	12	2773	48147-48172
#F7EEEC	48159.5	13	2774	48147-48173
#F7EEEC	48160	13.5	2774	48147-48173
#F7EEEC	48160.5	13	2774	48147-48173
#F7EEEC	48160	12.5	2774	48147-48173
#EBD3D0	48160	13.5	2775	48147-48174
#EBD3D0	48160.5	14	2775	48147-48174
#EBD3D0	48161	13.5	2775	48147-48174
#EBD3D0	48160.5	13	2775	48147-48174
#EED9D6	48160.5	14	2776	48147-48175
#EED9D6	48161	14.5	2776	48147-48175
#EED9D6	48161.5	14	2776	48147-48175
#EED9D6	48161	13.5	2776	48147-48175
#FCF7F7	48161	14.5	2777	48147-48176
#FCF7F7	48161.5	15	2777	48147-48176
#FCF7F7	48162	14.5	2777	48147-48176
#FCF7F7	48161.5	14	2777	48147-48176
#FAF3F2	48161.5	15	2778	48147-48177
#FAF3F2	48162	15.5	2778	48147-48177
#FAF3F2	48162.5	15	2778	48147-48177
#FAF3F2	48162	14.5	2778	48147-48177
#E8CCC8	48162	15.5	2779	48147-48178
#E8CCC8	48162.5	16	2779	48147-48178
#E8CCC8	48163	15.5	2779	48147-48178
#E8CCC8	48162.5	15	2779	48147-48178
#F4E7E5	48162.5	16	2780	48147-48179
#F4E7E5	48163	16.5	2780	48147-48179
#F4E7E5	48163.5	16	2780	48147-48179
#F4E7E5	48163	15.5	2780	48147-48179
#F4E5E3	48163	16.5	2781	48147-48180
#F4E5E3	48163.5	17	2781	48147-48180
#F4E5E3	48164	16.5	2781	48147-48180
#F4E5E3	48163.5	16	2781	48147-48180
#EBD4D1	48163.5	17	2782	48147-48181
#EBD4D1	48164	17.5	2782	48147-48181
#EBD4D1	48164.5	17	2782	48147-48181
#EBD4D1	48164	16.5	2782	48147-48181
#EAD1CD	48164	17.5	2783	48147-48182
#EAD1CD	48164.5	18	2783	48147-48182
#EAD1CD	48165	17.5	2783	48147-48182
#EAD1CD	48164.5	17	2783	48147-48182
#F7EEEC	48164.5	18	2784	48147-48183
#F7EEEC	48165	18.5	2784	48147-48183
#F7EEEC	48165.5	18	2784	48147-48183
#F7EEEC	48165	17.5	2784	48147-48183
#FAF3F2	48165	18.5	2785	48147-48184
#FAF3F2	48165.5	19	2785	48147-48184
#FAF3F2	48166	18.5	2785	48147-48184
#FAF3F2	48165.5	18	2785	48147-48184
#FEFDFD	48165.5	19	2786	48147-48185
#FEFDFD	48166	19.5	2786	48147-48185
#FEFDFD	48166.5	19	2786	48147-48185
#FEFDFD	48166	18.5	2786	48147-48185
#F9F0EF	48166	19.5	2787	48147-48186
#F9F0EF	48166.5	20	2787	48147-48186
#F9F0EF	48167	19.5	2787	48147-48186
#F9F0EF	48166.5	19	2787	48147-48186
#FFFEFE	48166.5	20	2788	48147-48187
#FFFEFE	48167	20.5	2788	48147-48187
#FFFEFE	48167.5	20	2788	48147-48187
#FFFEFE	48167	19.5	2788	48147-48187
#FAF3F2	48167	20.5	2789	48147-48188
#FAF3F2	48167.5	21	2789	48147-48188
#FAF3F2	48168	20.5	2789	48147-48188
#FAF3F2	48167.5	20	2789	48147-48188
#FBF6F6	48167.5	21	2790	48147-48189
#FBF6F6	48168	21.5	2790	48147-48189
#FBF6F6	48168.5	21	2790	48147-48189
#FBF6F6	48168	20.5	2790	48147-48189
#FDFBFB	48168	21.5	2791	48147-48190
#FDFBFB	48168.5	22	2791	48147-48190
#FDFBFB	48169	21.5	2791	48147-48190
#FDFBFB	48168.5	21	2791	48147-48190
#FFFFFF	48168.5	22	2792	48147-48191
#FFFFFF	48169	22.5	2792	48147-48191
#FFFFFF	48169.5	22	2792	48147-48191
#FFFFFF	48169	21.5	2792	48147-48191
#FEFEFF	48169	22.5	2793	48147-48192
#FEFEFF	48169.5	23	2793	48147-48192
#FEFEFF	48170	22.5	2793	48147-48192
#FEFEFF	48169.5	22	2793	48147-48192
#FCF8F8	48169.5	23	2794	48147-48193
#FCF8F8	48170	23.5	2794	48147-48193
#FCF8F8	48170.5	23	2794	48147-48193
#FCF8F8	48170	22.5	2794	48147-48193
#F9F1F0	48170	23.5	2795	48147-48194
#F9F1F0	48170.5	24	2795	48147-48194
#F9F1F0	48171	23.5	2795	48147-48194
#F9F1F0	48170.5	23	2795	48147-48194
#FBF5F5	48170.5	24	2796	48147-48195
#FBF5F5	48171	24.5	2796	48147-48195
#FBF5F5	48171.5	24	2796	48147-48195
#FBF5F5	48171	23.5	2796	48147-48195
#FEFDFD	48171	24.5	2797	48147-48196
#FEFDFD	48171.5	25	2797	48147-48196
#FEFDFD	48172	24.5	2797	48147-48196
#FEFDFD	48171.5	24	2797	48147-48196
#B5716A	48147.5	0	2798	48148-48148
#B5716A	48148	0.5	2798	48148-48148
#B5716A	48148.5	0	2798	48148-48148
#B5716A	48148	-0.5	2798	48148-48148
#CA938D	48148	0.5	2799	48148-48149
#CA938D	48148.5	1	2799	48148-48149
#CA938D	48149	0.5	2799	48148-48149
#CA938D	48148.5	0	2799	48148-48149
#DCB4AF	48148.5	1	2800	48148-48150
#DCB4AF	48149	1.5	2800	48148-48150
#DCB4AF	48149.5	1	2800	48148-48150
#DCB4AF	48149	0.5	2800	48148-48150
#DFBBB6	48149	1.5	2801	48148-48151
#DFBBB6	48149.5	2	2801	48148-48151
#DFBBB6	48150	1.5	2801	48148-48151
#DFBBB6	48149.5	1	2801	48148-48151
#DEB9B4	48149.5	2	2802	48148-48152
#DEB9B4	48150	2.5	2802	48148-48152
#DEB9B4	48150.5	2	2802	48148-48152
#DEB9B4	48150	1.5	2802	48148-48152
#E9CFCB	48150	2.5	2803	48148-48153
#E9CFCB	48150.5	3	2803	48148-48153
#E9CFCB	48151	2.5	2803	48148-48153
#E9CFCB	48150.5	2	2803	48148-48153
#DFBBB7	48150.5	3	2804	48148-48154
#DFBBB7	48151	3.5	2804	48148-48154
#DFBBB7	48151.5	3	2804	48148-48154
#DFBBB7	48151	2.5	2804	48148-48154
#E2C0BC	48151	3.5	2805	48148-48155
#E2C0BC	48151.5	4	2805	48148-48155
#E2C0BC	48152	3.5	2805	48148-48155
#E2C0BC	48151.5	3	2805	48148-48155
#F3E4E2	48151.5	4	2806	48148-48156
#F3E4E2	48152	4.5	2806	48148-48156
#F3E4E2	48152.5	4	2806	48148-48156
#F3E4E2	48152	3.5	2806	48148-48156
#ECD5D2	48152	4.5	2807	48148-48157
#ECD5D2	48152.5	5	2807	48148-48157
#ECD5D2	48153	4.5	2807	48148-48157
#ECD5D2	48152.5	4	2807	48148-48157
#FFFFFF	48152.5	5	2808	48148-48158
#FFFFFF	48153	5.5	2808	48148-48158
#FFFFFF	48153.5	5	2808	48148-48158
#FFFFFF	48153	4.5	2808	48148-48158
#EDD8D5	48153	5.5	2809	48148-48159
#EDD8D5	48153.5	6	2809	48148-48159
#EDD8D5	48154	5.5	2809	48148-48159
#EDD8D5	48153.5	5	2809	48148-48159
#F8F0EF	48153.5	6	2810	48148-48160
#F8F0EF	48154	6.5	2810	48148-48160
#F8F0EF	48154.5	6	2810	48148-48160
#F8F0EF	48154	5.5	2810	48148-48160
#FAF3F2	48154	6.5	2811	48148-48161
#FAF3F2	48154.5	7	2811	48148-48161
#FAF3F2	48155	6.5	2811	48148-48161
#FAF3F2	48154.5	6	2811	48148-48161
#EAD0CD	48154.5	7	2812	48148-48162
#EAD0CD	48155	7.5	2812	48148-48162
#EAD0CD	48155.5	7	2812	48148-48162
#EAD0CD	48155	6.5	2812	48148-48162
#FBF5F4	48155	7.5	2813	48148-48163
#FBF5F4	48155.5	8	2813	48148-48163
#FBF5F4	48156	7.5	2813	48148-48163
#FBF5F4	48155.5	7	2813	48148-48163
#FCF9F9	48155.5	8	2814	48148-48164
#FCF9F9	48156	8.5	2814	48148-48164
#FCF9F9	48156.5	8	2814	48148-48164
#FCF9F9	48156	7.5	2814	48148-48164
#E7CBC8	48156	8.5	2815	48148-48165
#E7CBC8	48156.5	9	2815	48148-48165
#E7CBC8	48157	8.5	2815	48148-48165
#E7CBC8	48156.5	8	2815	48148-48165
#F9F1F0	48156.5	9	2816	48148-48166
#F9F1F0	48157	9.5	2816	48148-48166
#F9F1F0	48157.5	9	2816	48148-48166
#F9F1F0	48157	8.5	2816	48148-48166
#E8CCC8	48157	9.5	2817	48148-48167
#E8CCC8	48157.5	10	2817	48148-48167
#E8CCC8	48158	9.5	2817	48148-48167
#E8CCC8	48157.5	9	2817	48148-48167
#F3E4E2	48157.5	10	2818	48148-48168
#F3E4E2	48158	10.5	2818	48148-48168
#F3E4E2	48158.5	10	2818	48148-48168
#F3E4E2	48158	9.5	2818	48148-48168
#F8EFEE	48158	10.5	2819	48148-48169
#F8EFEE	48158.5	11	2819	48148-48169
#F8EFEE	48159	10.5	2819	48148-48169
#F8EFEE	48158.5	10	2819	48148-48169
#EBD2CF	48158.5	11	2820	48148-48170
#EBD2CF	48159	11.5	2820	48148-48170
#EBD2CF	48159.5	11	2820	48148-48170
#EBD2CF	48159	10.5	2820	48148-48170
#F0DDDB	48159	11.5	2821	48148-48171
#F0DDDB	48159.5	12	2821	48148-48171
#F0DDDB	48160	11.5	2821	48148-48171
#F0DDDB	48159.5	11	2821	48148-48171
#F3E4E2	48159.5	12	2822	48148-48172
#F3E4E2	48160	12.5	2822	48148-48172
#F3E4E2	48160.5	12	2822	48148-48172
#F3E4E2	48160	11.5	2822	48148-48172
#FAF4F4	48160	12.5	2823	48148-48173
#FAF4F4	48160.5	13	2823	48148-48173
#FAF4F4	48161	12.5	2823	48148-48173
#FAF4F4	48160.5	12	2823	48148-48173
#F3E3E1	48160.5	13	2824	48148-48174
#F3E3E1	48161	13.5	2824	48148-48174
#F3E3E1	48161.5	13	2824	48148-48174
#F3E3E1	48161	12.5	2824	48148-48174
#E3C2BD	48161	13.5	2825	48148-48175
#E3C2BD	48161.5	14	2825	48148-48175
#E3C2BD	48162	13.5	2825	48148-48175
#E3C2BD	48161.5	13	2825	48148-48175
#F6ECEA	48161.5	14	2826	48148-48176
#F6ECEA	48162	14.5	2826	48148-48176
#F6ECEA	48162.5	14	2826	48148-48176
#F6ECEA	48162	13.5	2826	48148-48176
#EFDBD8	48162	14.5	2827	48148-48177
#EFDBD8	48162.5	15	2827	48148-48177
#EFDBD8	48163	14.5	2827	48148-48177
#EFDBD8	48162.5	14	2827	48148-48177
#ECD4D1	48162.5	15	2828	48148-48178
#ECD4D1	48163	15.5	2828	48148-48178
#ECD4D1	48163.5	15	2828	48148-48178
#ECD4D1	48163	14.5	2828	48148-48178
#F0DDDA	48163	15.5	2829	48148-48179
#F0DDDA	48163.5	16	2829	48148-48179
#F0DDDA	48164	15.5	2829	48148-48179
#F0DDDA	48163.5	15	2829	48148-48179
#E5C6C2	48163.5	16	2830	48148-48180
#E5C6C2	48164	16.5	2830	48148-48180
#E5C6C2	48164.5	16	2830	48148-48180
#E5C6C2	48164	15.5	2830	48148-48180
#E9CFCB	48164	16.5	2831	48148-48181
#E9CFCB	48164.5	17	2831	48148-48181
#E9CFCB	48165	16.5	2831	48148-48181
#E9CFCB	48164.5	16	2831	48148-48181
#DCB6B1	48164.5	17	2832	48148-48182
#DCB6B1	48165	17.5	2832	48148-48182
#DCB6B1	48165.5	17	2832	48148-48182
#DCB6B1	48165	16.5	2832	48148-48182
#F6EBE9	48165	17.5	2833	48148-48183
#F6EBE9	48165.5	18	2833	48148-48183
#F6EBE9	48166	17.5	2833	48148-48183
#F6EBE9	48165.5	17	2833	48148-48183
#F7ECEB	48165.5	18	2834	48148-48184
#F7ECEB	48166	18.5	2834	48148-48184
#F7ECEB	48166.5	18	2834	48148-48184
#F7ECEB	48166	17.5	2834	48148-48184
#FEFCFC	48166	18.5	2835	48148-48185
#FEFCFC	48166.5	19	2835	48148-48185
#FEFCFC	48167	18.5	2835	48148-48185
#FEFCFC	48166.5	18	2835	48148-48185
#F9F2F1	48166.5	19	2836	48148-48186
#F9F2F1	48167	19.5	2836	48148-48186
#F9F2F1	48167.5	19	2836	48148-48186
#F9F2F1	48167	18.5	2836	48148-48186
#FDFAFA	48167	19.5	2837	48148-48187
#FDFAFA	48167.5	20	2837	48148-48187
#FDFAFA	48168	19.5	2837	48148-48187
#FDFAFA	48167.5	19	2837	48148-48187
#F6EAE9	48167.5	20	2838	48148-48188
#F6EAE9	48168	20.5	2838	48148-48188
#F6EAE9	48168.5	20	2838	48148-48188
#F6EAE9	48168	19.5	2838	48148-48188
#FCF9F8	48168	20.5	2839	48148-48189
#FCF9F8	48168.5	21	2839	48148-48189
#FCF9F8	48169	20.5	2839	48148-48189
#FCF9F8	48168.5	20	2839	48148-48189
#F8EEED	48168.5	21	2840	48148-48190
#F8EEED	48169	21.5	2840	48148-48190
#F8EEED	48169.5	21	2840	48148-48190
#F8EEED	48169	20.5	2840	48148-48190
#FCF8F7	48169	21.5	2841	48148-48191
#FCF8F7	48169.5	22	2841	48148-48191
#FCF8F7	48170	21.5	2841	48148-48191
#FCF8F7	48169.5	21	2841	48148-48191
#FBF5F4	48169.5	22	2842	48148-48192
#FBF5F4	48170	22.5	2842	48148-48192
#FBF5F4	48170.5	22	2842	48148-48192
#FBF5F4	48170	21.5	2842	48148-48192
#F8EEED	48170	22.5	2843	48148-48193
#F8EEED	48170.5	23	2843	48148-48193
#F8EEED	48171	22.5	2843	48148-48193
#F8EEED	48170.5	22	2843	48148-48193
#FBF5F5	48170.5	23	2844	48148-48194
#FBF5F5	48171	23.5	2844	48148-48194
#FBF5F5	48171.5	23	2844	48148-48194
#FBF5F5	48171	22.5	2844	48148-48194
#F7EDEC	48171	23.5	2845	48148-48195
#F7EDEC	48171.5	24	2845	48148-48195
#F7EDEC	48172	23.5	2845	48148-48195
#F7EDEC	48171.5	23	2845	48148-48195
#FFFEFE	48171.5	24	2846	48148-48196
#FFFEFE	48172	24.5	2846	48148-48196
#FFFEFE	48172.5	24	2846	48148-48196
#FFFEFE	48172	23.5	2846	48148-48196
#FCF8F7	48172	24.5	2847	48148-48197
#FCF8F7	48172.5	25	2847	48148-48197
#FCF8F7	48173	24.5	2847	48148-48197
#FCF8F7	48172.5	24	2847	48148-48197
#B16B63	48148.5	0	2848	48149-48149
#B16B63	48149	0.5	2848	48149-48149
#B16B63	48149.5	0	2848	48149-48149
#B16B63	48149	-0.5	2848	48149-48149
#D2A29C	48149	0.5	2849	48149-48150
#D2A29C	48149.5	1	2849	48149-48150
#D2A29C	48150	0.5	2849	48149-48150
#D2A29C	48149.5	0	2849	48149-48150
#E7CBC7	48149.5	1	2850	48149-48151
#E7CBC7	48150	1.5	2850	48149-48151
#E7CBC7	48150.5	1	2850	48149-48151
#E7CBC7	48150	0.5	2850	48149-48151
#E8CECA	48150	1.5	2851	48149-48152
#E8CECA	48150.5	2	2851	48149-48152
#E8CECA	48151	1.5	2851	48149-48152
#E8CECA	48150.5	1	2851	48149-48152
#EFDBD9	48150.5	2	2852	48149-48153
#EFDBD9	48151	2.5	2852	48149-48153
#EFDBD9	48151.5	2	2852	48149-48153
#EFDBD9	48151	1.5	2852	48149-48153
#DFBAB5	48151	2.5	2853	48149-48154
#DFBAB5	48151.5	3	2853	48149-48154
#DFBAB5	48152	2.5	2853	48149-48154
#DFBAB5	48151.5	2	2853	48149-48154
#E6C9C5	48151.5	3	2854	48149-48155
#E6C9C5	48152	3.5	2854	48149-48155
#E6C9C5	48152.5	3	2854	48149-48155
#E6C9C5	48152	2.5	2854	48149-48155
#FBF5F5	48152	3.5	2855	48149-48156
#FBF5F5	48152.5	4	2855	48149-48156
#FBF5F5	48153	3.5	2855	48149-48156
#FBF5F5	48152.5	3	2855	48149-48156
#FCF9F8	48152.5	4	2856	48149-48157
#FCF9F8	48153	4.5	2856	48149-48157
#FCF9F8	48153.5	4	2856	48149-48157
#FCF9F8	48153	3.5	2856	48149-48157
#FEFEFE	48153	4.5	2857	48149-48158
#FEFEFE	48153.5	5	2857	48149-48158
#FEFEFE	48154	4.5	2857	48149-48158
#FEFEFE	48153.5	4	2857	48149-48158
#F2E2E0	48153.5	5	2858	48149-48159
#F2E2E0	48154	5.5	2858	48149-48159
#F2E2E0	48154.5	5	2858	48149-48159
#F2E2E0	48154	4.5	2858	48149-48159
#F3E3E1	48154	5.5	2859	48149-48160
#F3E3E1	48154.5	6	2859	48149-48160
#F3E3E1	48155	5.5	2859	48149-48160
#F3E3E1	48154.5	5	2859	48149-48160
#F2E2E0	48154.5	6	2860	48149-48161
#F2E2E0	48155	6.5	2860	48149-48161
#F2E2E0	48155.5	6	2860	48149-48161
#F2E2E0	48155	5.5	2860	48149-48161
#E6C8C4	48155	6.5	2861	48149-48162
#E6C8C4	48155.5	7	2861	48149-48162
#E6C8C4	48156	6.5	2861	48149-48162
#E6C8C4	48155.5	6	2861	48149-48162
#F7ECEA	48155.5	7	2862	48149-48163
#F7ECEA	48156	7.5	2862	48149-48163
#F7ECEA	48156.5	7	2862	48149-48163
#F7ECEA	48156	6.5	2862	48149-48163
#FAF4F4	48156	7.5	2863	48149-48164
#FAF4F4	48156.5	8	2863	48149-48164
#FAF4F4	48157	7.5	2863	48149-48164
#FAF4F4	48156.5	7	2863	48149-48164
#F2E1DF	48156.5	8	2864	48149-48165
#F2E1DF	48157	8.5	2864	48149-48165
#F2E1DF	48157.5	8	2864	48149-48165
#F2E1DF	48157	7.5	2864	48149-48165
#F8EFED	48157	8.5	2865	48149-48166
#F8EFED	48157.5	9	2865	48149-48166
#F8EFED	48158	8.5	2865	48149-48166
#F8EFED	48157.5	8	2865	48149-48166
#FAF4F3	48157.5	9	2866	48149-48167
#FAF4F3	48158	9.5	2866	48149-48167
#FAF4F3	48158.5	9	2866	48149-48167
#FAF4F3	48158	8.5	2866	48149-48167
#FAF4F3	48158	9.5	2867	48149-48168
#FAF4F3	48158.5	10	2867	48149-48168
#FAF4F3	48159	9.5	2867	48149-48168
#FAF4F3	48158.5	9	2867	48149-48168
#F3E3E1	48158.5	10	2868	48149-48169
#F3E3E1	48159	10.5	2868	48149-48169
#F3E3E1	48159.5	10	2868	48149-48169
#F3E3E1	48159	9.5	2868	48149-48169
#F9F0EF	48159	10.5	2869	48149-48170
#F9F0EF	48159.5	11	2869	48149-48170
#F9F0EF	48160	10.5	2869	48149-48170
#F9F0EF	48159.5	10	2869	48149-48170
#EBD4D0	48159.5	11	2870	48149-48171
#EBD4D0	48160	11.5	2870	48149-48171
#EBD4D0	48160.5	11	2870	48149-48171
#EBD4D0	48160	10.5	2870	48149-48171
#FAF4F3	48160	11.5	2871	48149-48172
#FAF4F3	48160.5	12	2871	48149-48172
#FAF4F3	48161	11.5	2871	48149-48172
#FAF4F3	48160.5	11	2871	48149-48172
#F4E7E5	48160.5	12	2872	48149-48173
#F4E7E5	48161	12.5	2872	48149-48173
#F4E7E5	48161.5	12	2872	48149-48173
#F4E7E5	48161	11.5	2872	48149-48173
#F4E6E5	48161	12.5	2873	48149-48174
#F4E6E5	48161.5	13	2873	48149-48174
#F4E6E5	48162	12.5	2873	48149-48174
#F4E6E5	48161.5	12	2873	48149-48174
#ECD5D3	48161.5	13	2874	48149-48175
#ECD5D3	48162	13.5	2874	48149-48175
#ECD5D3	48162.5	13	2874	48149-48175
#ECD5D3	48162	12.5	2874	48149-48175
#FCF8F8	48162	13.5	2875	48149-48176
#FCF8F8	48162.5	14	2875	48149-48176
#FCF8F8	48163	13.5	2875	48149-48176
#FCF8F8	48162.5	13	2875	48149-48176
#F8F0EE	48162.5	14	2876	48149-48177
#F8F0EE	48163	14.5	2876	48149-48177
#F8F0EE	48163.5	14	2876	48149-48177
#F8F0EE	48163	13.5	2876	48149-48177
#F4E5E3	48163	14.5	2877	48149-48178
#F4E5E3	48163.5	15	2877	48149-48178
#F4E5E3	48164	14.5	2877	48149-48178
#F4E5E3	48163.5	14	2877	48149-48178
#F2E2E0	48163.5	15	2878	48149-48179
#F2E2E0	48164	15.5	2878	48149-48179
#F2E2E0	48164.5	15	2878	48149-48179
#F2E2E0	48164	14.5	2878	48149-48179
#F8F0EF	48164	15.5	2879	48149-48180
#F8F0EF	48164.5	16	2879	48149-48180
#F8F0EF	48165	15.5	2879	48149-48180
#F8F0EF	48164.5	15	2879	48149-48180
#F5E9E7	48164.5	16	2880	48149-48181
#F5E9E7	48165	16.5	2880	48149-48181
#F5E9E7	48165.5	16	2880	48149-48181
#F5E9E7	48165	15.5	2880	48149-48181
#EBD3D0	48165	16.5	2881	48149-48182
#EBD3D0	48165.5	17	2881	48149-48182
#EBD3D0	48166	16.5	2881	48149-48182
#EBD3D0	48165.5	16	2881	48149-48182
#F8EFEE	48165.5	17	2882	48149-48183
#F8EFEE	48166	17.5	2882	48149-48183
#F8EFEE	48166.5	17	2882	48149-48183
#F8EFEE	48166	16.5	2882	48149-48183
#FDFBFA	48166	17.5	2883	48149-48184
#FDFBFA	48166.5	18	2883	48149-48184
#FDFBFA	48167	17.5	2883	48149-48184
#FDFBFA	48166.5	17	2883	48149-48184
#F3E5E3	48166.5	18	2884	48149-48185
#F3E5E3	48167	18.5	2884	48149-48185
#F3E5E3	48167.5	18	2884	48149-48185
#F3E5E3	48167	17.5	2884	48149-48185
#FBF6F5	48167	18.5	2885	48149-48186
#FBF6F5	48167.5	19	2885	48149-48186
#FBF6F5	48168	18.5	2885	48149-48186
#FBF6F5	48167.5	18	2885	48149-48186
#FDFAF9	48167.5	19	2886	48149-48187
#FDFAF9	48168	19.5	2886	48149-48187
#FDFAF9	48168.5	19	2886	48149-48187
#FDFAF9	48168	18.5	2886	48149-48187
#FAF4F3	48168	19.5	2887	48149-48188
#FAF4F3	48168.5	20	2887	48149-48188
#FAF4F3	48169	19.5	2887	48149-48188
#FAF4F3	48168.5	19	2887	48149-48188
#F7EEEC	48168.5	20	2888	48149-48189
#F7EEEC	48169	20.5	2888	48149-48189
#F7EEEC	48169.5	20	2888	48149-48189
#F7EEEC	48169	19.5	2888	48149-48189
#FEFEFF	48169	20.5	2889	48149-48190
#FEFEFF	48169.5	21	2889	48149-48190
#FEFEFF	48170	20.5	2889	48149-48190
#FEFEFF	48169.5	20	2889	48149-48190
#FBF5F4	48169.5	21	2890	48149-48191
#FBF5F4	48170	21.5	2890	48149-48191
#FBF5F4	48170.5	21	2890	48149-48191
#FBF5F4	48170	20.5	2890	48149-48191
#FBF5F4	48170	21.5	2891	48149-48192
#FBF5F4	48170.5	22	2891	48149-48192
#FBF5F4	48171	21.5	2891	48149-48192
#FBF5F4	48170.5	21	2891	48149-48192
#FDFBFB	48170.5	22	2892	48149-48193
#FDFBFB	48171	22.5	2892	48149-48193
#FDFBFB	48171.5	22	2892	48149-48193
#FDFBFB	48171	21.5	2892	48149-48193
#FCF7F6	48171	22.5	2893	48149-48194
#FCF7F6	48171.5	23	2893	48149-48194
#FCF7F6	48172	22.5	2893	48149-48194
#FCF7F6	48171.5	22	2893	48149-48194
#FCF7F7	48171.5	23	2894	48149-48195
#FCF7F7	48172	23.5	2894	48149-48195
#FCF7F7	48172.5	23	2894	48149-48195
#FCF7F7	48172	22.5	2894	48149-48195
#FDFAF9	48172	23.5	2895	48149-48196
#FDFAF9	48172.5	24	2895	48149-48196
#FDFAF9	48173	23.5	2895	48149-48196
#FDFAF9	48172.5	23	2895	48149-48196
#FAF4F4	48172.5	24	2896	48149-48197
#FAF4F4	48173	24.5	2896	48149-48197
#FAF4F4	48173.5	24	2896	48149-48197
#FAF4F4	48173	23.5	2896	48149-48197
#FDFBFB	48173	24.5	2897	48149-48198
#FDFBFB	48173.5	25	2897	48149-48198
#FDFBFB	48174	24.5	2897	48149-48198
#FDFBFB	48173.5	24	2897	48149-48198
#994640	48149.5	0	2898	48150-48150
#994640	48150	0.5	2898	48150-48150
#994640	48150.5	0	2898	48150-48150
#994640	48150	-0.5	2898	48150-48150
#DDB7B2	48150	0.5	2899	48150-48151
#DDB7B2	48150.5	1	2899	48150-48151
#DDB7B2	48151	0.5	2899	48150-48151
#DDB7B2	48150.5	0	2899	48150-48151
#E7CAC7	48150.5	1	2900	48150-48152
#E7CAC7	48151	1.5	2900	48150-48152
#E7CAC7	48151.5	1	2900	48150-48152
#E7CAC7	48151	0.5	2900	48150-48152
#E3C3BF	48151	1.5	2901	48150-48153
#E3C3BF	48151.5	2	2901	48150-48153
#E3C3BF	48152	1.5	2901	48150-48153
#E3C3BF	48151.5	1	2901	48150-48153
#BD7E77	48151.5	2	2902	48150-48154
#BD7E77	48152	2.5	2902	48150-48154
#BD7E77	48152.5	2	2902	48150-48154
#BD7E77	48152	1.5	2902	48150-48154
#E4C4BF	48152	2.5	2903	48150-48155
#E4C4BF	48152.5	3	2903	48150-48155
#E4C4BF	48153	2.5	2903	48150-48155
#E4C4BF	48152.5	2	2903	48150-48155
#F8EFEE	48152.5	3	2904	48150-48156
#F8EFEE	48153	3.5	2904	48150-48156
#F8EFEE	48153.5	3	2904	48150-48156
#F8EFEE	48153	2.5	2904	48150-48156
#FEFEFF	48153	3.5	2905	48150-48157
#FEFEFF	48153.5	4	2905	48150-48157
#FEFEFF	48154	3.5	2905	48150-48157
#FEFEFF	48153.5	3	2905	48150-48157
#F0EEF7	48153.5	4	2906	48150-48158
#F0EEF7	48154	4.5	2906	48150-48158
#F0EEF7	48154.5	4	2906	48150-48158
#F0EEF7	48154	3.5	2906	48150-48158
#F0DEDC	48154	4.5	2907	48150-48159
#F0DEDC	48154.5	5	2907	48150-48159
#F0DEDC	48155	4.5	2907	48150-48159
#F0DEDC	48154.5	4	2907	48150-48159
#DFBBB7	48154.5	5	2908	48150-48160
#DFBBB7	48155	5.5	2908	48150-48160
#DFBBB7	48155.5	5	2908	48150-48160
#DFBBB7	48155	4.5	2908	48150-48160
#F1E0DD	48155	5.5	2909	48150-48161
#F1E0DD	48155.5	6	2909	48150-48161
#F1E0DD	48156	5.5	2909	48150-48161
#F1E0DD	48155.5	5	2909	48150-48161
#EBD3CF	48155.5	6	2910	48150-48162
#EBD3CF	48156	6.5	2910	48150-48162
#EBD3CF	48156.5	6	2910	48150-48162
#EBD3CF	48156	5.5	2910	48150-48162
#F6EAE8	48156	6.5	2911	48150-48163
#F6EAE8	48156.5	7	2911	48150-48163
#F6EAE8	48157	6.5	2911	48150-48163
#F6EAE8	48156.5	6	2911	48150-48163
#FCF8F7	48156.5	7	2912	48150-48164
#FCF8F7	48157	7.5	2912	48150-48164
#FCF8F7	48157.5	7	2912	48150-48164
#FCF8F7	48157	6.5	2912	48150-48164
#FCF7F7	48157	7.5	2913	48150-48165
#FCF7F7	48157.5	8	2913	48150-48165
#FCF7F7	48158	7.5	2913	48150-48165
#FCF7F7	48157.5	7	2913	48150-48165
#FEFDFE	48157.5	8	2914	48150-48166
#FEFDFE	48158	8.5	2914	48150-48166
#FEFDFE	48158.5	8	2914	48150-48166
#FEFDFE	48158	7.5	2914	48150-48166
#F8EEED	48158	8.5	2915	48150-48167
#F8EEED	48158.5	9	2915	48150-48167
#F8EEED	48159	8.5	2915	48150-48167
#F8EEED	48158.5	8	2915	48150-48167
#FAF3F2	48158.5	9	2916	48150-48168
#FAF3F2	48159	9.5	2916	48150-48168
#FAF3F2	48159.5	9	2916	48150-48168
#FAF3F2	48159	8.5	2916	48150-48168
#F6EBEA	48159	9.5	2917	48150-48169
#F6EBEA	48159.5	10	2917	48150-48169
#F6EBEA	48160	9.5	2917	48150-48169
#F6EBEA	48159.5	9	2917	48150-48169
#F8EEED	48159.5	10	2918	48150-48170
#F8EEED	48160	10.5	2918	48150-48170
#F8EEED	48160.5	10	2918	48150-48170
#F8EEED	48160	9.5	2918	48150-48170
#F7EDEB	48160	10.5	2919	48150-48171
#F7EDEB	48160.5	11	2919	48150-48171
#F7EDEB	48161	10.5	2919	48150-48171
#F7EDEB	48160.5	10	2919	48150-48171
#F6ECEA	48160.5	11	2920	48150-48172
#F6ECEA	48161	11.5	2920	48150-48172
#F6ECEA	48161.5	11	2920	48150-48172
#F6ECEA	48161	10.5	2920	48150-48172
#EBD2CF	48161	11.5	2921	48150-48173
#EBD2CF	48161.5	12	2921	48150-48173
#EBD2CF	48162	11.5	2921	48150-48173
#EBD2CF	48161.5	11	2921	48150-48173
#E1BEB9	48161.5	12	2922	48150-48174
#E1BEB9	48162	12.5	2922	48150-48174
#E1BEB9	48162.5	12	2922	48150-48174
#E1BEB9	48162	11.5	2922	48150-48174
#E7CBC7	48162	12.5	2923	48150-48175
#E7CBC7	48162.5	13	2923	48150-48175
#E7CBC7	48163	12.5	2923	48150-48175
#E7CBC7	48162.5	12	2923	48150-48175
#F5E9E7	48162.5	13	2924	48150-48176
#F5E9E7	48163	13.5	2924	48150-48176
#F5E9E7	48163.5	13	2924	48150-48176
#F5E9E7	48163	12.5	2924	48150-48176
#F9F0EF	48163	13.5	2925	48150-48177
#F9F0EF	48163.5	14	2925	48150-48177
#F9F0EF	48164	13.5	2925	48150-48177
#F9F0EF	48163.5	13	2925	48150-48177
#F1DFDD	48163.5	14	2926	48150-48178
#F1DFDD	48164	14.5	2926	48150-48178
#F1DFDD	48164.5	14	2926	48150-48178
#F1DFDD	48164	13.5	2926	48150-48178
#F3E4E2	48164	14.5	2927	48150-48179
#F3E4E2	48164.5	15	2927	48150-48179
#F3E4E2	48165	14.5	2927	48150-48179
#F3E4E2	48164.5	14	2927	48150-48179
#F6EBEA	48164.5	15	2928	48150-48180
#F6EBEA	48165	15.5	2928	48150-48180
#F6EBEA	48165.5	15	2928	48150-48180
#F6EBEA	48165	14.5	2928	48150-48180
#FDF9F9	48165	15.5	2929	48150-48181
#FDF9F9	48165.5	16	2929	48150-48181
#FDF9F9	48166	15.5	2929	48150-48181
#FDF9F9	48165.5	15	2929	48150-48181
#F5E9E7	48165.5	16	2930	48150-48182
#F5E9E7	48166	16.5	2930	48150-48182
#F5E9E7	48166.5	16	2930	48150-48182
#F5E9E7	48166	15.5	2930	48150-48182
#F9F2F1	48166	16.5	2931	48150-48183
#F9F2F1	48166.5	17	2931	48150-48183
#F9F2F1	48167	16.5	2931	48150-48183
#F9F2F1	48166.5	16	2931	48150-48183
#FBF5F4	48166.5	17	2932	48150-48184
#FBF5F4	48167	17.5	2932	48150-48184
#FBF5F4	48167.5	17	2932	48150-48184
#FBF5F4	48167	16.5	2932	48150-48184
#FEFDFD	48167	17.5	2933	48150-48185
#FEFDFD	48167.5	18	2933	48150-48185
#FEFDFD	48168	17.5	2933	48150-48185
#FEFDFD	48167.5	17	2933	48150-48185
#FEFEFE	48167.5	18	2934	48150-48186
#FEFEFE	48168	18.5	2934	48150-48186
#FEFEFE	48168.5	18	2934	48150-48186
#FEFEFE	48168	17.5	2934	48150-48186
#FEFCFC	48168	18.5	2935	48150-48187
#FEFCFC	48168.5	19	2935	48150-48187
#FEFCFC	48169	18.5	2935	48150-48187
#FEFCFC	48168.5	18	2935	48150-48187
#FEFCFC	48168.5	19	2936	48150-48188
#FEFCFC	48169	19.5	2936	48150-48188
#FEFCFC	48169.5	19	2936	48150-48188
#FEFCFC	48169	18.5	2936	48150-48188
#FBF5F5	48169	19.5	2937	48150-48189
#FBF5F5	48169.5	20	2937	48150-48189
#FBF5F5	48170	19.5	2937	48150-48189
#FBF5F5	48169.5	19	2937	48150-48189
#FFFFFF	48169.5	20	2938	48150-48190
#FFFFFF	48170	20.5	2938	48150-48190
#FFFFFF	48170.5	20	2938	48150-48190
#FFFFFF	48170	19.5	2938	48150-48190
#FFFEFE	48170	20.5	2939	48150-48191
#FFFEFE	48170.5	21	2939	48150-48191
#FFFEFE	48171	20.5	2939	48150-48191
#FFFEFE	48170.5	20	2939	48150-48191
#FFFEFE	48170.5	21	2940	48150-48192
#FFFEFE	48171	21.5	2940	48150-48192
#FFFEFE	48171.5	21	2940	48150-48192
#FFFEFE	48171	20.5	2940	48150-48192
#FBF5F4	48171	21.5	2941	48150-48193
#FBF5F4	48171.5	22	2941	48150-48193
#FBF5F4	48172	21.5	2941	48150-48193
#FBF5F4	48171.5	21	2941	48150-48193
#FFFFFF	48171.5	22	2942	48150-48194
#FFFFFF	48172	22.5	2942	48150-48194
#FFFFFF	48172.5	22	2942	48150-48194
#FFFFFF	48172	21.5	2942	48150-48194
#FDFDFE	48172	22.5	2943	48150-48195
#FDFDFE	48172.5	23	2943	48150-48195
#FDFDFE	48173	22.5	2943	48150-48195
#FDFDFE	48172.5	22	2943	48150-48195
#FDFBFB	48172.5	23	2944	48150-48196
#FDFBFB	48173	23.5	2944	48150-48196
#FDFBFB	48173.5	23	2944	48150-48196
#FDFBFB	48173	22.5	2944	48150-48196
#FFFEFE	48173	23.5	2945	48150-48197
#FFFEFE	48173.5	24	2945	48150-48197
#FFFEFE	48174	23.5	2945	48150-48197
#FFFEFE	48173.5	23	2945	48150-48197
#FBF6F6	48173.5	24	2946	48150-48198
#FBF6F6	48174	24.5	2946	48150-48198
#FBF6F6	48174.5	24	2946	48150-48198
#FBF6F6	48174	23.5	2946	48150-48198
#FAF4F4	48174	24.5	2947	48150-48199
#FAF4F4	48174.5	25	2947	48150-48199
#FAF4F4	48175	24.5	2947	48150-48199
#FAF4F4	48174.5	24	2947	48150-48199
#BA7972	48150.5	0	2948	48151-48151
#BA7972	48151	0.5	2948	48151-48151
#BA7972	48151.5	0	2948	48151-48151
#BA7972	48151	-0.5	2948	48151-48151
#EAD1CE	48151	0.5	2949	48151-48152
#EAD1CE	48151.5	1	2949	48151-48152
#EAD1CE	48152	0.5	2949	48151-48152
#EAD1CE	48151.5	0	2949	48151-48152
#D8AEA8	48151.5	1	2950	48151-48153
#D8AEA8	48152	1.5	2950	48151-48153
#D8AEA8	48152.5	1	2950	48151-48153
#D8AEA8	48152	0.5	2950	48151-48153
#AF6760	48152	1.5	2951	48151-48154
#AF6760	48152.5	2	2951	48151-48154
#AF6760	48153	1.5	2951	48151-48154
#AF6760	48152.5	1	2951	48151-48154
#E6C8C4	48152.5	2	2952	48151-48155
#E6C8C4	48153	2.5	2952	48151-48155
#E6C8C4	48153.5	2	2952	48151-48155
#E6C8C4	48153	1.5	2952	48151-48155
#FBF5F4	48153	2.5	2953	48151-48156
#FBF5F4	48153.5	3	2953	48151-48156
#FBF5F4	48154	2.5	2953	48151-48156
#FBF5F4	48153.5	2	2953	48151-48156
#F7F6FB	48153.5	3	2954	48151-48157
#F7F6FB	48154	3.5	2954	48151-48157
#F7F6FB	48154.5	3	2954	48151-48157
#F7F6FB	48154	2.5	2954	48151-48157
#EFECF6	48154	3.5	2955	48151-48158
#EFECF6	48154.5	4	2955	48151-48158
#EFECF6	48155	3.5	2955	48151-48158
#EFECF6	48154.5	3	2955	48151-48158
#ECD6D3	48154.5	4	2956	48151-48159
#ECD6D3	48155	4.5	2956	48151-48159
#ECD6D3	48155.5	4	2956	48151-48159
#ECD6D3	48155	3.5	2956	48151-48159
#DBB4AF	48155	4.5	2957	48151-48160
#DBB4AF	48155.5	5	2957	48151-48160
#DBB4AF	48156	4.5	2957	48151-48160
#DBB4AF	48155.5	4	2957	48151-48160
#F1DFDD	48155.5	5	2958	48151-48161
#F1DFDD	48156	5.5	2958	48151-48161
#F1DFDD	48156.5	5	2958	48151-48161
#F1DFDD	48156	4.5	2958	48151-48161
#E3C3BE	48156	5.5	2959	48151-48162
#E3C3BE	48156.5	6	2959	48151-48162
#E3C3BE	48157	5.5	2959	48151-48162
#E3C3BE	48156.5	5	2959	48151-48162
#F7EEEC	48156.5	6	2960	48151-48163
#F7EEEC	48157	6.5	2960	48151-48163
#F7EEEC	48157.5	6	2960	48151-48163
#F7EEEC	48157	5.5	2960	48151-48163
#F6EBE9	48157	6.5	2961	48151-48164
#F6EBE9	48157.5	7	2961	48151-48164
#F6EBE9	48158	6.5	2961	48151-48164
#F6EBE9	48157.5	6	2961	48151-48164
#F8F0EF	48157.5	7	2962	48151-48165
#F8F0EF	48158	7.5	2962	48151-48165
#F8F0EF	48158.5	7	2962	48151-48165
#F8F0EF	48158	6.5	2962	48151-48165
#FEFEFE	48158	7.5	2963	48151-48166
#FEFEFE	48158.5	8	2963	48151-48166
#FEFEFE	48159	7.5	2963	48151-48166
#FEFEFE	48158.5	7	2963	48151-48166
#FCF7F7	48158.5	8	2964	48151-48167
#FCF7F7	48159	8.5	2964	48151-48167
#FCF7F7	48159.5	8	2964	48151-48167
#FCF7F7	48159	7.5	2964	48151-48167
#FBF5F4	48159	8.5	2965	48151-48168
#FBF5F4	48159.5	9	2965	48151-48168
#FBF5F4	48160	8.5	2965	48151-48168
#FBF5F4	48159.5	8	2965	48151-48168
#F7ECEB	48159.5	9	2966	48151-48169
#F7ECEB	48160	9.5	2966	48151-48169
#F7ECEB	48160.5	9	2966	48151-48169
#F7ECEB	48160	8.5	2966	48151-48169
#EED9D6	48160	9.5	2967	48151-48170
#EED9D6	48160.5	10	2967	48151-48170
#EED9D6	48161	9.5	2967	48151-48170
#EED9D6	48160.5	9	2967	48151-48170
#F4E7E5	48160.5	10	2968	48151-48171
#F4E7E5	48161	10.5	2968	48151-48171
#F4E7E5	48161.5	10	2968	48151-48171
#F4E7E5	48161	9.5	2968	48151-48171
#F5E9E7	48161	10.5	2969	48151-48172
#F5E9E7	48161.5	11	2969	48151-48172
#F5E9E7	48162	10.5	2969	48151-48172
#F5E9E7	48161.5	10	2969	48151-48172
#E9CECB	48161.5	11	2970	48151-48173
#E9CECB	48162	11.5	2970	48151-48173
#E9CECB	48162.5	11	2970	48151-48173
#E9CECB	48162	10.5	2970	48151-48173
#EDD6D3	48162	11.5	2971	48151-48174
#EDD6D3	48162.5	12	2971	48151-48174
#EDD6D3	48163	11.5	2971	48151-48174
#EDD6D3	48162.5	11	2971	48151-48174
#E5C7C3	48162.5	12	2972	48151-48175
#E5C7C3	48163	12.5	2972	48151-48175
#E5C7C3	48163.5	12	2972	48151-48175
#E5C7C3	48163	11.5	2972	48151-48175
#F8EEED	48163	12.5	2973	48151-48176
#F8EEED	48163.5	13	2973	48151-48176
#F8EEED	48164	12.5	2973	48151-48176
#F8EEED	48163.5	12	2973	48151-48176
#F2E1DE	48163.5	13	2974	48151-48177
#F2E1DE	48164	13.5	2974	48151-48177
#F2E1DE	48164.5	13	2974	48151-48177
#F2E1DE	48164	12.5	2974	48151-48177
#EDD8D5	48164	13.5	2975	48151-48178
#EDD8D5	48164.5	14	2975	48151-48178
#EDD8D5	48165	13.5	2975	48151-48178
#EDD8D5	48164.5	13	2975	48151-48178
#F0DDDA	48164.5	14	2976	48151-48179
#F0DDDA	48165	14.5	2976	48151-48179
#F0DDDA	48165.5	14	2976	48151-48179
#F0DDDA	48165	13.5	2976	48151-48179
#F6EAE9	48165	14.5	2977	48151-48180
#F6EAE9	48165.5	15	2977	48151-48180
#F6EAE9	48166	14.5	2977	48151-48180
#F6EAE9	48165.5	14	2977	48151-48180
#EDD7D4	48165.5	15	2978	48151-48181
#EDD7D4	48166	15.5	2978	48151-48181
#EDD7D4	48166.5	15	2978	48151-48181
#EDD7D4	48166	14.5	2978	48151-48181
#F8EFEE	48166	15.5	2979	48151-48182
#F8EFEE	48166.5	16	2979	48151-48182
#F8EFEE	48167	15.5	2979	48151-48182
#F8EFEE	48166.5	15	2979	48151-48182
#FCF9F8	48166.5	16	2980	48151-48183
#FCF9F8	48167	16.5	2980	48151-48183
#FCF9F8	48167.5	16	2980	48151-48183
#FCF9F8	48167	15.5	2980	48151-48183
#FCF7F7	48167	16.5	2981	48151-48184
#FCF7F7	48167.5	17	2981	48151-48184
#FCF7F7	48168	16.5	2981	48151-48184
#FCF7F7	48167.5	16	2981	48151-48184
#F6EBEA	48167.5	17	2982	48151-48185
#F6EBEA	48168	17.5	2982	48151-48185
#F6EBEA	48168.5	17	2982	48151-48185
#F6EBEA	48168	16.5	2982	48151-48185
#FEFCFC	48168	17.5	2983	48151-48186
#FEFCFC	48168.5	18	2983	48151-48186
#FEFCFC	48169	17.5	2983	48151-48186
#FEFCFC	48168.5	17	2983	48151-48186
#FDFCFE	48168.5	18	2984	48151-48187
#FDFCFE	48169	18.5	2984	48151-48187
#FDFCFE	48169.5	18	2984	48151-48187
#FDFCFE	48169	17.5	2984	48151-48187
#FCF9F9	48169	18.5	2985	48151-48188
#FCF9F9	48169.5	19	2985	48151-48188
#FCF9F9	48170	18.5	2985	48151-48188
#FCF9F9	48169.5	18	2985	48151-48188
#FEFDFD	48169.5	19	2986	48151-48189
#FEFDFD	48170	19.5	2986	48151-48189
#FEFDFD	48170.5	19	2986	48151-48189
#FEFDFD	48170	18.5	2986	48151-48189
#FEFCFC	48170	19.5	2987	48151-48190
#FEFCFC	48170.5	20	2987	48151-48190
#FEFCFC	48171	19.5	2987	48151-48190
#FEFCFC	48170.5	19	2987	48151-48190
#FFFFFF	48170.5	20	2988	48151-48191
#FFFFFF	48171	20.5	2988	48151-48191
#FFFFFF	48171.5	20	2988	48151-48191
#FFFFFF	48171	19.5	2988	48151-48191
#FDFAF9	48171	20.5	2989	48151-48192
#FDFAF9	48171.5	21	2989	48151-48192
#FDFAF9	48172	20.5	2989	48151-48192
#FDFAF9	48171.5	20	2989	48151-48192
#FEFEFF	48171.5	21	2990	48151-48193
#FEFEFF	48172	21.5	2990	48151-48193
#FEFEFF	48172.5	21	2990	48151-48193
#FEFEFF	48172	20.5	2990	48151-48193
#FAF4F3	48172	21.5	2991	48151-48194
#FAF4F3	48172.5	22	2991	48151-48194
#FAF4F3	48173	21.5	2991	48151-48194
#FAF4F3	48172.5	21	2991	48151-48194
#FDFAF9	48172.5	22	2992	48151-48195
#FDFAF9	48173	22.5	2992	48151-48195
#FDFAF9	48173.5	22	2992	48151-48195
#FDFAF9	48173	21.5	2992	48151-48195
#FFFFFF	48173	22.5	2993	48151-48196
#FFFFFF	48173.5	23	2993	48151-48196
#FFFFFF	48174	22.5	2993	48151-48196
#FFFFFF	48173.5	22	2993	48151-48196
#FBF6F5	48173.5	23	2994	48151-48197
#FBF6F5	48174	23.5	2994	48151-48197
#FBF6F5	48174.5	23	2994	48151-48197
#FBF6F5	48174	22.5	2994	48151-48197
#FFFEFE	48174	23.5	2995	48151-48198
#FFFEFE	48174.5	24	2995	48151-48198
#FFFEFE	48175	23.5	2995	48151-48198
#FFFEFE	48174.5	23	2995	48151-48198
#FBF5F4	48174.5	24	2996	48151-48199
#FBF5F4	48175	24.5	2996	48151-48199
#FBF5F4	48175.5	24	2996	48151-48199
#FBF5F4	48175	23.5	2996	48151-48199
#AA5F58	48151.5	0	2997	48152-48152
#AA5F58	48152	0.5	2997	48152-48152
#AA5F58	48152.5	0	2997	48152-48152
#AA5F58	48152	-0.5	2997	48152-48152
#B97871	48152	0.5	2998	48152-48153
#B97871	48152.5	1	2998	48152-48153
#B97871	48153	0.5	2998	48152-48153
#B97871	48152.5	0	2998	48152-48153
#98453F	48152.5	1	2999	48152-48154
#98453F	48153	1.5	2999	48152-48154
#98453F	48153.5	1	2999	48152-48154
#98453F	48153	0.5	2999	48152-48154
#DEB8B3	48153	1.5	3000	48152-48155
#DEB8B3	48153.5	2	3000	48152-48155
#DEB8B3	48154	1.5	3000	48152-48155
#DEB8B3	48153.5	1	3000	48152-48155
#F4E6E4	48153.5	2	3001	48152-48156
#F4E6E4	48154	2.5	3001	48152-48156
#F4E6E4	48154.5	2	3001	48152-48156
#F4E6E4	48154	1.5	3001	48152-48156
#F8EFEE	48154	2.5	3002	48152-48157
#F8EFEE	48154.5	3	3002	48152-48157
#F8EFEE	48155	2.5	3002	48152-48157
#F8EFEE	48154.5	2	3002	48152-48157
#FCF8F7	48154.5	3	3003	48152-48158
#FCF8F7	48155	3.5	3003	48152-48158
#FCF8F7	48155.5	3	3003	48152-48158
#FCF8F7	48155	2.5	3003	48152-48158
#D09F99	48155	3.5	3004	48152-48159
#D09F99	48155.5	4	3004	48152-48159
#D09F99	48156	3.5	3004	48152-48159
#D09F99	48155.5	3	3004	48152-48159
#D1A19B	48155.5	4	3005	48152-48160
#D1A19B	48156	4.5	3005	48152-48160
#D1A19B	48156.5	4	3005	48152-48160
#D1A19B	48156	3.5	3005	48152-48160
#EAD1CD	48156	4.5	3006	48152-48161
#EAD1CD	48156.5	5	3006	48152-48161
#EAD1CD	48157	4.5	3006	48152-48161
#EAD1CD	48156.5	4	3006	48152-48161
#DFBBB7	48156.5	5	3007	48152-48162
#DFBBB7	48157	5.5	3007	48152-48162
#DFBBB7	48157.5	5	3007	48152-48162
#DFBBB7	48157	4.5	3007	48152-48162
#F5E8E6	48157	5.5	3008	48152-48163
#F5E8E6	48157.5	6	3008	48152-48163
#F5E8E6	48158	5.5	3008	48152-48163
#F5E8E6	48157.5	5	3008	48152-48163
#ECD4D1	48157.5	6	3009	48152-48164
#ECD4D1	48158	6.5	3009	48152-48164
#ECD4D1	48158.5	6	3009	48152-48164
#ECD4D1	48158	5.5	3009	48152-48164
#F4E6E4	48158	6.5	3010	48152-48165
#F4E6E4	48158.5	7	3010	48152-48165
#F4E6E4	48159	6.5	3010	48152-48165
#F4E6E4	48158.5	6	3010	48152-48165
#F9F0EF	48158.5	7	3011	48152-48166
#F9F0EF	48159	7.5	3011	48152-48166
#F9F0EF	48159.5	7	3011	48152-48166
#F9F0EF	48159	6.5	3011	48152-48166
#F1E0DD	48159	7.5	3012	48152-48167
#F1E0DD	48159.5	8	3012	48152-48167
#F1E0DD	48160	7.5	3012	48152-48167
#F1E0DD	48159.5	7	3012	48152-48167
#FCF7F7	48159.5	8	3013	48152-48168
#FCF7F7	48160	8.5	3013	48152-48168
#FCF7F7	48160.5	8	3013	48152-48168
#FCF7F7	48160	7.5	3013	48152-48168
#EBD3D0	48160	8.5	3014	48152-48169
#EBD3D0	48160.5	9	3014	48152-48169
#EBD3D0	48161	8.5	3014	48152-48169
#EBD3D0	48160.5	8	3014	48152-48169
#E7CAC6	48160.5	9	3015	48152-48170
#E7CAC6	48161	9.5	3015	48152-48170
#E7CAC6	48161.5	9	3015	48152-48170
#E7CAC6	48161	8.5	3015	48152-48170
#DFBAB5	48161	9.5	3016	48152-48171
#DFBAB5	48161.5	10	3016	48152-48171
#DFBAB5	48162	9.5	3016	48152-48171
#DFBAB5	48161.5	9	3016	48152-48171
#F2E2E0	48161.5	10	3017	48152-48172
#F2E2E0	48162	10.5	3017	48152-48172
#F2E2E0	48162.5	10	3017	48152-48172
#F2E2E0	48162	9.5	3017	48152-48172
#F2E1DF	48162	10.5	3018	48152-48173
#F2E1DF	48162.5	11	3018	48152-48173
#F2E1DF	48163	10.5	3018	48152-48173
#F2E1DF	48162.5	10	3018	48152-48173
#EED9D7	48162.5	11	3019	48152-48174
#EED9D7	48163	11.5	3019	48152-48174
#EED9D7	48163.5	11	3019	48152-48174
#EED9D7	48163	10.5	3019	48152-48174
#E0BCB7	48163	11.5	3020	48152-48175
#E0BCB7	48163.5	12	3020	48152-48175
#E0BCB7	48164	11.5	3020	48152-48175
#E0BCB7	48163.5	11	3020	48152-48175
#F3E4E2	48163.5	12	3021	48152-48176
#F3E4E2	48164	12.5	3021	48152-48176
#F3E4E2	48164.5	12	3021	48152-48176
#F3E4E2	48164	11.5	3021	48152-48176
#F5E8E6	48164	12.5	3022	48152-48177
#F5E8E6	48164.5	13	3022	48152-48177
#F5E8E6	48165	12.5	3022	48152-48177
#F5E8E6	48164.5	12	3022	48152-48177
#E5C6C2	48164.5	13	3023	48152-48178
#E5C6C2	48165	13.5	3023	48152-48178
#E5C6C2	48165.5	13	3023	48152-48178
#E5C6C2	48165	12.5	3023	48152-48178
#E5C7C3	48165	13.5	3024	48152-48179
#E5C7C3	48165.5	14	3024	48152-48179
#E5C7C3	48166	13.5	3024	48152-48179
#E5C7C3	48165.5	13	3024	48152-48179
#E9D0CC	48165.5	14	3025	48152-48180
#E9D0CC	48166	14.5	3025	48152-48180
#E9D0CC	48166.5	14	3025	48152-48180
#E9D0CC	48166	13.5	3025	48152-48180
#EDD7D4	48166	14.5	3026	48152-48181
#EDD7D4	48166.5	15	3026	48152-48181
#EDD7D4	48167	14.5	3026	48152-48181
#EDD7D4	48166.5	14	3026	48152-48181
#F5E8E6	48166.5	15	3027	48152-48182
#F5E8E6	48167	15.5	3027	48152-48182
#F5E8E6	48167.5	15	3027	48152-48182
#F5E8E6	48167	14.5	3027	48152-48182
#FDFAF9	48167	15.5	3028	48152-48183
#FDFAF9	48167.5	16	3028	48152-48183
#FDFAF9	48168	15.5	3028	48152-48183
#FDFAF9	48167.5	15	3028	48152-48183
#FEFEFE	48167.5	16	3029	48152-48184
#FEFEFE	48168	16.5	3029	48152-48184
#FEFEFE	48168.5	16	3029	48152-48184
#FEFEFE	48168	15.5	3029	48152-48184
#FCF7F7	48168	16.5	3030	48152-48185
#FCF7F7	48168.5	17	3030	48152-48185
#FCF7F7	48169	16.5	3030	48152-48185
#FCF7F7	48168.5	16	3030	48152-48185
#FFFEFE	48168.5	17	3031	48152-48186
#FFFEFE	48169	17.5	3031	48152-48186
#FFFEFE	48169.5	17	3031	48152-48186
#FFFEFE	48169	16.5	3031	48152-48186
#FCF9F9	48169	17.5	3032	48152-48187
#FCF9F9	48169.5	18	3032	48152-48187
#FCF9F9	48170	17.5	3032	48152-48187
#FCF9F9	48169.5	17	3032	48152-48187
#FDFAF9	48169.5	18	3033	48152-48188
#FDFAF9	48170	18.5	3033	48152-48188
#FDFAF9	48170.5	18	3033	48152-48188
#FDFAF9	48170	17.5	3033	48152-48188
#FFFEFE	48170	18.5	3034	48152-48189
#FFFEFE	48170.5	19	3034	48152-48189
#FFFEFE	48171	18.5	3034	48152-48189
#FFFEFE	48170.5	18	3034	48152-48189
#FAF4F3	48170.5	19	3035	48152-48190
#FAF4F3	48171	19.5	3035	48152-48190
#FAF4F3	48171.5	19	3035	48152-48190
#FAF4F3	48171	18.5	3035	48152-48190
#FEFDFD	48171	19.5	3036	48152-48191
#FEFDFD	48171.5	20	3036	48152-48191
#FEFDFD	48172	19.5	3036	48152-48191
#FEFDFD	48171.5	19	3036	48152-48191
#FDFDFE	48171.5	20	3037	48152-48192
#FDFDFE	48172	20.5	3037	48152-48192
#FDFDFE	48172.5	20	3037	48152-48192
#FDFDFE	48172	19.5	3037	48152-48192
#FCF8F8	48172	20.5	3038	48152-48193
#FCF8F8	48172.5	21	3038	48152-48193
#FCF8F8	48173	20.5	3038	48152-48193
#FCF8F8	48172.5	20	3038	48152-48193
#FEFDFD	48172.5	21	3039	48152-48194
#FEFDFD	48173	21.5	3039	48152-48194
#FEFDFD	48173.5	21	3039	48152-48194
#FEFDFD	48173	20.5	3039	48152-48194
#FDFBFB	48173	21.5	3040	48152-48195
#FDFBFB	48173.5	22	3040	48152-48195
#FDFBFB	48174	21.5	3040	48152-48195
#FDFBFB	48173.5	21	3040	48152-48195
#FEFDFD	48173.5	22	3041	48152-48196
#FEFDFD	48174	22.5	3041	48152-48196
#FEFDFD	48174.5	22	3041	48152-48196
#FEFDFD	48174	21.5	3041	48152-48196
#FFFFFF	48174	22.5	3042	48152-48197
#FFFFFF	48174.5	23	3042	48152-48197
#FFFFFF	48175	22.5	3042	48152-48197
#FFFFFF	48174.5	22	3042	48152-48197
#FEFCFB	48174.5	23	3043	48152-48198
#FEFCFB	48175	23.5	3043	48152-48198
#FEFCFB	48175.5	23	3043	48152-48198
#FEFCFB	48175	22.5	3043	48152-48198
#FAF5F4	48175	23.5	3044	48152-48199
#FAF5F4	48175.5	24	3044	48152-48199
#FAF5F4	48176	23.5	3044	48152-48199
#FAF5F4	48175.5	23	3044	48152-48199
#A65952	48152.5	0	3045	48153-48153
#A65952	48153	0.5	3045	48153-48153
#A65952	48153.5	0	3045	48153-48153
#A65952	48153	-0.5	3045	48153-48153
#CE9A94	48153	0.5	3046	48153-48154
#CE9A94	48153.5	1	3046	48153-48154
#CE9A94	48154	0.5	3046	48153-48154
#CE9A94	48153.5	0	3046	48153-48154
#F0DDDB	48153.5	1	3047	48153-48155
#F0DDDB	48154	1.5	3047	48153-48155
#F0DDDB	48154.5	1	3047	48153-48155
#F0DDDB	48154	0.5	3047	48153-48155
#FDFCFE	48154	1.5	3048	48153-48156
#FDFCFE	48154.5	2	3048	48153-48156
#FDFCFE	48155	1.5	3048	48153-48156
#FDFCFE	48154.5	1	3048	48153-48156
#FDF9F9	48154.5	2	3049	48153-48157
#FDF9F9	48155	2.5	3049	48153-48157
#FDF9F9	48155.5	2	3049	48153-48157
#FDF9F9	48155	1.5	3049	48153-48157
#FBF6F6	48155	2.5	3050	48153-48158
#FBF6F6	48155.5	3	3050	48153-48158
#FBF6F6	48156	2.5	3050	48153-48158
#FBF6F6	48155.5	2	3050	48153-48158
#D9AFAA	48155.5	3	3051	48153-48159
#D9AFAA	48156	3.5	3051	48153-48159
#D9AFAA	48156.5	3	3051	48153-48159
#D9AFAA	48156	2.5	3051	48153-48159
#D4A6A0	48156	3.5	3052	48153-48160
#D4A6A0	48156.5	4	3052	48153-48160
#D4A6A0	48157	3.5	3052	48153-48160
#D4A6A0	48156.5	3	3052	48153-48160
#EAD0CC	48156.5	4	3053	48153-48161
#EAD0CC	48157	4.5	3053	48153-48161
#EAD0CC	48157.5	4	3053	48153-48161
#EAD0CC	48157	3.5	3053	48153-48161
#EAD2CF	48157	4.5	3054	48153-48162
#EAD2CF	48157.5	5	3054	48153-48162
#EAD2CF	48158	4.5	3054	48153-48162
#EAD2CF	48157.5	4	3054	48153-48162
#EFDBD8	48157.5	5	3055	48153-48163
#EFDBD8	48158	5.5	3055	48153-48163
#EFDBD8	48158.5	5	3055	48153-48163
#EFDBD8	48158	4.5	3055	48153-48163
#EBD4D0	48158	5.5	3056	48153-48164
#EBD4D0	48158.5	6	3056	48153-48164
#EBD4D0	48159	5.5	3056	48153-48164
#EBD4D0	48158.5	5	3056	48153-48164
#EAD2CE	48158.5	6	3057	48153-48165
#EAD2CE	48159	6.5	3057	48153-48165
#EAD2CE	48159.5	6	3057	48153-48165
#EAD2CE	48159	5.5	3057	48153-48165
#FEFDFD	48159	6.5	3058	48153-48166
#FEFDFD	48159.5	7	3058	48153-48166
#FEFDFD	48160	6.5	3058	48153-48166
#FEFDFD	48159.5	6	3058	48153-48166
#FBF6F5	48159.5	7	3059	48153-48167
#FBF6F5	48160	7.5	3059	48153-48167
#FBF6F5	48160.5	7	3059	48153-48167
#FBF6F5	48160	6.5	3059	48153-48167
#FEFDFC	48160	7.5	3060	48153-48168
#FEFDFC	48160.5	8	3060	48153-48168
#FEFDFC	48161	7.5	3060	48153-48168
#FEFDFC	48160.5	7	3060	48153-48168
#F6EAE9	48160.5	8	3061	48153-48169
#F6EAE9	48161	8.5	3061	48153-48169
#F6EAE9	48161.5	8	3061	48153-48169
#F6EAE9	48161	7.5	3061	48153-48169
#F4E7E5	48161	8.5	3062	48153-48170
#F4E7E5	48161.5	9	3062	48153-48170
#F4E7E5	48162	8.5	3062	48153-48170
#F4E7E5	48161.5	8	3062	48153-48170
#F1DFDC	48161.5	9	3063	48153-48171
#F1DFDC	48162	9.5	3063	48153-48171
#F1DFDC	48162.5	9	3063	48153-48171
#F1DFDC	48162	8.5	3063	48153-48171
#F5E9E7	48162	9.5	3064	48153-48172
#F5E9E7	48162.5	10	3064	48153-48172
#F5E9E7	48163	9.5	3064	48153-48172
#F5E9E7	48162.5	9	3064	48153-48172
#F3E4E2	48162.5	10	3065	48153-48173
#F3E4E2	48163	10.5	3065	48153-48173
#F3E4E2	48163.5	10	3065	48153-48173
#F3E4E2	48163	9.5	3065	48153-48173
#EDD6D3	48163	10.5	3066	48153-48174
#EDD6D3	48163.5	11	3066	48153-48174
#EDD6D3	48164	10.5	3066	48153-48174
#EDD6D3	48163.5	10	3066	48153-48174
#F4E6E4	48163.5	11	3067	48153-48175
#F4E6E4	48164	11.5	3067	48153-48175
#F4E6E4	48164.5	11	3067	48153-48175
#F4E6E4	48164	10.5	3067	48153-48175
#F7ECEA	48164	11.5	3068	48153-48176
#F7ECEA	48164.5	12	3068	48153-48176
#F7ECEA	48165	11.5	3068	48153-48176
#F7ECEA	48164.5	11	3068	48153-48176
#FDFAF9	48164.5	12	3069	48153-48177
#FDFAF9	48165	12.5	3069	48153-48177
#FDFAF9	48165.5	12	3069	48153-48177
#FDFAF9	48165	11.5	3069	48153-48177
#E9CECB	48165	12.5	3070	48153-48178
#E9CECB	48165.5	13	3070	48153-48178
#E9CECB	48166	12.5	3070	48153-48178
#E9CECB	48165.5	12	3070	48153-48178
#F4E5E3	48165.5	13	3071	48153-48179
#F4E5E3	48166	13.5	3071	48153-48179
#F4E5E3	48166.5	13	3071	48153-48179
#F4E5E3	48166	12.5	3071	48153-48179
#F0DEDB	48166	13.5	3072	48153-48180
#F0DEDB	48166.5	14	3072	48153-48180
#F0DEDB	48167	13.5	3072	48153-48180
#F0DEDB	48166.5	13	3072	48153-48180
#E7CAC6	48166.5	14	3073	48153-48181
#E7CAC6	48167	14.5	3073	48153-48181
#E7CAC6	48167.5	14	3073	48153-48181
#E7CAC6	48167	13.5	3073	48153-48181
#FAF4F3	48167	14.5	3074	48153-48182
#FAF4F3	48167.5	15	3074	48153-48182
#FAF4F3	48168	14.5	3074	48153-48182
#FAF4F3	48167.5	14	3074	48153-48182
#FEFDFD	48167.5	15	3075	48153-48183
#FEFDFD	48168	15.5	3075	48153-48183
#FEFDFD	48168.5	15	3075	48153-48183
#FEFDFD	48168	14.5	3075	48153-48183
#FBF6F5	48168	15.5	3076	48153-48184
#FBF6F5	48168.5	16	3076	48153-48184
#FBF6F5	48169	15.5	3076	48153-48184
#FBF6F5	48168.5	15	3076	48153-48184
#F6E9E8	48168.5	16	3077	48153-48185
#F6E9E8	48169	16.5	3077	48153-48185
#F6E9E8	48169.5	16	3077	48153-48185
#F6E9E8	48169	15.5	3077	48153-48185
#FEFCFB	48169	16.5	3078	48153-48186
#FEFCFB	48169.5	17	3078	48153-48186
#FEFCFB	48170	16.5	3078	48153-48186
#FEFCFB	48169.5	16	3078	48153-48186
#FEFDFC	48169.5	17	3079	48153-48187
#FEFDFC	48170	17.5	3079	48153-48187
#FEFDFC	48170.5	17	3079	48153-48187
#FEFDFC	48170	16.5	3079	48153-48187
#FEFCFC	48170	17.5	3080	48153-48188
#FEFCFC	48170.5	18	3080	48153-48188
#FEFCFC	48171	17.5	3080	48153-48188
#FEFCFC	48170.5	17	3080	48153-48188
#F8EEED	48170.5	18	3081	48153-48189
#F8EEED	48171	18.5	3081	48153-48189
#F8EEED	48171.5	18	3081	48153-48189
#F8EEED	48171	17.5	3081	48153-48189
#FEFCFC	48171	18.5	3082	48153-48190
#FEFCFC	48171.5	19	3082	48153-48190
#FEFCFC	48172	18.5	3082	48153-48190
#FEFCFC	48171.5	18	3082	48153-48190
#FEFDFD	48171.5	19	3083	48153-48191
#FEFDFD	48172	19.5	3083	48153-48191
#FEFDFD	48172.5	19	3083	48153-48191
#FEFDFD	48172	18.5	3083	48153-48191
#FEFDFD	48172	19.5	3084	48153-48192
#FEFDFD	48172.5	20	3084	48153-48192
#FEFDFD	48173	19.5	3084	48153-48192
#FEFDFD	48172.5	19	3084	48153-48192
#F8EFED	48172.5	20	3085	48153-48193
#F8EFED	48173	20.5	3085	48153-48193
#F8EFED	48173.5	20	3085	48153-48193
#F8EFED	48173	19.5	3085	48153-48193
#FDFBFA	48173	20.5	3086	48153-48194
#FDFBFA	48173.5	21	3086	48153-48194
#FDFBFA	48174	20.5	3086	48153-48194
#FDFBFA	48173.5	20	3086	48153-48194
#FEFCFC	48173.5	21	3087	48153-48195
#FEFCFC	48174	21.5	3087	48153-48195
#FEFCFC	48174.5	21	3087	48153-48195
#FEFCFC	48174	20.5	3087	48153-48195
#FBF5F4	48174	21.5	3088	48153-48196
#FBF5F4	48174.5	22	3088	48153-48196
#FBF5F4	48175	21.5	3088	48153-48196
#FBF5F4	48174.5	21	3088	48153-48196
#FFFEFF	48174.5	22	3089	48153-48197
#FFFEFF	48175	22.5	3089	48153-48197
#FFFEFF	48175.5	22	3089	48153-48197
#FFFEFF	48175	21.5	3089	48153-48197
#FEFCFC	48175	22.5	3090	48153-48198
#FEFCFC	48175.5	23	3090	48153-48198
#FEFCFC	48176	22.5	3090	48153-48198
#FEFCFC	48175.5	22	3090	48153-48198
#FCF7F7	48175.5	23	3091	48153-48199
#FCF7F7	48176	23.5	3091	48153-48199
#FCF7F7	48176.5	23	3091	48153-48199
#FCF7F7	48176	22.5	3091	48153-48199
#AF6860	48153.5	0	3092	48154-48154
#AF6860	48154	0.5	3092	48154-48154
#AF6860	48154.5	0	3092	48154-48154
#AF6860	48154	-0.5	3092	48154-48154
#D9AFAA	48154	0.5	3093	48154-48155
#D9AFAA	48154.5	1	3093	48154-48155
#D9AFAA	48155	0.5	3093	48154-48155
#D9AFAA	48154.5	0	3093	48154-48155
#F9F2F1	48154.5	1	3094	48154-48156
#F9F2F1	48155	1.5	3094	48154-48156
#F9F2F1	48155.5	1	3094	48154-48156
#F9F2F1	48155	0.5	3094	48154-48156
#EFDBD9	48155	1.5	3095	48154-48157
#EFDBD9	48155.5	2	3095	48154-48157
#EFDBD9	48156	1.5	3095	48154-48157
#EFDBD9	48155.5	1	3095	48154-48157
#CE9B94	48155.5	2	3096	48154-48158
#CE9B94	48156	2.5	3096	48154-48158
#CE9B94	48156.5	2	3096	48154-48158
#CE9B94	48156	1.5	3096	48154-48158
#B7756D	48156	2.5	3097	48154-48159
#B7756D	48156.5	3	3097	48154-48159
#B7756D	48157	2.5	3097	48154-48159
#B7756D	48156.5	2	3097	48154-48159
#C78F89	48156.5	3	3098	48154-48160
#C78F89	48157	3.5	3098	48154-48160
#C78F89	48157.5	3	3098	48154-48160
#C78F89	48157	2.5	3098	48154-48160
#DFBBB6	48157	3.5	3099	48154-48161
#DFBBB6	48157.5	4	3099	48154-48161
#DFBBB6	48158	3.5	3099	48154-48161
#DFBBB6	48157.5	3	3099	48154-48161
#CF9C96	48157.5	4	3100	48154-48162
#CF9C96	48158	4.5	3100	48154-48162
#CF9C96	48158.5	4	3100	48154-48162
#CF9C96	48158	3.5	3100	48154-48162
#E7CBC8	48158	4.5	3101	48154-48163
#E7CBC8	48158.5	5	3101	48154-48163
#E7CBC8	48159	4.5	3101	48154-48163
#E7CBC8	48158.5	4	3101	48154-48163
#DAB0AB	48158.5	5	3102	48154-48164
#DAB0AB	48159	5.5	3102	48154-48164
#DAB0AB	48159.5	5	3102	48154-48164
#DAB0AB	48159	4.5	3102	48154-48164
#E7CBC7	48159	5.5	3103	48154-48165
#E7CBC7	48159.5	6	3103	48154-48165
#E7CBC7	48160	5.5	3103	48154-48165
#E7CBC7	48159.5	5	3103	48154-48165
#F8F0EF	48159.5	6	3104	48154-48166
#F8F0EF	48160	6.5	3104	48154-48166
#F8F0EF	48160.5	6	3104	48154-48166
#F8F0EF	48160	5.5	3104	48154-48166
#F4E6E4	48160	6.5	3105	48154-48167
#F4E6E4	48160.5	7	3105	48154-48167
#F4E6E4	48161	6.5	3105	48154-48167
#F4E6E4	48160.5	6	3105	48154-48167
#F7EDEC	48160.5	7	3106	48154-48168
#F7EDEC	48161	7.5	3106	48154-48168
#F7EDEC	48161.5	7	3106	48154-48168
#F7EDEC	48161	6.5	3106	48154-48168
#F1E0DD	48161	7.5	3107	48154-48169
#F1E0DD	48161.5	8	3107	48154-48169
#F1E0DD	48162	7.5	3107	48154-48169
#F1E0DD	48161.5	7	3107	48154-48169
#FBF5F4	48161.5	8	3108	48154-48170
#FBF5F4	48162	8.5	3108	48154-48170
#FBF5F4	48162.5	8	3108	48154-48170
#FBF5F4	48162	7.5	3108	48154-48170
#EEDAD7	48162	8.5	3109	48154-48171
#EEDAD7	48162.5	9	3109	48154-48171
#EEDAD7	48163	8.5	3109	48154-48171
#EEDAD7	48162.5	8	3109	48154-48171
#E3C3BE	48162.5	9	3110	48154-48172
#E3C3BE	48163	9.5	3110	48154-48172
#E3C3BE	48163.5	9	3110	48154-48172
#E3C3BE	48163	8.5	3110	48154-48172
#ECD5D2	48163	9.5	3111	48154-48173
#ECD5D2	48163.5	10	3111	48154-48173
#ECD5D2	48164	9.5	3111	48154-48173
#ECD5D2	48163.5	9	3111	48154-48173
#F0DCDA	48163.5	10	3112	48154-48174
#F0DCDA	48164	10.5	3112	48154-48174
#F0DCDA	48164.5	10	3112	48154-48174
#F0DCDA	48164	9.5	3112	48154-48174
#F1E0DE	48164	10.5	3113	48154-48175
#F1E0DE	48164.5	11	3113	48154-48175
#F1E0DE	48165	10.5	3113	48154-48175
#F1E0DE	48164.5	10	3113	48154-48175
#FCF8F7	48164.5	11	3114	48154-48176
#FCF8F7	48165	11.5	3114	48154-48176
#FCF8F7	48165.5	11	3114	48154-48176
#FCF8F7	48165	10.5	3114	48154-48176
#F2E1DE	48165	11.5	3115	48154-48177
#F2E1DE	48165.5	12	3115	48154-48177
#F2E1DE	48166	11.5	3115	48154-48177
#F2E1DE	48165.5	11	3115	48154-48177
#F6EAE9	48165.5	12	3116	48154-48178
#F6EAE9	48166	12.5	3116	48154-48178
#F6EAE9	48166.5	12	3116	48154-48178
#F6EAE9	48166	11.5	3116	48154-48178
#ECD4D1	48166	12.5	3117	48154-48179
#ECD4D1	48166.5	13	3117	48154-48179
#ECD4D1	48167	12.5	3117	48154-48179
#ECD4D1	48166.5	12	3117	48154-48179
#F3E3E1	48166.5	13	3118	48154-48180
#F3E3E1	48167	13.5	3118	48154-48180
#F3E3E1	48167.5	13	3118	48154-48180
#F3E3E1	48167	12.5	3118	48154-48180
#F3E4E2	48167	13.5	3119	48154-48181
#F3E4E2	48167.5	14	3119	48154-48181
#F3E4E2	48168	13.5	3119	48154-48181
#F3E4E2	48167.5	13	3119	48154-48181
#F3E5E3	48167.5	14	3120	48154-48182
#F3E5E3	48168	14.5	3120	48154-48182
#F3E5E3	48168.5	14	3120	48154-48182
#F3E5E3	48168	13.5	3120	48154-48182
#FDFBFA	48168	14.5	3121	48154-48183
#FDFBFA	48168.5	15	3121	48154-48183
#FDFBFA	48169	14.5	3121	48154-48183
#FDFBFA	48168.5	14	3121	48154-48183
#FCF7F7	48168.5	15	3122	48154-48184
#FCF7F7	48169	15.5	3122	48154-48184
#FCF7F7	48169.5	15	3122	48154-48184
#FCF7F7	48169	14.5	3122	48154-48184
#FDFBFB	48169	15.5	3123	48154-48185
#FDFBFB	48169.5	16	3123	48154-48185
#FDFBFB	48170	15.5	3123	48154-48185
#FDFBFB	48169.5	15	3123	48154-48185
#F7EDEC	48169.5	16	3124	48154-48186
#F7EDEC	48170	16.5	3124	48154-48186
#F7EDEC	48170.5	16	3124	48154-48186
#F7EDEC	48170	15.5	3124	48154-48186
#FDF9F9	48170	16.5	3125	48154-48187
#FDF9F9	48170.5	17	3125	48154-48187
#FDF9F9	48171	16.5	3125	48154-48187
#FDF9F9	48170.5	16	3125	48154-48187
#FCF7F7	48170.5	17	3126	48154-48188
#FCF7F7	48171	17.5	3126	48154-48188
#FCF7F7	48171.5	17	3126	48154-48188
#FCF7F7	48171	16.5	3126	48154-48188
#FDFDFE	48171	17.5	3127	48154-48189
#FDFDFE	48171.5	18	3127	48154-48189
#FDFDFE	48172	17.5	3127	48154-48189
#FDFDFE	48171.5	17	3127	48154-48189
#FCF9F8	48171.5	18	3128	48154-48190
#FCF9F8	48172	18.5	3128	48154-48190
#FCF9F8	48172.5	18	3128	48154-48190
#FCF9F8	48172	17.5	3128	48154-48190
#FDFBFA	48172	18.5	3129	48154-48191
#FDFBFA	48172.5	19	3129	48154-48191
#FDFBFA	48173	18.5	3129	48154-48191
#FDFBFA	48172.5	18	3129	48154-48191
#FAF4F3	48172.5	19	3130	48154-48192
#FAF4F3	48173	19.5	3130	48154-48192
#FAF4F3	48173.5	19	3130	48154-48192
#FAF4F3	48173	18.5	3130	48154-48192
#F9F1F0	48173	19.5	3131	48154-48193
#F9F1F0	48173.5	20	3131	48154-48193
#F9F1F0	48174	19.5	3131	48154-48193
#F9F1F0	48173.5	19	3131	48154-48193
#FAF4F3	48173.5	20	3132	48154-48194
#FAF4F3	48174	20.5	3132	48154-48194
#FAF4F3	48174.5	20	3132	48154-48194
#FAF4F3	48174	19.5	3132	48154-48194
#FEFEFE	48174	20.5	3133	48154-48195
#FEFEFE	48174.5	21	3133	48154-48195
#FEFEFE	48175	20.5	3133	48154-48195
#FEFEFE	48174.5	20	3133	48154-48195
#FEFCFC	48174.5	21	3134	48154-48196
#FEFCFC	48175	21.5	3134	48154-48196
#FEFCFC	48175.5	21	3134	48154-48196
#FEFCFC	48175	20.5	3134	48154-48196
#FCF8F7	48175	21.5	3135	48154-48197
#FCF8F7	48175.5	22	3135	48154-48197
#FCF8F7	48176	21.5	3135	48154-48197
#FCF8F7	48175.5	21	3135	48154-48197
#FBF7F6	48175.5	22	3136	48154-48198
#FBF7F6	48176	22.5	3136	48154-48198
#FBF7F6	48176.5	22	3136	48154-48198
#FBF7F6	48176	21.5	3136	48154-48198
#FAF4F3	48176	22.5	3137	48154-48199
#FAF4F3	48176.5	23	3137	48154-48199
#FAF4F3	48177	22.5	3137	48154-48199
#FAF4F3	48176.5	22	3137	48154-48199
#BC7D76	48154.5	0	3138	48155-48155
#BC7D76	48155	0.5	3138	48155-48155
#BC7D76	48155.5	0	3138	48155-48155
#BC7D76	48155	-0.5	3138	48155-48155
#DEB8B3	48155	0.5	3139	48155-48156
#DEB8B3	48155.5	1	3139	48155-48156
#DEB8B3	48156	0.5	3139	48155-48156
#DEB8B3	48155.5	0	3139	48155-48156
#B5716A	48155.5	1	3140	48155-48157
#B5716A	48156	1.5	3140	48155-48157
#B5716A	48156.5	1	3140	48155-48157
#B5716A	48156	0.5	3140	48155-48157
#A3554E	48156	1.5	3141	48155-48158
#A3554E	48156.5	2	3141	48155-48158
#A3554E	48157	1.5	3141	48155-48158
#A3554E	48156.5	1	3141	48155-48158
#8D3330	48156.5	2	3142	48155-48159
#8D3330	48157	2.5	3142	48155-48159
#8D3330	48157.5	2	3142	48155-48159
#8D3330	48157	1.5	3142	48155-48159
#98453F	48157	2.5	3143	48155-48160
#98453F	48157.5	3	3143	48155-48160
#98453F	48158	2.5	3143	48155-48160
#98453F	48157.5	2	3143	48155-48160
#BB7B74	48157.5	3	3144	48155-48161
#BB7B74	48158	3.5	3144	48155-48161
#BB7B74	48158.5	3	3144	48155-48161
#BB7B74	48158	2.5	3144	48155-48161
#BB7B74	48158	3.5	3145	48155-48162
#BB7B74	48158.5	4	3145	48155-48162
#BB7B74	48159	3.5	3145	48155-48162
#BB7B74	48158.5	3	3145	48155-48162
#CF9C96	48158.5	4	3146	48155-48163
#CF9C96	48159	4.5	3146	48155-48163
#CF9C96	48159.5	4	3146	48155-48163
#CF9C96	48159	3.5	3146	48155-48163
#DAB2AD	48159	4.5	3147	48155-48164
#DAB2AD	48159.5	5	3147	48155-48164
#DAB2AD	48160	4.5	3147	48155-48164
#DAB2AD	48159.5	4	3147	48155-48164
#E5C7C3	48159.5	5	3148	48155-48165
#E5C7C3	48160	5.5	3148	48155-48165
#E5C7C3	48160.5	5	3148	48155-48165
#E5C7C3	48160	4.5	3148	48155-48165
#F6EAE8	48160	5.5	3149	48155-48166
#F6EAE8	48160.5	6	3149	48155-48166
#F6EAE8	48161	5.5	3149	48155-48166
#F6EAE8	48160.5	5	3149	48155-48166
#E6C9C5	48160.5	6	3150	48155-48167
#E6C9C5	48161	6.5	3150	48155-48167
#E6C9C5	48161.5	6	3150	48155-48167
#E6C9C5	48161	5.5	3150	48155-48167
#F1E0DD	48161	6.5	3151	48155-48168
#F1E0DD	48161.5	7	3151	48155-48168
#F1E0DD	48162	6.5	3151	48155-48168
#F1E0DD	48161.5	6	3151	48155-48168
#E5C6C2	48161.5	7	3152	48155-48169
#E5C6C2	48162	7.5	3152	48155-48169
#E5C6C2	48162.5	7	3152	48155-48169
#E5C6C2	48162	6.5	3152	48155-48169
#E7CAC7	48162	7.5	3153	48155-48170
#E7CAC7	48162.5	8	3153	48155-48170
#E7CAC7	48163	7.5	3153	48155-48170
#E7CAC7	48162.5	7	3153	48155-48170
#DFBBB6	48162.5	8	3154	48155-48171
#DFBBB6	48163	8.5	3154	48155-48171
#DFBBB6	48163.5	8	3154	48155-48171
#DFBBB6	48163	7.5	3154	48155-48171
#DBB2AD	48163	8.5	3155	48155-48172
#DBB2AD	48163.5	9	3155	48155-48172
#DBB2AD	48164	8.5	3155	48155-48172
#DBB2AD	48163.5	8	3155	48155-48172
#D8ADA8	48163.5	9	3156	48155-48173
#D8ADA8	48164	9.5	3156	48155-48173
#D8ADA8	48164.5	9	3156	48155-48173
#D8ADA8	48164	8.5	3156	48155-48173
#E3C3BE	48164	9.5	3157	48155-48174
#E3C3BE	48164.5	10	3157	48155-48174
#E3C3BE	48165	9.5	3157	48155-48174
#E3C3BE	48164.5	9	3157	48155-48174
#F1E0DE	48164.5	10	3158	48155-48175
#F1E0DE	48165	10.5	3158	48155-48175
#F1E0DE	48165.5	10	3158	48155-48175
#F1E0DE	48165	9.5	3158	48155-48175
#EED9D7	48165	10.5	3159	48155-48176
#EED9D7	48165.5	11	3159	48155-48176
#EED9D7	48166	10.5	3159	48155-48176
#EED9D7	48165.5	10	3159	48155-48176
#ECD4D1	48165.5	11	3160	48155-48177
#ECD4D1	48166	11.5	3160	48155-48177
#ECD4D1	48166.5	11	3160	48155-48177
#ECD4D1	48166	10.5	3160	48155-48177
#E6C9C6	48166	11.5	3161	48155-48178
#E6C9C6	48166.5	12	3161	48155-48178
#E6C9C6	48167	11.5	3161	48155-48178
#E6C9C6	48166.5	11	3161	48155-48178
#EFDBD8	48166.5	12	3162	48155-48179
#EFDBD8	48167	12.5	3162	48155-48179
#EFDBD8	48167.5	12	3162	48155-48179
#EFDBD8	48167	11.5	3162	48155-48179
#E0BDB8	48167	12.5	3163	48155-48180
#E0BDB8	48167.5	13	3163	48155-48180
#E0BDB8	48168	12.5	3163	48155-48180
#E0BDB8	48167.5	12	3163	48155-48180
#F2E2E0	48167.5	13	3164	48155-48181
#F2E2E0	48168	13.5	3164	48155-48181
#F2E2E0	48168.5	13	3164	48155-48181
#F2E2E0	48168	12.5	3164	48155-48181
#F3E4E2	48168	13.5	3165	48155-48182
#F3E4E2	48168.5	14	3165	48155-48182
#F3E4E2	48169	13.5	3165	48155-48182
#F3E4E2	48168.5	13	3165	48155-48182
#F6EBE9	48168.5	14	3166	48155-48183
#F6EBE9	48169	14.5	3166	48155-48183
#F6EBE9	48169.5	14	3166	48155-48183
#F6EBE9	48169	13.5	3166	48155-48183
#F3E4E2	48169	14.5	3167	48155-48184
#F3E4E2	48169.5	15	3167	48155-48184
#F3E4E2	48170	14.5	3167	48155-48184
#F3E4E2	48169.5	14	3167	48155-48184
#FBF5F4	48169.5	15	3168	48155-48185
#FBF5F4	48170	15.5	3168	48155-48185
#FBF5F4	48170.5	15	3168	48155-48185
#FBF5F4	48170	14.5	3168	48155-48185
#F8EFEE	48170	15.5	3169	48155-48186
#F8EFEE	48170.5	16	3169	48155-48186
#F8EFEE	48171	15.5	3169	48155-48186
#F8EFEE	48170.5	15	3169	48155-48186
#FCF7F6	48170.5	16	3170	48155-48187
#FCF7F6	48171	16.5	3170	48155-48187
#FCF7F6	48171.5	16	3170	48155-48187
#FCF7F6	48171	15.5	3170	48155-48187
#FBF6F6	48171	16.5	3171	48155-48188
#FBF6F6	48171.5	17	3171	48155-48188
#FBF6F6	48172	16.5	3171	48155-48188
#FBF6F6	48171.5	16	3171	48155-48188
#FDFAFA	48171.5	17	3172	48155-48189
#FDFAFA	48172	17.5	3172	48155-48189
#FDFAFA	48172.5	17	3172	48155-48189
#FDFAFA	48172	16.5	3172	48155-48189
#F7ECEA	48172	17.5	3173	48155-48190
#F7ECEA	48172.5	18	3173	48155-48190
#F7ECEA	48173	17.5	3173	48155-48190
#F7ECEA	48172.5	17	3173	48155-48190
#FDF9F9	48172.5	18	3174	48155-48191
#FDF9F9	48173	18.5	3174	48155-48191
#FDF9F9	48173.5	18	3174	48155-48191
#FDF9F9	48173	17.5	3174	48155-48191
#FBF5F4	48173	18.5	3175	48155-48192
#FBF5F4	48173.5	19	3175	48155-48192
#FBF5F4	48174	18.5	3175	48155-48192
#FBF5F4	48173.5	18	3175	48155-48192
#F6EBE9	48173.5	19	3176	48155-48193
#F6EBE9	48174	19.5	3176	48155-48193
#F6EBE9	48174.5	19	3176	48155-48193
#F6EBE9	48174	18.5	3176	48155-48193
#F9F2F1	48174	19.5	3177	48155-48194
#F9F2F1	48174.5	20	3177	48155-48194
#F9F2F1	48175	19.5	3177	48155-48194
#F9F2F1	48174.5	19	3177	48155-48194
#F8EFEE	48174.5	20	3178	48155-48195
#F8EFEE	48175	20.5	3178	48155-48195
#F8EFEE	48175.5	20	3178	48155-48195
#F8EFEE	48175	19.5	3178	48155-48195
#FFFEFE	48175	20.5	3179	48155-48196
#FFFEFE	48175.5	21	3179	48155-48196
#FFFEFE	48176	20.5	3179	48155-48196
#FFFEFE	48175.5	20	3179	48155-48196
#FCF8F8	48175.5	21	3180	48155-48197
#FCF8F8	48176	21.5	3180	48155-48197
#FCF8F8	48176.5	21	3180	48155-48197
#FCF8F8	48176	20.5	3180	48155-48197
#F8F0EE	48176	21.5	3181	48155-48198
#F8F0EE	48176.5	22	3181	48155-48198
#F8F0EE	48177	21.5	3181	48155-48198
#F8F0EE	48176.5	21	3181	48155-48198
#FCF7F6	48176.5	22	3182	48155-48199
#FCF7F6	48177	22.5	3182	48155-48199
#FCF7F6	48177.5	22	3182	48155-48199
#FCF7F6	48177	21.5	3182	48155-48199
#B46F68	48155.5	0	3183	48156-48156
#B46F68	48156	0.5	3183	48156-48156
#B46F68	48156.5	0	3183	48156-48156
#B46F68	48156	-0.5	3183	48156-48156
#C68E87	48156	0.5	3184	48156-48157
#C68E87	48156.5	1	3184	48156-48157
#C68E87	48157	0.5	3184	48156-48157
#C68E87	48156.5	0	3184	48156-48157
#B26D65	48156.5	1	3185	48156-48158
#B26D65	48157	1.5	3185	48156-48158
#B26D65	48157.5	1	3185	48156-48158
#B26D65	48157	0.5	3185	48156-48158
#95403B	48157	1.5	3186	48156-48159
#95403B	48157.5	2	3186	48156-48159
#95403B	48158	1.5	3186	48156-48159
#95403B	48157.5	1	3186	48156-48159
#A95D56	48157.5	2	3187	48156-48160
#A95D56	48158	2.5	3187	48156-48160
#A95D56	48158.5	2	3187	48156-48160
#A95D56	48158	1.5	3187	48156-48160
#C28780	48158	2.5	3188	48156-48161
#C28780	48158.5	3	3188	48156-48161
#C28780	48159	2.5	3188	48156-48161
#C28780	48158.5	2	3188	48156-48161
#C78F89	48158.5	3	3189	48156-48162
#C78F89	48159	3.5	3189	48156-48162
#C78F89	48159.5	3	3189	48156-48162
#C78F89	48159	2.5	3189	48156-48162
#CD9A94	48159	3.5	3190	48156-48163
#CD9A94	48159.5	4	3190	48156-48163
#CD9A94	48160	3.5	3190	48156-48163
#CD9A94	48159.5	3	3190	48156-48163
#DCB4AF	48159.5	4	3191	48156-48164
#DCB4AF	48160	4.5	3191	48156-48164
#DCB4AF	48160.5	4	3191	48156-48164
#DCB4AF	48160	3.5	3191	48156-48164
#E8CECA	48160	4.5	3192	48156-48165
#E8CECA	48160.5	5	3192	48156-48165
#E8CECA	48161	4.5	3192	48156-48165
#E8CECA	48160.5	4	3192	48156-48165
#EED9D6	48160.5	5	3193	48156-48166
#EED9D6	48161	5.5	3193	48156-48166
#EED9D6	48161.5	5	3193	48156-48166
#EED9D6	48161	4.5	3193	48156-48166
#F7EDEC	48161	5.5	3194	48156-48167
#F7EDEC	48161.5	6	3194	48156-48167
#F7EDEC	48162	5.5	3194	48156-48167
#F7EDEC	48161.5	5	3194	48156-48167
#F3E5E3	48161.5	6	3195	48156-48168
#F3E5E3	48162	6.5	3195	48156-48168
#F3E5E3	48162.5	6	3195	48156-48168
#F3E5E3	48162	5.5	3195	48156-48168
#DFBBB7	48162	6.5	3196	48156-48169
#DFBBB7	48162.5	7	3196	48156-48169
#DFBBB7	48163	6.5	3196	48156-48169
#DFBBB7	48162.5	6	3196	48156-48169
#F4E6E4	48162.5	7	3197	48156-48170
#F4E6E4	48163	7.5	3197	48156-48170
#F4E6E4	48163.5	7	3197	48156-48170
#F4E6E4	48163	6.5	3197	48156-48170
#ECD5D2	48163	7.5	3198	48156-48171
#ECD5D2	48163.5	8	3198	48156-48171
#ECD5D2	48164	7.5	3198	48156-48171
#ECD5D2	48163.5	7	3198	48156-48171
#E5C6C2	48163.5	8	3199	48156-48172
#E5C6C2	48164	8.5	3199	48156-48172
#E5C6C2	48164.5	8	3199	48156-48172
#E5C6C2	48164	7.5	3199	48156-48172
#E3C2BE	48164	8.5	3200	48156-48173
#E3C2BE	48164.5	9	3200	48156-48173
#E3C2BE	48165	8.5	3200	48156-48173
#E3C2BE	48164.5	8	3200	48156-48173
#E6C8C4	48164.5	9	3201	48156-48174
#E6C8C4	48165	9.5	3201	48156-48174
#E6C8C4	48165.5	9	3201	48156-48174
#E6C8C4	48165	8.5	3201	48156-48174
#EAD0CD	48165	9.5	3202	48156-48175
#EAD0CD	48165.5	10	3202	48156-48175
#EAD0CD	48166	9.5	3202	48156-48175
#EAD0CD	48165.5	9	3202	48156-48175
#EAD0CD	48165.5	10	3203	48156-48176
#EAD0CD	48166	10.5	3203	48156-48176
#EAD0CD	48166.5	10	3203	48156-48176
#EAD0CD	48166	9.5	3203	48156-48176
#F2E1DF	48166	10.5	3204	48156-48177
#F2E1DF	48166.5	11	3204	48156-48177
#F2E1DF	48167	10.5	3204	48156-48177
#F2E1DF	48166.5	10	3204	48156-48177
#F4E7E5	48166.5	11	3205	48156-48178
#F4E7E5	48167	11.5	3205	48156-48178
#F4E7E5	48167.5	11	3205	48156-48178
#F4E7E5	48167	10.5	3205	48156-48178
#E9CFCC	48167	11.5	3206	48156-48179
#E9CFCC	48167.5	12	3206	48156-48179
#E9CFCC	48168	11.5	3206	48156-48179
#E9CFCC	48167.5	11	3206	48156-48179
#F7ECEA	48167.5	12	3207	48156-48180
#F7ECEA	48168	12.5	3207	48156-48180
#F7ECEA	48168.5	12	3207	48156-48180
#F7ECEA	48168	11.5	3207	48156-48180
#F1DFDD	48168	12.5	3208	48156-48181
#F1DFDD	48168.5	13	3208	48156-48181
#F1DFDD	48169	12.5	3208	48156-48181
#F1DFDD	48168.5	12	3208	48156-48181
#F9F1F0	48168.5	13	3209	48156-48182
#F9F1F0	48169	13.5	3209	48156-48182
#F9F1F0	48169.5	13	3209	48156-48182
#F9F1F0	48169	12.5	3209	48156-48182
#F6EBE9	48169	13.5	3210	48156-48183
#F6EBE9	48169.5	14	3210	48156-48183
#F6EBE9	48170	13.5	3210	48156-48183
#F6EBE9	48169.5	13	3210	48156-48183
#FDFAF9	48169.5	14	3211	48156-48184
#FDFAF9	48170	14.5	3211	48156-48184
#FDFAF9	48170.5	14	3211	48156-48184
#FDFAF9	48170	13.5	3211	48156-48184
#F6EBE9	48170	14.5	3212	48156-48185
#F6EBE9	48170.5	15	3212	48156-48185
#F6EBE9	48171	14.5	3212	48156-48185
#F6EBE9	48170.5	14	3212	48156-48185
#FCF8F8	48170.5	15	3213	48156-48186
#FCF8F8	48171	15.5	3213	48156-48186
#FCF8F8	48171.5	15	3213	48156-48186
#FCF8F8	48171	14.5	3213	48156-48186
#FEFCFC	48171	15.5	3214	48156-48187
#FEFCFC	48171.5	16	3214	48156-48187
#FEFCFC	48172	15.5	3214	48156-48187
#FEFCFC	48171.5	15	3214	48156-48187
#FCF8F7	48171.5	16	3215	48156-48188
#FCF8F7	48172	16.5	3215	48156-48188
#FCF8F7	48172.5	16	3215	48156-48188
#FCF8F7	48172	15.5	3215	48156-48188
#F9F2F1	48172	16.5	3216	48156-48189
#F9F2F1	48172.5	17	3216	48156-48189
#F9F2F1	48173	16.5	3216	48156-48189
#F9F2F1	48172.5	16	3216	48156-48189
#F8EEED	48172.5	17	3217	48156-48190
#F8EEED	48173	17.5	3217	48156-48190
#F8EEED	48173.5	17	3217	48156-48190
#F8EEED	48173	16.5	3217	48156-48190
#F9F1F0	48173	17.5	3218	48156-48191
#F9F1F0	48173.5	18	3218	48156-48191
#F9F1F0	48174	17.5	3218	48156-48191
#F9F1F0	48173.5	17	3218	48156-48191
#FFFFFF	48173.5	18	3219	48156-48192
#FFFFFF	48174	18.5	3219	48156-48192
#FFFFFF	48174.5	18	3219	48156-48192
#FFFFFF	48174	17.5	3219	48156-48192
#FDFAFA	48174	18.5	3220	48156-48193
#FDFAFA	48174.5	19	3220	48156-48193
#FDFAFA	48175	18.5	3220	48156-48193
#FDFAFA	48174.5	18	3220	48156-48193
#FFFFFF	48174.5	19	3221	48156-48194
#FFFFFF	48175	19.5	3221	48156-48194
#FFFFFF	48175.5	19	3221	48156-48194
#FFFFFF	48175	18.5	3221	48156-48194
#FEFCFC	48175	19.5	3222	48156-48195
#FEFCFC	48175.5	20	3222	48156-48195
#FEFCFC	48176	19.5	3222	48156-48195
#FEFCFC	48175.5	19	3222	48156-48195
#FBF7F6	48175.5	20	3223	48156-48196
#FBF7F6	48176	20.5	3223	48156-48196
#FBF7F6	48176.5	20	3223	48156-48196
#FBF7F6	48176	19.5	3223	48156-48196
#FDFBFA	48176	20.5	3224	48156-48197
#FDFBFA	48176.5	21	3224	48156-48197
#FDFBFA	48177	20.5	3224	48156-48197
#FDFBFA	48176.5	20	3224	48156-48197
#F7EDEC	48176.5	21	3225	48156-48198
#F7EDEC	48177	21.5	3225	48156-48198
#F7EDEC	48177.5	21	3225	48156-48198
#F7EDEC	48177	20.5	3225	48156-48198
#F5E8E6	48177	21.5	3226	48156-48199
#F5E8E6	48177.5	22	3226	48156-48199
#F5E8E6	48178	21.5	3226	48156-48199
#F5E8E6	48177.5	21	3226	48156-48199
#B06861	48156.5	0	3227	48157-48157
#B06861	48157	0.5	3227	48157-48157
#B06861	48157.5	0	3227	48157-48157
#B06861	48157	-0.5	3227	48157-48157
#CF9C96	48157	0.5	3228	48157-48158
#CF9C96	48157.5	1	3228	48157-48158
#CF9C96	48158	0.5	3228	48157-48158
#CF9C96	48157.5	0	3228	48157-48158
#AA5F58	48157.5	1	3229	48157-48159
#AA5F58	48158	1.5	3229	48157-48159
#AA5F58	48158.5	1	3229	48157-48159
#AA5F58	48158	0.5	3229	48157-48159
#AE665F	48158	1.5	3230	48157-48160
#AE665F	48158.5	2	3230	48157-48160
#AE665F	48159	1.5	3230	48157-48160
#AE665F	48158.5	1	3230	48157-48160
#DCB6B1	48158.5	2	3231	48157-48161
#DCB6B1	48159	2.5	3231	48157-48161
#DCB6B1	48159.5	2	3231	48157-48161
#DCB6B1	48159	1.5	3231	48157-48161
#C58B84	48159	2.5	3232	48157-48162
#C58B84	48159.5	3	3232	48157-48162
#C58B84	48160	2.5	3232	48157-48162
#C58B84	48159.5	2	3232	48157-48162
#E5C7C3	48159.5	3	3233	48157-48163
#E5C7C3	48160	3.5	3233	48157-48163
#E5C7C3	48160.5	3	3233	48157-48163
#E5C7C3	48160	2.5	3233	48157-48163
#E1BEBA	48160	3.5	3234	48157-48164
#E1BEBA	48160.5	4	3234	48157-48164
#E1BEBA	48161	3.5	3234	48157-48164
#E1BEBA	48160.5	3	3234	48157-48164
#F1E0DD	48160.5	4	3235	48157-48165
#F1E0DD	48161	4.5	3235	48157-48165
#F1E0DD	48161.5	4	3235	48157-48165
#F1E0DD	48161	3.5	3235	48157-48165
#F9F2F1	48161	4.5	3236	48157-48166
#F9F2F1	48161.5	5	3236	48157-48166
#F9F2F1	48162	4.5	3236	48157-48166
#F9F2F1	48161.5	4	3236	48157-48166
#F7ECEA	48161.5	5	3237	48157-48167
#F7ECEA	48162	5.5	3237	48157-48167
#F7ECEA	48162.5	5	3237	48157-48167
#F7ECEA	48162	4.5	3237	48157-48167
#F8EFED	48162	5.5	3238	48157-48168
#F8EFED	48162.5	6	3238	48157-48168
#F8EFED	48163	5.5	3238	48157-48168
#F8EFED	48162.5	5	3238	48157-48168
#F6EBE9	48162.5	6	3239	48157-48169
#F6EBE9	48163	6.5	3239	48157-48169
#F6EBE9	48163.5	6	3239	48157-48169
#F6EBE9	48163	5.5	3239	48157-48169
#F3E4E2	48163	6.5	3240	48157-48170
#F3E4E2	48163.5	7	3240	48157-48170
#F3E4E2	48164	6.5	3240	48157-48170
#F3E4E2	48163.5	6	3240	48157-48170
#F6EAE9	48163.5	7	3241	48157-48171
#F6EAE9	48164	7.5	3241	48157-48171
#F6EAE9	48164.5	7	3241	48157-48171
#F6EAE9	48164	6.5	3241	48157-48171
#EFDAD8	48164	7.5	3242	48157-48172
#EFDAD8	48164.5	8	3242	48157-48172
#EFDAD8	48165	7.5	3242	48157-48172
#EFDAD8	48164.5	7	3242	48157-48172
#F5E9E7	48164.5	8	3243	48157-48173
#F5E9E7	48165	8.5	3243	48157-48173
#F5E9E7	48165.5	8	3243	48157-48173
#F5E9E7	48165	7.5	3243	48157-48173
#EED9D7	48165	8.5	3244	48157-48174
#EED9D7	48165.5	9	3244	48157-48174
#EED9D7	48166	8.5	3244	48157-48174
#EED9D7	48165.5	8	3244	48157-48174
#E7CBC7	48165.5	9	3245	48157-48175
#E7CBC7	48166	9.5	3245	48157-48175
#E7CBC7	48166.5	9	3245	48157-48175
#E7CBC7	48166	8.5	3245	48157-48175
#EAD0CC	48166	9.5	3246	48157-48176
#EAD0CC	48166.5	10	3246	48157-48176
#EAD0CC	48167	9.5	3246	48157-48176
#EAD0CC	48166.5	9	3246	48157-48176
#F5E8E6	48166.5	10	3247	48157-48177
#F5E8E6	48167	10.5	3247	48157-48177
#F5E8E6	48167.5	10	3247	48157-48177
#F5E8E6	48167	9.5	3247	48157-48177
#EBD2CF	48167	10.5	3248	48157-48178
#EBD2CF	48167.5	11	3248	48157-48178
#EBD2CF	48168	10.5	3248	48157-48178
#EBD2CF	48167.5	10	3248	48157-48178
#F2E1DF	48167.5	11	3249	48157-48179
#F2E1DF	48168	11.5	3249	48157-48179
#F2E1DF	48168.5	11	3249	48157-48179
#F2E1DF	48168	10.5	3249	48157-48179
#E6C8C4	48168	11.5	3250	48157-48180
#E6C8C4	48168.5	12	3250	48157-48180
#E6C8C4	48169	11.5	3250	48157-48180
#E6C8C4	48168.5	11	3250	48157-48180
#ECD6D3	48168.5	12	3251	48157-48181
#ECD6D3	48169	12.5	3251	48157-48181
#ECD6D3	48169.5	12	3251	48157-48181
#ECD6D3	48169	11.5	3251	48157-48181
#F4E6E4	48169	12.5	3252	48157-48182
#F4E6E4	48169.5	13	3252	48157-48182
#F4E6E4	48170	12.5	3252	48157-48182
#F4E6E4	48169.5	12	3252	48157-48182
#FEFDFD	48169.5	13	3253	48157-48183
#FEFDFD	48170	13.5	3253	48157-48183
#FEFDFD	48170.5	13	3253	48157-48183
#FEFDFD	48170	12.5	3253	48157-48183
#FDFBFB	48170	13.5	3254	48157-48184
#FDFBFB	48170.5	14	3254	48157-48184
#FDFBFB	48171	13.5	3254	48157-48184
#FDFBFB	48170.5	13	3254	48157-48184
#FEFCFC	48170.5	14	3255	48157-48185
#FEFCFC	48171	14.5	3255	48157-48185
#FEFCFC	48171.5	14	3255	48157-48185
#FEFCFC	48171	13.5	3255	48157-48185
#FAF4F3	48171	14.5	3256	48157-48186
#FAF4F3	48171.5	15	3256	48157-48186
#FAF4F3	48172	14.5	3256	48157-48186
#FAF4F3	48171.5	14	3256	48157-48186
#FDFAF9	48171.5	15	3257	48157-48187
#FDFAF9	48172	15.5	3257	48157-48187
#FDFAF9	48172.5	15	3257	48157-48187
#FDFAF9	48172	14.5	3257	48157-48187
#FCF7F6	48172	15.5	3258	48157-48188
#FCF7F6	48172.5	16	3258	48157-48188
#FCF7F6	48173	15.5	3258	48157-48188
#FCF7F6	48172.5	15	3258	48157-48188
#F9F1F0	48172.5	16	3259	48157-48189
#F9F1F0	48173	16.5	3259	48157-48189
#F9F1F0	48173.5	16	3259	48157-48189
#F9F1F0	48173	15.5	3259	48157-48189
#F9F8FC	48173	16.5	3260	48157-48190
#F9F8FC	48173.5	17	3260	48157-48190
#F9F8FC	48174	16.5	3260	48157-48190
#F9F8FC	48173.5	16	3260	48157-48190
#FBF5F4	48173.5	17	3261	48157-48191
#FBF5F4	48174	17.5	3261	48157-48191
#FBF5F4	48174.5	17	3261	48157-48191
#FBF5F4	48174	16.5	3261	48157-48191
#FCF9F8	48174	17.5	3262	48157-48192
#FCF9F8	48174.5	18	3262	48157-48192
#FCF9F8	48175	17.5	3262	48157-48192
#FCF9F8	48174.5	17	3262	48157-48192
#F9F2F1	48174.5	18	3263	48157-48193
#F9F2F1	48175	18.5	3263	48157-48193
#F9F2F1	48175.5	18	3263	48157-48193
#F9F2F1	48175	17.5	3263	48157-48193
#FDF9F9	48175	18.5	3264	48157-48194
#FDF9F9	48175.5	19	3264	48157-48194
#FDF9F9	48176	18.5	3264	48157-48194
#FDF9F9	48175.5	18	3264	48157-48194
#FEFEFF	48175.5	19	3265	48157-48195
#FEFEFF	48176	19.5	3265	48157-48195
#FEFEFF	48176.5	19	3265	48157-48195
#FEFEFF	48176	18.5	3265	48157-48195
#FBF6F6	48176	19.5	3266	48157-48196
#FBF6F6	48176.5	20	3266	48157-48196
#FBF6F6	48177	19.5	3266	48157-48196
#FBF6F6	48176.5	19	3266	48157-48196
#FCF8F8	48176.5	20	3267	48157-48197
#FCF8F8	48177	20.5	3267	48157-48197
#FCF8F8	48177.5	20	3267	48157-48197
#FCF8F8	48177	19.5	3267	48157-48197
#F9F2F1	48177	20.5	3268	48157-48198
#F9F2F1	48177.5	21	3268	48157-48198
#F9F2F1	48178	20.5	3268	48157-48198
#F9F2F1	48177.5	20	3268	48157-48198
#FBF7F6	48177.5	21	3269	48157-48199
#FBF7F6	48178	21.5	3269	48157-48199
#FBF7F6	48178.5	21	3269	48157-48199
#FBF7F6	48178	20.5	3269	48157-48199
#AC635C	48157.5	0	3270	48158-48158
#AC635C	48158	0.5	3270	48158-48158
#AC635C	48158.5	0	3270	48158-48158
#AC635C	48158	-0.5	3270	48158-48158
#AD645C	48158	0.5	3271	48158-48159
#AD645C	48158.5	1	3271	48158-48159
#AD645C	48159	0.5	3271	48158-48159
#AD645C	48158.5	0	3271	48158-48159
#C68E87	48158.5	1	3272	48158-48160
#C68E87	48159	1.5	3272	48158-48160
#C68E87	48159.5	1	3272	48158-48160
#C68E87	48159	0.5	3272	48158-48160
#ECD5D2	48159	1.5	3273	48158-48161
#ECD5D2	48159.5	2	3273	48158-48161
#ECD5D2	48160	1.5	3273	48158-48161
#ECD5D2	48159.5	1	3273	48158-48161
#DBB3AE	48159.5	2	3274	48158-48162
#DBB3AE	48160	2.5	3274	48158-48162
#DBB3AE	48160.5	2	3274	48158-48162
#DBB3AE	48160	1.5	3274	48158-48162
#E3C2BE	48160	2.5	3275	48158-48163
#E3C2BE	48160.5	3	3275	48158-48163
#E3C2BE	48161	2.5	3275	48158-48163
#E3C2BE	48160.5	2	3275	48158-48163
#EFDBD8	48160.5	3	3276	48158-48164
#EFDBD8	48161	3.5	3276	48158-48164
#EFDBD8	48161.5	3	3276	48158-48164
#EFDBD8	48161	2.5	3276	48158-48164
#F8EEED	48161	3.5	3277	48158-48165
#F8EEED	48161.5	4	3277	48158-48165
#F8EEED	48162	3.5	3277	48158-48165
#F8EEED	48161.5	3	3277	48158-48165
#F8EEED	48161.5	4	3278	48158-48166
#F8EEED	48162	4.5	3278	48158-48166
#F8EEED	48162.5	4	3278	48158-48166
#F8EEED	48162	3.5	3278	48158-48166
#FDFBFB	48162	4.5	3279	48158-48167
#FDFBFB	48162.5	5	3279	48158-48167
#FDFBFB	48163	4.5	3279	48158-48167
#FDFBFB	48162.5	4	3279	48158-48167
#FDFBFA	48162.5	5	3280	48158-48168
#FDFBFA	48163	5.5	3280	48158-48168
#FDFBFA	48163.5	5	3280	48158-48168
#FDFBFA	48163	4.5	3280	48158-48168
#FCF8F8	48163	5.5	3281	48158-48169
#FCF8F8	48163.5	6	3281	48158-48169
#FCF8F8	48164	5.5	3281	48158-48169
#FCF8F8	48163.5	5	3281	48158-48169
#FCF9F9	48163.5	6	3282	48158-48170
#FCF9F9	48164	6.5	3282	48158-48170
#FCF9F9	48164.5	6	3282	48158-48170
#FCF9F9	48164	5.5	3282	48158-48170
#F7EDEC	48164	6.5	3283	48158-48171
#F7EDEC	48164.5	7	3283	48158-48171
#F7EDEC	48165	6.5	3283	48158-48171
#F7EDEC	48164.5	6	3283	48158-48171
#EED9D6	48164.5	7	3284	48158-48172
#EED9D6	48165	7.5	3284	48158-48172
#EED9D6	48165.5	7	3284	48158-48172
#EED9D6	48165	6.5	3284	48158-48172
#F8F0EF	48165	7.5	3285	48158-48173
#F8F0EF	48165.5	8	3285	48158-48173
#F8F0EF	48166	7.5	3285	48158-48173
#F8F0EF	48165.5	7	3285	48158-48173
#F7EDEB	48165.5	8	3286	48158-48174
#F7EDEB	48166	8.5	3286	48158-48174
#F7EDEB	48166.5	8	3286	48158-48174
#F7EDEB	48166	7.5	3286	48158-48174
#E8CECA	48166	8.5	3287	48158-48175
#E8CECA	48166.5	9	3287	48158-48175
#E8CECA	48167	8.5	3287	48158-48175
#E8CECA	48166.5	8	3287	48158-48175
#F8F0EE	48166.5	9	3288	48158-48176
#F8F0EE	48167	9.5	3288	48158-48176
#F8F0EE	48167.5	9	3288	48158-48176
#F8F0EE	48167	8.5	3288	48158-48176
#FBF5F5	48167	9.5	3289	48158-48177
#FBF5F5	48167.5	10	3289	48158-48177
#FBF5F5	48168	9.5	3289	48158-48177
#FBF5F5	48167.5	9	3289	48158-48177
#EDD8D5	48167.5	10	3290	48158-48178
#EDD8D5	48168	10.5	3290	48158-48178
#EDD8D5	48168.5	10	3290	48158-48178
#EDD8D5	48168	9.5	3290	48158-48178
#ECD4D1	48168	10.5	3291	48158-48179
#ECD4D1	48168.5	11	3291	48158-48179
#ECD4D1	48169	10.5	3291	48158-48179
#ECD4D1	48168.5	10	3291	48158-48179
#EAD1CE	48168.5	11	3292	48158-48180
#EAD1CE	48169	11.5	3292	48158-48180
#EAD1CE	48169.5	11	3292	48158-48180
#EAD1CE	48169	10.5	3292	48158-48180
#E3C3BF	48169	11.5	3293	48158-48181
#E3C3BF	48169.5	12	3293	48158-48181
#E3C3BF	48170	11.5	3293	48158-48181
#E3C3BF	48169.5	11	3293	48158-48181
#F1E0DE	48169.5	12	3294	48158-48182
#F1E0DE	48170	12.5	3294	48158-48182
#F1E0DE	48170.5	12	3294	48158-48182
#F1E0DE	48170	11.5	3294	48158-48182
#FDFBFA	48170	12.5	3295	48158-48183
#FDFBFA	48170.5	13	3295	48158-48183
#FDFBFA	48171	12.5	3295	48158-48183
#FDFBFA	48170.5	12	3295	48158-48183
#FCF9F8	48170.5	13	3296	48158-48184
#FCF9F8	48171	13.5	3296	48158-48184
#FCF9F8	48171.5	13	3296	48158-48184
#FCF9F8	48171	12.5	3296	48158-48184
#F7EDEB	48171	13.5	3297	48158-48185
#F7EDEB	48171.5	14	3297	48158-48185
#F7EDEB	48172	13.5	3297	48158-48185
#F7EDEB	48171.5	13	3297	48158-48185
#FBF7F6	48171.5	14	3298	48158-48186
#FBF7F6	48172	14.5	3298	48158-48186
#FBF7F6	48172.5	14	3298	48158-48186
#FBF7F6	48172	13.5	3298	48158-48186
#FFFFFF	48172	14.5	3299	48158-48187
#FFFFFF	48172.5	15	3299	48158-48187
#FFFFFF	48173	14.5	3299	48158-48187
#FFFFFF	48172.5	14	3299	48158-48187
#FDFBFB	48172.5	15	3300	48158-48188
#FDFBFB	48173	15.5	3300	48158-48188
#FDFBFB	48173.5	15	3300	48158-48188
#FDFBFB	48173	14.5	3300	48158-48188
#FEFCFC	48173	15.5	3301	48158-48189
#FEFCFC	48173.5	16	3301	48158-48189
#FEFCFC	48174	15.5	3301	48158-48189
#FEFCFC	48173.5	15	3301	48158-48189
#FFFFFF	48173.5	16	3302	48158-48190
#FFFFFF	48174	16.5	3302	48158-48190
#FFFFFF	48174.5	16	3302	48158-48190
#FFFFFF	48174	15.5	3302	48158-48190
#FBFAFD	48174	16.5	3303	48158-48191
#FBFAFD	48174.5	17	3303	48158-48191
#FBFAFD	48175	16.5	3303	48158-48191
#FBFAFD	48174.5	16	3303	48158-48191
#FCF7F6	48174.5	17	3304	48158-48192
#FCF7F6	48175	17.5	3304	48158-48192
#FCF7F6	48175.5	17	3304	48158-48192
#FCF7F6	48175	16.5	3304	48158-48192
#FEFDFD	48175	17.5	3305	48158-48193
#FEFDFD	48175.5	18	3305	48158-48193
#FEFDFD	48176	17.5	3305	48158-48193
#FEFDFD	48175.5	17	3305	48158-48193
#FDFDFE	48175.5	18	3306	48158-48194
#FDFDFE	48176	18.5	3306	48158-48194
#FDFDFE	48176.5	18	3306	48158-48194
#FDFDFE	48176	17.5	3306	48158-48194
#F4E5E3	48176	18.5	3307	48158-48195
#F4E5E3	48176.5	19	3307	48158-48195
#F4E5E3	48177	18.5	3307	48158-48195
#F4E5E3	48176.5	18	3307	48158-48195
#F8EEED	48176.5	19	3308	48158-48196
#F8EEED	48177	19.5	3308	48158-48196
#F8EEED	48177.5	19	3308	48158-48196
#F8EEED	48177	18.5	3308	48158-48196
#FDFAF9	48177	19.5	3309	48158-48197
#FDFAF9	48177.5	20	3309	48158-48197
#FDFAF9	48178	19.5	3309	48158-48197
#FDFAF9	48177.5	19	3309	48158-48197
#FFFEFE	48177.5	20	3310	48158-48198
#FFFEFE	48178	20.5	3310	48158-48198
#FFFEFE	48178.5	20	3310	48158-48198
#FFFEFE	48178	19.5	3310	48158-48198
#FDFBFA	48178	20.5	3311	48158-48199
#FDFBFA	48178.5	21	3311	48158-48199
#FDFBFA	48179	20.5	3311	48158-48199
#FDFBFA	48178.5	20	3311	48158-48199
#97423D	48158.5	0	3312	48159-48159
#97423D	48159	0.5	3312	48159-48159
#97423D	48159.5	0	3312	48159-48159
#97423D	48159	-0.5	3312	48159-48159
#EED9D6	48159	0.5	3313	48159-48160
#EED9D6	48159.5	1	3313	48159-48160
#EED9D6	48160	0.5	3313	48159-48160
#EED9D6	48159.5	0	3313	48159-48160
#FFFEFF	48159.5	1	3314	48159-48161
#FFFEFF	48160	1.5	3314	48159-48161
#FFFEFF	48160.5	1	3314	48159-48161
#FFFEFF	48160	0.5	3314	48159-48161
#EAD1CD	48160	1.5	3315	48159-48162
#EAD1CD	48160.5	2	3315	48159-48162
#EAD1CD	48161	1.5	3315	48159-48162
#EAD1CD	48160.5	1	3315	48159-48162
#EAD1CD	48160.5	2	3316	48159-48163
#EAD1CD	48161	2.5	3316	48159-48163
#EAD1CD	48161.5	2	3316	48159-48163
#EAD1CD	48161	1.5	3316	48159-48163
#EFDBD8	48161	2.5	3317	48159-48164
#EFDBD8	48161.5	3	3317	48159-48164
#EFDBD8	48162	2.5	3317	48159-48164
#EFDBD8	48161.5	2	3317	48159-48164
#FFFFFF	48161.5	3	3318	48159-48165
#FFFFFF	48162	3.5	3318	48159-48165
#FFFFFF	48162.5	3	3318	48159-48165
#FFFFFF	48162	2.5	3318	48159-48165
#F9F1F0	48162	3.5	3319	48159-48166
#F9F1F0	48162.5	4	3319	48159-48166
#F9F1F0	48163	3.5	3319	48159-48166
#F9F1F0	48162.5	3	3319	48159-48166
#F7F6FB	48162.5	4	3320	48159-48167
#F7F6FB	48163	4.5	3320	48159-48167
#F7F6FB	48163.5	4	3320	48159-48167
#F7F6FB	48163	3.5	3320	48159-48167
#F5F4FA	48163	4.5	3321	48159-48168
#F5F4FA	48163.5	5	3321	48159-48168
#F5F4FA	48164	4.5	3321	48159-48168
#F5F4FA	48163.5	4	3321	48159-48168
#FCFBFD	48163.5	5	3322	48159-48169
#FCFBFD	48164	5.5	3322	48159-48169
#FCFBFD	48164.5	5	3322	48159-48169
#FCFBFD	48164	4.5	3322	48159-48169
#F8F8FB	48164	5.5	3323	48159-48170
#F8F8FB	48164.5	6	3323	48159-48170
#F8F8FB	48165	5.5	3323	48159-48170
#F8F8FB	48164.5	5	3323	48159-48170
#FEFCFB	48164.5	6	3324	48159-48171
#FEFCFB	48165	6.5	3324	48159-48171
#FEFCFB	48165.5	6	3324	48159-48171
#FEFCFB	48165	5.5	3324	48159-48171
#F2E1DE	48165	6.5	3325	48159-48172
#F2E1DE	48165.5	7	3325	48159-48172
#F2E1DE	48166	6.5	3325	48159-48172
#F2E1DE	48165.5	6	3325	48159-48172
#F4E7E5	48165.5	7	3326	48159-48173
#F4E7E5	48166	7.5	3326	48159-48173
#F4E7E5	48166.5	7	3326	48159-48173
#F4E7E5	48166	6.5	3326	48159-48173
#F4E7E5	48166	7.5	3327	48159-48174
#F4E7E5	48166.5	8	3327	48159-48174
#F4E7E5	48167	7.5	3327	48159-48174
#F4E7E5	48166.5	7	3327	48159-48174
#E8CCC9	48166.5	8	3328	48159-48175
#E8CCC9	48167	8.5	3328	48159-48175
#E8CCC9	48167.5	8	3328	48159-48175
#E8CCC9	48167	7.5	3328	48159-48175
#FAF4F4	48167	8.5	3329	48159-48176
#FAF4F4	48167.5	9	3329	48159-48176
#FAF4F4	48168	8.5	3329	48159-48176
#FAF4F4	48167.5	8	3329	48159-48176
#FAF4F3	48167.5	9	3330	48159-48177
#FAF4F3	48168	9.5	3330	48159-48177
#FAF4F3	48168.5	9	3330	48159-48177
#FAF4F3	48168	8.5	3330	48159-48177
#F6EBE9	48168	9.5	3331	48159-48178
#F6EBE9	48168.5	10	3331	48159-48178
#F6EBE9	48169	9.5	3331	48159-48178
#F6EBE9	48168.5	9	3331	48159-48178
#E3C2BD	48168.5	10	3332	48159-48179
#E3C2BD	48169	10.5	3332	48159-48179
#E3C2BD	48169.5	10	3332	48159-48179
#E3C2BD	48169	9.5	3332	48159-48179
#E6C9C6	48169	10.5	3333	48159-48180
#E6C9C6	48169.5	11	3333	48159-48180
#E6C9C6	48170	10.5	3333	48159-48180
#E6C9C6	48169.5	10	3333	48159-48180
#E9CFCC	48169.5	11	3334	48159-48181
#E9CFCC	48170	11.5	3334	48159-48181
#E9CFCC	48170.5	11	3334	48159-48181
#E9CFCC	48170	10.5	3334	48159-48181
#EFDCDA	48170	11.5	3335	48159-48182
#EFDCDA	48170.5	12	3335	48159-48182
#EFDCDA	48171	11.5	3335	48159-48182
#EFDCDA	48170.5	11	3335	48159-48182
#F9F2F1	48170.5	12	3336	48159-48183
#F9F2F1	48171	12.5	3336	48159-48183
#F9F2F1	48171.5	12	3336	48159-48183
#F9F2F1	48171	11.5	3336	48159-48183
#F7EDEB	48171	12.5	3337	48159-48184
#F7EDEB	48171.5	13	3337	48159-48184
#F7EDEB	48172	12.5	3337	48159-48184
#F7EDEB	48171.5	12	3337	48159-48184
#FAF4F3	48171.5	13	3338	48159-48185
#FAF4F3	48172	13.5	3338	48159-48185
#FAF4F3	48172.5	13	3338	48159-48185
#FAF4F3	48172	12.5	3338	48159-48185
#FDFBFA	48172	13.5	3339	48159-48186
#FDFBFA	48172.5	14	3339	48159-48186
#FDFBFA	48173	13.5	3339	48159-48186
#FDFBFA	48172.5	13	3339	48159-48186
#FBF6F5	48172.5	14	3340	48159-48187
#FBF6F5	48173	14.5	3340	48159-48187
#FBF6F5	48173.5	14	3340	48159-48187
#FBF6F5	48173	13.5	3340	48159-48187
#FAF4F4	48173	14.5	3341	48159-48188
#FAF4F4	48173.5	15	3341	48159-48188
#FAF4F4	48174	14.5	3341	48159-48188
#FAF4F4	48173.5	14	3341	48159-48188
#FDFAF9	48173.5	15	3342	48159-48189
#FDFAF9	48174	15.5	3342	48159-48189
#FDFAF9	48174.5	15	3342	48159-48189
#FDFAF9	48174	14.5	3342	48159-48189
#FDFAF9	48174	15.5	3343	48159-48190
#FDFAF9	48174.5	16	3343	48159-48190
#FDFAF9	48175	15.5	3343	48159-48190
#FDFAF9	48174.5	15	3343	48159-48190
#FEFCFC	48174.5	16	3344	48159-48191
#FEFCFC	48175	16.5	3344	48159-48191
#FEFCFC	48175.5	16	3344	48159-48191
#FEFCFC	48175	15.5	3344	48159-48191
#FBF6F5	48175	16.5	3345	48159-48192
#FBF6F5	48175.5	17	3345	48159-48192
#FBF6F5	48176	16.5	3345	48159-48192
#FBF6F5	48175.5	16	3345	48159-48192
#FCFCFE	48175.5	17	3346	48159-48193
#FCFCFE	48176	17.5	3346	48159-48193
#FCFCFE	48176.5	17	3346	48159-48193
#FCFCFE	48176	16.5	3346	48159-48193
#F7ECEA	48176	17.5	3347	48159-48194
#F7ECEA	48176.5	18	3347	48159-48194
#F7ECEA	48177	17.5	3347	48159-48194
#F7ECEA	48176.5	17	3347	48159-48194
#FEFDFD	48176.5	18	3348	48159-48195
#FEFDFD	48177	18.5	3348	48159-48195
#FEFDFD	48177.5	18	3348	48159-48195
#FEFDFD	48177	17.5	3348	48159-48195
#FAF3F2	48177	18.5	3349	48159-48196
#FAF3F2	48177.5	19	3349	48159-48196
#FAF3F2	48178	18.5	3349	48159-48196
#FAF3F2	48177.5	18	3349	48159-48196
#FEFCFC	48177.5	19	3350	48159-48197
#FEFCFC	48178	19.5	3350	48159-48197
#FEFCFC	48178.5	19	3350	48159-48197
#FEFCFC	48178	18.5	3350	48159-48197
#FDFBFA	48178	19.5	3351	48159-48198
#FDFBFA	48178.5	20	3351	48159-48198
#FDFBFA	48179	19.5	3351	48159-48198
#FDFBFA	48178.5	19	3351	48159-48198
#FCF8F8	48178.5	20	3352	48159-48199
#FCF8F8	48179	20.5	3352	48159-48199
#FCF8F8	48179.5	20	3352	48159-48199
#FCF8F8	48179	19.5	3352	48159-48199
#C78F89	48159.5	0	3353	48160-48160
#C78F89	48160	0.5	3353	48160-48160
#C78F89	48160.5	0	3353	48160-48160
#C78F89	48160	-0.5	3353	48160-48160
#F7ECEA	48160	0.5	3354	48160-48161
#F7ECEA	48160.5	1	3354	48160-48161
#F7ECEA	48161	0.5	3354	48160-48161
#F7ECEA	48160.5	0	3354	48160-48161
#CF9D97	48160.5	1	3355	48160-48162
#CF9D97	48161	1.5	3355	48160-48162
#CF9D97	48161.5	1	3355	48160-48162
#CF9D97	48161	0.5	3355	48160-48162
#CC9892	48161	1.5	3356	48160-48163
#CC9892	48161.5	2	3356	48160-48163
#CC9892	48162	1.5	3356	48160-48163
#CC9892	48161.5	1	3356	48160-48163
#C68E87	48161.5	2	3357	48160-48164
#C68E87	48162	2.5	3357	48160-48164
#C68E87	48162.5	2	3357	48160-48164
#C68E87	48162	1.5	3357	48160-48164
#F5E8E6	48162	2.5	3358	48160-48165
#F5E8E6	48162.5	3	3358	48160-48165
#F5E8E6	48163	2.5	3358	48160-48165
#F5E8E6	48162.5	2	3358	48160-48165
#E5C6C2	48162.5	3	3359	48160-48166
#E5C6C2	48163	3.5	3359	48160-48166
#E5C6C2	48163.5	3	3359	48160-48166
#E5C6C2	48163	2.5	3359	48160-48166
#FDFAFA	48163	3.5	3360	48160-48167
#FDFAFA	48163.5	4	3360	48160-48167
#FDFAFA	48164	3.5	3360	48160-48167
#FDFAFA	48163.5	3	3360	48160-48167
#FEFDFD	48163.5	4	3361	48160-48168
#FEFDFD	48164	4.5	3361	48160-48168
#FEFDFD	48164.5	4	3361	48160-48168
#FEFDFD	48164	3.5	3361	48160-48168
#F8F7FB	48164	4.5	3362	48160-48169
#F8F7FB	48164.5	5	3362	48160-48169
#F8F7FB	48165	4.5	3362	48160-48169
#F8F7FB	48164.5	4	3362	48160-48169
#F1EFF7	48164.5	5	3363	48160-48170
#F1EFF7	48165	5.5	3363	48160-48170
#F1EFF7	48165.5	5	3363	48160-48170
#F1EFF7	48165	4.5	3363	48160-48170
#FEFCFC	48165	5.5	3364	48160-48171
#FEFCFC	48165.5	6	3364	48160-48171
#FEFCFC	48166	5.5	3364	48160-48171
#FEFCFC	48165.5	5	3364	48160-48171
#F8EEED	48165.5	6	3365	48160-48172
#F8EEED	48166	6.5	3365	48160-48172
#F8EEED	48166.5	6	3365	48160-48172
#F8EEED	48166	5.5	3365	48160-48172
#EEDAD7	48166	6.5	3366	48160-48173
#EEDAD7	48166.5	7	3366	48160-48173
#EEDAD7	48167	6.5	3366	48160-48173
#EEDAD7	48166.5	6	3366	48160-48173
#F6E9E8	48166.5	7	3367	48160-48174
#F6E9E8	48167	7.5	3367	48160-48174
#F6E9E8	48167.5	7	3367	48160-48174
#F6E9E8	48167	6.5	3367	48160-48174
#F5E9E8	48167	7.5	3368	48160-48175
#F5E9E8	48167.5	8	3368	48160-48175
#F5E9E8	48168	7.5	3368	48160-48175
#F5E9E8	48167.5	7	3368	48160-48175
#F7EDEC	48167.5	8	3369	48160-48176
#F7EDEC	48168	8.5	3369	48160-48176
#F7EDEC	48168.5	8	3369	48160-48176
#F7EDEC	48168	7.5	3369	48160-48176
#FAF3F2	48168	8.5	3370	48160-48177
#FAF3F2	48168.5	9	3370	48160-48177
#FAF3F2	48169	8.5	3370	48160-48177
#FAF3F2	48168.5	8	3370	48160-48177
#FAF3F2	48168.5	9	3371	48160-48178
#FAF3F2	48169	9.5	3371	48160-48178
#FAF3F2	48169.5	9	3371	48160-48178
#FAF3F2	48169	8.5	3371	48160-48178
#F5E8E7	48169	9.5	3372	48160-48179
#F5E8E7	48169.5	10	3372	48160-48179
#F5E8E7	48170	9.5	3372	48160-48179
#F5E8E7	48169.5	9	3372	48160-48179
#F6EBE9	48169.5	10	3373	48160-48180
#F6EBE9	48170	10.5	3373	48160-48180
#F6EBE9	48170.5	10	3373	48160-48180
#F6EBE9	48170	9.5	3373	48160-48180
#EFDCD9	48170	10.5	3374	48160-48181
#EFDCD9	48170.5	11	3374	48160-48181
#EFDCD9	48171	10.5	3374	48160-48181
#EFDCD9	48170.5	10	3374	48160-48181
#EBD2CF	48170.5	11	3375	48160-48182
#EBD2CF	48171	11.5	3375	48160-48182
#EBD2CF	48171.5	11	3375	48160-48182
#EBD2CF	48171	10.5	3375	48160-48182
#FBF6F6	48171	11.5	3376	48160-48183
#FBF6F6	48171.5	12	3376	48160-48183
#FBF6F6	48172	11.5	3376	48160-48183
#FBF6F6	48171.5	11	3376	48160-48183
#F1DFDC	48171.5	12	3377	48160-48184
#F1DFDC	48172	12.5	3377	48160-48184
#F1DFDC	48172.5	12	3377	48160-48184
#F1DFDC	48172	11.5	3377	48160-48184
#F8EEED	48172	12.5	3378	48160-48185
#F8EEED	48172.5	13	3378	48160-48185
#F8EEED	48173	12.5	3378	48160-48185
#F8EEED	48172.5	12	3378	48160-48185
#F6EAE9	48172.5	13	3379	48160-48186
#F6EAE9	48173	13.5	3379	48160-48186
#F6EAE9	48173.5	13	3379	48160-48186
#F6EAE9	48173	12.5	3379	48160-48186
#FDF9F9	48173	13.5	3380	48160-48187
#FDF9F9	48173.5	14	3380	48160-48187
#FDF9F9	48174	13.5	3380	48160-48187
#FDF9F9	48173.5	13	3380	48160-48187
#F7ECEA	48173.5	14	3381	48160-48188
#F7ECEA	48174	14.5	3381	48160-48188
#F7ECEA	48174.5	14	3381	48160-48188
#F7ECEA	48174	13.5	3381	48160-48188
#FFFEFE	48174	14.5	3382	48160-48189
#FFFEFE	48174.5	15	3382	48160-48189
#FFFEFE	48175	14.5	3382	48160-48189
#FFFEFE	48174.5	14	3382	48160-48189
#FEFDFE	48174.5	15	3383	48160-48190
#FEFDFE	48175	15.5	3383	48160-48190
#FEFDFE	48175.5	15	3383	48160-48190
#FEFDFE	48175	14.5	3383	48160-48190
#FDFAF9	48175	15.5	3384	48160-48191
#FDFAF9	48175.5	16	3384	48160-48191
#FDFAF9	48176	15.5	3384	48160-48191
#FDFAF9	48175.5	15	3384	48160-48191
#FFFEFE	48175.5	16	3385	48160-48192
#FFFEFE	48176	16.5	3385	48160-48192
#FFFEFE	48176.5	16	3385	48160-48192
#FFFEFE	48176	15.5	3385	48160-48192
#FCF8F8	48176	16.5	3386	48160-48193
#FCF8F8	48176.5	17	3386	48160-48193
#FCF8F8	48177	16.5	3386	48160-48193
#FCF8F8	48176.5	16	3386	48160-48193
#F3E3E1	48176.5	17	3387	48160-48194
#F3E3E1	48177	17.5	3387	48160-48194
#F3E3E1	48177.5	17	3387	48160-48194
#F3E3E1	48177	16.5	3387	48160-48194
#F8EFED	48177	17.5	3388	48160-48195
#F8EFED	48177.5	18	3388	48160-48195
#F8EFED	48178	17.5	3388	48160-48195
#F8EFED	48177.5	17	3388	48160-48195
#FEFCFB	48177.5	18	3389	48160-48196
#FEFCFB	48178	18.5	3389	48160-48196
#FEFCFB	48178.5	18	3389	48160-48196
#FEFCFB	48178	17.5	3389	48160-48196
#FDFBFA	48178	18.5	3390	48160-48197
#FDFBFA	48178.5	19	3390	48160-48197
#FDFBFA	48179	18.5	3390	48160-48197
#FDFBFA	48178.5	18	3390	48160-48197
#F6EBEA	48178.5	19	3391	48160-48198
#F6EBEA	48179	19.5	3391	48160-48198
#F6EBEA	48179.5	19	3391	48160-48198
#F6EBEA	48179	18.5	3391	48160-48198
#FFFEFF	48179	19.5	3392	48160-48199
#FFFEFF	48179.5	20	3392	48160-48199
#FFFEFF	48180	19.5	3392	48160-48199
#FFFEFF	48179.5	19	3392	48160-48199
#DAB2AD	48160.5	0	3393	48161-48161
#DAB2AD	48161	0.5	3393	48161-48161
#DAB2AD	48161.5	0	3393	48161-48161
#DAB2AD	48161	-0.5	3393	48161-48161
#C68D86	48161	0.5	3394	48161-48162
#C68D86	48161.5	1	3394	48161-48162
#C68D86	48162	0.5	3394	48161-48162
#C68D86	48161.5	0	3394	48161-48162
#B6726B	48161.5	1	3395	48161-48163
#B6726B	48162	1.5	3395	48161-48163
#B6726B	48162.5	1	3395	48161-48163
#B6726B	48162	0.5	3395	48161-48163
#B5716A	48162	1.5	3396	48161-48164
#B5716A	48162.5	2	3396	48161-48164
#B5716A	48163	1.5	3396	48161-48164
#B5716A	48162.5	1	3396	48161-48164
#FBF5F5	48162.5	2	3397	48161-48165
#FBF5F5	48163	2.5	3397	48161-48165
#FBF5F5	48163.5	2	3397	48161-48165
#FBF5F5	48163	1.5	3397	48161-48165
#E6C9C5	48163	2.5	3398	48161-48166
#E6C9C5	48163.5	3	3398	48161-48166
#E6C9C5	48164	2.5	3398	48161-48166
#E6C9C5	48163.5	2	3398	48161-48166
#ECE9F5	48163.5	3	3399	48161-48167
#ECE9F5	48164	3.5	3399	48161-48167
#ECE9F5	48164.5	3	3399	48161-48167
#ECE9F5	48164	2.5	3399	48161-48167
#DAD5EB	48164	3.5	3400	48161-48168
#DAD5EB	48164.5	4	3400	48161-48168
#DAD5EB	48165	3.5	3400	48161-48168
#DAD5EB	48164.5	3	3400	48161-48168
#DCD7EC	48164.5	4	3401	48161-48169
#DCD7EC	48165	4.5	3401	48161-48169
#DCD7EC	48165.5	4	3401	48161-48169
#DCD7EC	48165	3.5	3401	48161-48169
#8A7FBF	48165	4.5	3402	48161-48170
#8A7FBF	48165.5	5	3402	48161-48170
#8A7FBF	48166	4.5	3402	48161-48170
#8A7FBF	48165.5	4	3402	48161-48170
#D6D0E9	48165.5	5	3403	48161-48171
#D6D0E9	48166	5.5	3403	48161-48171
#D6D0E9	48166.5	5	3403	48161-48171
#D6D0E9	48166	4.5	3403	48161-48171
#F2E2E0	48166	5.5	3404	48161-48172
#F2E2E0	48166.5	6	3404	48161-48172
#F2E2E0	48167	5.5	3404	48161-48172
#F2E2E0	48166.5	5	3404	48161-48172
#F5E8E6	48166.5	6	3405	48161-48173
#F5E8E6	48167	6.5	3405	48161-48173
#F5E8E6	48167.5	6	3405	48161-48173
#F5E8E6	48167	5.5	3405	48161-48173
#FFFFFF	48167	6.5	3406	48161-48174
#FFFFFF	48167.5	7	3406	48161-48174
#FFFFFF	48168	6.5	3406	48161-48174
#FFFFFF	48167.5	6	3406	48161-48174
#FFFFFF	48167.5	7	3407	48161-48175
#FFFFFF	48168	7.5	3407	48161-48175
#FFFFFF	48168.5	7	3407	48161-48175
#FFFFFF	48168	6.5	3407	48161-48175
#FDFCFE	48168	7.5	3408	48161-48176
#FDFCFE	48168.5	8	3408	48161-48176
#FDFCFE	48169	7.5	3408	48161-48176
#FDFCFE	48168.5	7	3408	48161-48176
#FEFEFF	48168.5	8	3409	48161-48177
#FEFEFF	48169	8.5	3409	48161-48177
#FEFEFF	48169.5	8	3409	48161-48177
#FEFEFF	48169	7.5	3409	48161-48177
#FEFDFD	48169	8.5	3410	48161-48178
#FEFDFD	48169.5	9	3410	48161-48178
#FEFDFD	48170	8.5	3410	48161-48178
#FEFDFD	48169.5	8	3410	48161-48178
#F6EAE9	48169.5	9	3411	48161-48179
#F6EAE9	48170	9.5	3411	48161-48179
#F6EAE9	48170.5	9	3411	48161-48179
#F6EAE9	48170	8.5	3411	48161-48179
#F9F0EF	48170	9.5	3412	48161-48180
#F9F0EF	48170.5	10	3412	48161-48180
#F9F0EF	48171	9.5	3412	48161-48180
#F9F0EF	48170.5	9	3412	48161-48180
#F4E7E5	48170.5	10	3413	48161-48181
#F4E7E5	48171	10.5	3413	48161-48181
#F4E7E5	48171.5	10	3413	48161-48181
#F4E7E5	48171	9.5	3413	48161-48181
#FDFAFA	48171	10.5	3414	48161-48182
#FDFAFA	48171.5	11	3414	48161-48182
#FDFAFA	48172	10.5	3414	48161-48182
#FDFAFA	48171.5	10	3414	48161-48182
#FAF4F3	48171.5	11	3415	48161-48183
#FAF4F3	48172	11.5	3415	48161-48183
#FAF4F3	48172.5	11	3415	48161-48183
#FAF4F3	48172	10.5	3415	48161-48183
#F5E8E6	48172	11.5	3416	48161-48184
#F5E8E6	48172.5	12	3416	48161-48184
#F5E8E6	48173	11.5	3416	48161-48184
#F5E8E6	48172.5	11	3416	48161-48184
#F7EDEB	48172.5	12	3417	48161-48185
#F7EDEB	48173	12.5	3417	48161-48185
#F7EDEB	48173.5	12	3417	48161-48185
#F7EDEB	48173	11.5	3417	48161-48185
#FBF5F4	48173	12.5	3418	48161-48186
#FBF5F4	48173.5	13	3418	48161-48186
#FBF5F4	48174	12.5	3418	48161-48186
#FBF5F4	48173.5	12	3418	48161-48186
#F9F1F0	48173.5	13	3419	48161-48187
#F9F1F0	48174	13.5	3419	48161-48187
#F9F1F0	48174.5	13	3419	48161-48187
#F9F1F0	48174	12.5	3419	48161-48187
#FAF4F3	48174	13.5	3420	48161-48188
#FAF4F3	48174.5	14	3420	48161-48188
#FAF4F3	48175	13.5	3420	48161-48188
#FAF4F3	48174.5	13	3420	48161-48188
#FBF7F6	48174.5	14	3421	48161-48189
#FBF7F6	48175	14.5	3421	48161-48189
#FBF7F6	48175.5	14	3421	48161-48189
#FBF7F6	48175	13.5	3421	48161-48189
#FCF7F7	48175	14.5	3422	48161-48190
#FCF7F7	48175.5	15	3422	48161-48190
#FCF7F7	48176	14.5	3422	48161-48190
#FCF7F7	48175.5	14	3422	48161-48190
#FEFEFE	48175.5	15	3423	48161-48191
#FEFEFE	48176	15.5	3423	48161-48191
#FEFEFE	48176.5	15	3423	48161-48191
#FEFEFE	48176	14.5	3423	48161-48191
#FFFFFF	48176	15.5	3424	48161-48192
#FFFFFF	48176.5	16	3424	48161-48192
#FFFFFF	48177	15.5	3424	48161-48192
#FFFFFF	48176.5	15	3424	48161-48192
#FBF5F4	48176.5	16	3425	48161-48193
#FBF5F4	48177	16.5	3425	48161-48193
#FBF5F4	48177.5	16	3425	48161-48193
#FBF5F4	48177	15.5	3425	48161-48193
#F8F0EF	48177	16.5	3426	48161-48194
#F8F0EF	48177.5	17	3426	48161-48194
#F8F0EF	48178	16.5	3426	48161-48194
#F8F0EF	48177.5	16	3426	48161-48194
#FCF9F8	48177.5	17	3427	48161-48195
#FCF9F8	48178	17.5	3427	48161-48195
#FCF9F8	48178.5	17	3427	48161-48195
#FCF9F8	48178	16.5	3427	48161-48195
#FBF5F4	48178	17.5	3428	48161-48196
#FBF5F4	48178.5	18	3428	48161-48196
#FBF5F4	48179	17.5	3428	48161-48196
#FBF5F4	48178.5	17	3428	48161-48196
#FEFCFB	48178.5	18	3429	48161-48197
#FEFCFB	48179	18.5	3429	48161-48197
#FEFCFB	48179.5	18	3429	48161-48197
#FEFCFB	48179	17.5	3429	48161-48197
#FFFEFE	48179	18.5	3430	48161-48198
#FFFEFE	48179.5	19	3430	48161-48198
#FFFEFE	48180	18.5	3430	48161-48198
#FFFEFE	48179.5	18	3430	48161-48198
#FDFBFB	48179.5	19	3431	48161-48199
#FDFBFB	48180	19.5	3431	48161-48199
#FDFBFB	48180.5	19	3431	48161-48199
#FDFBFB	48180	18.5	3431	48161-48199
#E2C0BC	48161.5	0	3432	48162-48162
#E2C0BC	48162	0.5	3432	48162-48162
#E2C0BC	48162.5	0	3432	48162-48162
#E2C0BC	48162	-0.5	3432	48162-48162
#FDF9F9	48162	0.5	3433	48162-48163
#FDF9F9	48162.5	1	3433	48162-48163
#FDF9F9	48163	0.5	3433	48162-48163
#FDF9F9	48162.5	0	3433	48162-48163
#F8EEED	48162.5	1	3434	48162-48164
#F8EEED	48163	1.5	3434	48162-48164
#F8EEED	48163.5	1	3434	48162-48164
#F8EEED	48163	0.5	3434	48162-48164
#FCFBFD	48163	1.5	3435	48162-48165
#FCFBFD	48163.5	2	3435	48162-48165
#FCFBFD	48164	1.5	3435	48162-48165
#FCFBFD	48163.5	1	3435	48162-48165
#E8CDC9	48163.5	2	3436	48162-48166
#E8CDC9	48164	2.5	3436	48162-48166
#E8CDC9	48164.5	2	3436	48162-48166
#E8CDC9	48164	1.5	3436	48162-48166
#F4F2F9	48164	2.5	3437	48162-48167
#F4F2F9	48164.5	3	3437	48162-48167
#F4F2F9	48165	2.5	3437	48162-48167
#F4F2F9	48164.5	2	3437	48162-48167
#DBD6EB	48164.5	3	3438	48162-48168
#DBD6EB	48165	3.5	3438	48162-48168
#DBD6EB	48165.5	3	3438	48162-48168
#DBD6EB	48165	2.5	3438	48162-48168
#F1EFF7	48165	3.5	3439	48162-48169
#F1EFF7	48165.5	4	3439	48162-48169
#F1EFF7	48166	3.5	3439	48162-48169
#F1EFF7	48165.5	3	3439	48162-48169
#E7E3F2	48165.5	4	3440	48162-48170
#E7E3F2	48166	4.5	3440	48162-48170
#E7E3F2	48166.5	4	3440	48162-48170
#E7E3F2	48166	3.5	3440	48162-48170
#FAF9FC	48166	4.5	3441	48162-48171
#FAF9FC	48166.5	5	3441	48162-48171
#FAF9FC	48167	4.5	3441	48162-48171
#FAF9FC	48166.5	4	3441	48162-48171
#EAD1CE	48166.5	5	3442	48162-48172
#EAD1CE	48167	5.5	3442	48162-48172
#EAD1CE	48167.5	5	3442	48162-48172
#EAD1CE	48167	4.5	3442	48162-48172
#EFDCD9	48167	5.5	3443	48162-48173
#EFDCD9	48167.5	6	3443	48162-48173
#EFDCD9	48168	5.5	3443	48162-48173
#EFDCD9	48167.5	5	3443	48162-48173
#F6EAE9	48167.5	6	3444	48162-48174
#F6EAE9	48168	6.5	3444	48162-48174
#F6EAE9	48168.5	6	3444	48162-48174
#F6EAE9	48168	5.5	3444	48162-48174
#FAF4F4	48168	6.5	3445	48162-48175
#FAF4F4	48168.5	7	3445	48162-48175
#FAF4F4	48169	6.5	3445	48162-48175
#FAF4F4	48168.5	6	3445	48162-48175
#FEFCFC	48168.5	7	3446	48162-48176
#FEFCFC	48169	7.5	3446	48162-48176
#FEFCFC	48169.5	7	3446	48162-48176
#FEFCFC	48169	6.5	3446	48162-48176
#FAF4F3	48169	7.5	3447	48162-48177
#FAF4F3	48169.5	8	3447	48162-48177
#FAF4F3	48170	7.5	3447	48162-48177
#FAF4F3	48169.5	7	3447	48162-48177
#F3E4E2	48169.5	8	3448	48162-48178
#F3E4E2	48170	8.5	3448	48162-48178
#F3E4E2	48170.5	8	3448	48162-48178
#F3E4E2	48170	7.5	3448	48162-48178
#EEDAD7	48170	8.5	3449	48162-48179
#EEDAD7	48170.5	9	3449	48162-48179
#EEDAD7	48171	8.5	3449	48162-48179
#EEDAD7	48170.5	8	3449	48162-48179
#F4E5E3	48170.5	9	3450	48162-48180
#F4E5E3	48171	9.5	3450	48162-48180
#F4E5E3	48171.5	9	3450	48162-48180
#F4E5E3	48171	8.5	3450	48162-48180
#ECD5D2	48171	9.5	3451	48162-48181
#ECD5D2	48171.5	10	3451	48162-48181
#ECD5D2	48172	9.5	3451	48162-48181
#ECD5D2	48171.5	9	3451	48162-48181
#F5E8E7	48171.5	10	3452	48162-48182
#F5E8E7	48172	10.5	3452	48162-48182
#F5E8E7	48172.5	10	3452	48162-48182
#F5E8E7	48172	9.5	3452	48162-48182
#F5E8E6	48172	10.5	3453	48162-48183
#F5E8E6	48172.5	11	3453	48162-48183
#F5E8E6	48173	10.5	3453	48162-48183
#F5E8E6	48172.5	10	3453	48162-48183
#FCF8F7	48172.5	11	3454	48162-48184
#FCF8F7	48173	11.5	3454	48162-48184
#FCF8F7	48173.5	11	3454	48162-48184
#FCF8F7	48173	10.5	3454	48162-48184
#F9F1F0	48173	11.5	3455	48162-48185
#F9F1F0	48173.5	12	3455	48162-48185
#F9F1F0	48174	11.5	3455	48162-48185
#F9F1F0	48173.5	11	3455	48162-48185
#FCF8F7	48173.5	12	3456	48162-48186
#FCF8F7	48174	12.5	3456	48162-48186
#FCF8F7	48174.5	12	3456	48162-48186
#FCF8F7	48174	11.5	3456	48162-48186
#FEFCFC	48174	12.5	3457	48162-48187
#FEFCFC	48174.5	13	3457	48162-48187
#FEFCFC	48175	12.5	3457	48162-48187
#FEFCFC	48174.5	12	3457	48162-48187
#F5E9E8	48174.5	13	3458	48162-48188
#F5E9E8	48175	13.5	3458	48162-48188
#F5E9E8	48175.5	13	3458	48162-48188
#F5E9E8	48175	12.5	3458	48162-48188
#F6EBE9	48175	13.5	3459	48162-48189
#F6EBE9	48175.5	14	3459	48162-48189
#F6EBE9	48176	13.5	3459	48162-48189
#F6EBE9	48175.5	13	3459	48162-48189
#F9F2F1	48175.5	14	3460	48162-48190
#F9F2F1	48176	14.5	3460	48162-48190
#F9F2F1	48176.5	14	3460	48162-48190
#F9F2F1	48176	13.5	3460	48162-48190
#FEFCFC	48176	14.5	3461	48162-48191
#FEFCFC	48176.5	15	3461	48162-48191
#FEFCFC	48177	14.5	3461	48162-48191
#FEFCFC	48176.5	14	3461	48162-48191
#FFFFFF	48176.5	15	3462	48162-48192
#FFFFFF	48177	15.5	3462	48162-48192
#FFFFFF	48177.5	15	3462	48162-48192
#FFFFFF	48177	14.5	3462	48162-48192
#F9F1F0	48177	15.5	3463	48162-48193
#F9F1F0	48177.5	16	3463	48162-48193
#F9F1F0	48178	15.5	3463	48162-48193
#F9F1F0	48177.5	15	3463	48162-48193
#FEFDFD	48177.5	16	3464	48162-48194
#FEFDFD	48178	16.5	3464	48162-48194
#FEFDFD	48178.5	16	3464	48162-48194
#FEFDFD	48178	15.5	3464	48162-48194
#FCF9F8	48178	16.5	3465	48162-48195
#FCF9F8	48178.5	17	3465	48162-48195
#FCF9F8	48179	16.5	3465	48162-48195
#FCF9F8	48178.5	16	3465	48162-48195
#FCF8F7	48178.5	17	3466	48162-48196
#FCF8F7	48179	17.5	3466	48162-48196
#FCF8F7	48179.5	17	3466	48162-48196
#FCF8F7	48179	16.5	3466	48162-48196
#FDFBFB	48179	17.5	3467	48162-48197
#FDFBFB	48179.5	18	3467	48162-48197
#FDFBFB	48180	17.5	3467	48162-48197
#FDFBFB	48179.5	17	3467	48162-48197
#FEFEFE	48179.5	18	3468	48162-48198
#FEFEFE	48180	18.5	3468	48162-48198
#FEFEFE	48180.5	18	3468	48162-48198
#FEFEFE	48180	17.5	3468	48162-48198
#FBF6F6	48180	18.5	3469	48162-48199
#FBF6F6	48180.5	19	3469	48162-48199
#FBF6F6	48181	18.5	3469	48162-48199
#FBF6F6	48180.5	18	3469	48162-48199
#D7ABA6	48162.5	0	3470	48163-48163
#D7ABA6	48163	0.5	3470	48163-48163
#D7ABA6	48163.5	0	3470	48163-48163
#D7ABA6	48163	-0.5	3470	48163-48163
#FBF6F5	48163	0.5	3471	48163-48164
#FBF6F5	48163.5	1	3471	48163-48164
#FBF6F5	48164	0.5	3471	48163-48164
#FBF6F5	48163.5	0	3471	48163-48164
#FEFDFD	48163.5	1	3472	48163-48165
#FEFDFD	48164	1.5	3472	48163-48165
#FEFDFD	48164.5	1	3472	48163-48165
#FEFDFD	48164	0.5	3472	48163-48165
#F1E0DD	48164	1.5	3473	48163-48166
#F1E0DD	48164.5	2	3473	48163-48166
#F1E0DD	48165	1.5	3473	48163-48166
#F1E0DD	48164.5	1	3473	48163-48166
#FCFBFD	48164.5	2	3474	48163-48167
#FCFBFD	48165	2.5	3474	48163-48167
#FCFBFD	48165.5	2	3474	48163-48167
#FCFBFD	48165	1.5	3474	48163-48167
#F0EEF7	48165	2.5	3475	48163-48168
#F0EEF7	48165.5	3	3475	48163-48168
#F0EEF7	48166	2.5	3475	48163-48168
#F0EEF7	48165.5	2	3475	48163-48168
#FBF7F6	48165.5	3	3476	48163-48169
#FBF7F6	48166	3.5	3476	48163-48169
#FBF7F6	48166.5	3	3476	48163-48169
#FBF7F6	48166	2.5	3476	48163-48169
#F5F3F9	48166	3.5	3477	48163-48170
#F5F3F9	48166.5	4	3477	48163-48170
#F5F3F9	48167	3.5	3477	48163-48170
#F5F3F9	48166.5	3	3477	48163-48170
#FEFEFE	48166.5	4	3478	48163-48171
#FEFEFE	48167	4.5	3478	48163-48171
#FEFEFE	48167.5	4	3478	48163-48171
#FEFEFE	48167	3.5	3478	48163-48171
#E3C2BD	48167	4.5	3479	48163-48172
#E3C2BD	48167.5	5	3479	48163-48172
#E3C2BD	48168	4.5	3479	48163-48172
#E3C2BD	48167.5	4	3479	48163-48172
#E8CCC8	48167.5	5	3480	48163-48173
#E8CCC8	48168	5.5	3480	48163-48173
#E8CCC8	48168.5	5	3480	48163-48173
#E8CCC8	48168	4.5	3480	48163-48173
#F8EFEE	48168	5.5	3481	48163-48174
#F8EFEE	48168.5	6	3481	48163-48174
#F8EFEE	48169	5.5	3481	48163-48174
#F8EFEE	48168.5	5	3481	48163-48174
#F9F1F0	48168.5	6	3482	48163-48175
#F9F1F0	48169	6.5	3482	48163-48175
#F9F1F0	48169.5	6	3482	48163-48175
#F9F1F0	48169	5.5	3482	48163-48175
#FAF2F1	48169	6.5	3483	48163-48176
#FAF2F1	48169.5	7	3483	48163-48176
#FAF2F1	48170	6.5	3483	48163-48176
#FAF2F1	48169.5	6	3483	48163-48176
#FDFBFB	48169.5	7	3484	48163-48177
#FDFBFB	48170	7.5	3484	48163-48177
#FDFBFB	48170.5	7	3484	48163-48177
#FDFBFB	48170	6.5	3484	48163-48177
#F8EFEE	48170	7.5	3485	48163-48178
#F8EFEE	48170.5	8	3485	48163-48178
#F8EFEE	48171	7.5	3485	48163-48178
#F8EFEE	48170.5	7	3485	48163-48178
#EDD7D4	48170.5	8	3486	48163-48179
#EDD7D4	48171	8.5	3486	48163-48179
#EDD7D4	48171.5	8	3486	48163-48179
#EDD7D4	48171	7.5	3486	48163-48179
#EED8D6	48171	8.5	3487	48163-48180
#EED8D6	48171.5	9	3487	48163-48180
#EED8D6	48172	8.5	3487	48163-48180
#EED8D6	48171.5	8	3487	48163-48180
#F4E7E5	48171.5	9	3488	48163-48181
#F4E7E5	48172	9.5	3488	48163-48181
#F4E7E5	48172.5	9	3488	48163-48181
#F4E7E5	48172	8.5	3488	48163-48181
#F9F0EF	48172	9.5	3489	48163-48182
#F9F0EF	48172.5	10	3489	48163-48182
#F9F0EF	48173	9.5	3489	48163-48182
#F9F0EF	48172.5	9	3489	48163-48182
#F7EDEC	48172.5	10	3490	48163-48183
#F7EDEC	48173	10.5	3490	48163-48183
#F7EDEC	48173.5	10	3490	48163-48183
#F7EDEC	48173	9.5	3490	48163-48183
#F8EEED	48173	10.5	3491	48163-48184
#F8EEED	48173.5	11	3491	48163-48184
#F8EEED	48174	10.5	3491	48163-48184
#F8EEED	48173.5	10	3491	48163-48184
#FEFDFD	48173.5	11	3492	48163-48185
#FEFDFD	48174	11.5	3492	48163-48185
#FEFDFD	48174.5	11	3492	48163-48185
#FEFDFD	48174	10.5	3492	48163-48185
#FCF8F8	48174	11.5	3493	48163-48186
#FCF8F8	48174.5	12	3493	48163-48186
#FCF8F8	48175	11.5	3493	48163-48186
#FCF8F8	48174.5	11	3493	48163-48186
#FCF8F8	48174.5	12	3494	48163-48187
#FCF8F8	48175	12.5	3494	48163-48187
#FCF8F8	48175.5	12	3494	48163-48187
#FCF8F8	48175	11.5	3494	48163-48187
#FEFDFD	48175	12.5	3495	48163-48188
#FEFDFD	48175.5	13	3495	48163-48188
#FEFDFD	48176	12.5	3495	48163-48188
#FEFDFD	48175.5	12	3495	48163-48188
#FCF9F8	48175.5	13	3496	48163-48189
#FCF9F8	48176	13.5	3496	48163-48189
#FCF9F8	48176.5	13	3496	48163-48189
#FCF9F8	48176	12.5	3496	48163-48189
#FEFCFB	48176	13.5	3497	48163-48190
#FEFCFB	48176.5	14	3497	48163-48190
#FEFCFB	48177	13.5	3497	48163-48190
#FEFCFB	48176.5	13	3497	48163-48190
#FEFCFC	48176.5	14	3498	48163-48191
#FEFCFC	48177	14.5	3498	48163-48191
#FEFCFC	48177.5	14	3498	48163-48191
#FEFCFC	48177	13.5	3498	48163-48191
#FDFAFA	48177	14.5	3499	48163-48192
#FDFAFA	48177.5	15	3499	48163-48192
#FDFAFA	48178	14.5	3499	48163-48192
#FDFAFA	48177.5	14	3499	48163-48192
#FAF3F2	48177.5	15	3500	48163-48193
#FAF3F2	48178	15.5	3500	48163-48193
#FAF3F2	48178.5	15	3500	48163-48193
#FAF3F2	48178	14.5	3500	48163-48193
#FBF6F5	48178	15.5	3501	48163-48194
#FBF6F5	48178.5	16	3501	48163-48194
#FBF6F5	48179	15.5	3501	48163-48194
#FBF6F5	48178.5	15	3501	48163-48194
#FCF7F6	48178.5	16	3502	48163-48195
#FCF7F6	48179	16.5	3502	48163-48195
#FCF7F6	48179.5	16	3502	48163-48195
#FCF7F6	48179	15.5	3502	48163-48195
#FEFEFE	48179	16.5	3503	48163-48196
#FEFEFE	48179.5	17	3503	48163-48196
#FEFEFE	48180	16.5	3503	48163-48196
#FEFEFE	48179.5	16	3503	48163-48196
#FEFDFC	48179.5	17	3504	48163-48197
#FEFDFC	48180	17.5	3504	48163-48197
#FEFDFC	48180.5	17	3504	48163-48197
#FEFDFC	48180	16.5	3504	48163-48197
#FEFCFB	48180	17.5	3505	48163-48198
#FEFCFB	48180.5	18	3505	48163-48198
#FEFCFB	48181	17.5	3505	48163-48198
#FEFCFB	48180.5	17	3505	48163-48198
#F8EEED	48180.5	18	3506	48163-48199
#F8EEED	48181	18.5	3506	48163-48199
#F8EEED	48181.5	18	3506	48163-48199
#F8EEED	48181	17.5	3506	48163-48199
#D8AEA8	48163.5	0	3507	48164-48164
#D8AEA8	48164	0.5	3507	48164-48164
#D8AEA8	48164.5	0	3507	48164-48164
#D8AEA8	48164	-0.5	3507	48164-48164
#FCF8F8	48164	0.5	3508	48164-48165
#FCF8F8	48164.5	1	3508	48164-48165
#FCF8F8	48165	0.5	3508	48164-48165
#FCF8F8	48164.5	0	3508	48164-48165
#E7CBC7	48164.5	1	3509	48164-48166
#E7CBC7	48165	1.5	3509	48164-48166
#E7CBC7	48165.5	1	3509	48164-48166
#E7CBC7	48165	0.5	3509	48164-48166
#FCF8F7	48165	1.5	3510	48164-48167
#FCF8F7	48165.5	2	3510	48164-48167
#FCF8F7	48166	1.5	3510	48164-48167
#FCF8F7	48165.5	1	3510	48164-48167
#FDFDFE	48165.5	2	3511	48164-48168
#FDFDFE	48166	2.5	3511	48164-48168
#FDFDFE	48166.5	2	3511	48164-48168
#FDFDFE	48166	1.5	3511	48164-48168
#E8CECA	48166	2.5	3512	48164-48169
#E8CECA	48166.5	3	3512	48164-48169
#E8CECA	48167	2.5	3512	48164-48169
#E8CECA	48166.5	2	3512	48164-48169
#F7ECEA	48166.5	3	3513	48164-48170
#F7ECEA	48167	3.5	3513	48164-48170
#F7ECEA	48167.5	3	3513	48164-48170
#F7ECEA	48167	2.5	3513	48164-48170
#F5E8E7	48167	3.5	3514	48164-48171
#F5E8E7	48167.5	4	3514	48164-48171
#F5E8E7	48168	3.5	3514	48164-48171
#F5E8E7	48167.5	3	3514	48164-48171
#D7ABA6	48167.5	4	3515	48164-48172
#D7ABA6	48168	4.5	3515	48164-48172
#D7ABA6	48168.5	4	3515	48164-48172
#D7ABA6	48168	3.5	3515	48164-48172
#DEB8B3	48168	4.5	3516	48164-48173
#DEB8B3	48168.5	5	3516	48164-48173
#DEB8B3	48169	4.5	3516	48164-48173
#DEB8B3	48168.5	4	3516	48164-48173
#E2C1BD	48168.5	5	3517	48164-48174
#E2C1BD	48169	5.5	3517	48164-48174
#E2C1BD	48169.5	5	3517	48164-48174
#E2C1BD	48169	4.5	3517	48164-48174
#E5C6C2	48169	5.5	3518	48164-48175
#E5C6C2	48169.5	6	3518	48164-48175
#E5C6C2	48170	5.5	3518	48164-48175
#E5C6C2	48169.5	5	3518	48164-48175
#F6EBEA	48169.5	6	3519	48164-48176
#F6EBEA	48170	6.5	3519	48164-48176
#F6EBEA	48170.5	6	3519	48164-48176
#F6EBEA	48170	5.5	3519	48164-48176
#F8EEED	48170	6.5	3520	48164-48177
#F8EEED	48170.5	7	3520	48164-48177
#F8EEED	48171	6.5	3520	48164-48177
#F8EEED	48170.5	6	3520	48164-48177
#EDD6D3	48170.5	7	3521	48164-48178
#EDD6D3	48171	7.5	3521	48164-48178
#EDD6D3	48171.5	7	3521	48164-48178
#EDD6D3	48171	6.5	3521	48164-48178
#D8ADA7	48171	7.5	3522	48164-48179
#D8ADA7	48171.5	8	3522	48164-48179
#D8ADA7	48172	7.5	3522	48164-48179
#D8ADA7	48171.5	7	3522	48164-48179
#F1E0DE	48171.5	8	3523	48164-48180
#F1E0DE	48172	8.5	3523	48164-48180
#F1E0DE	48172.5	8	3523	48164-48180
#F1E0DE	48172	7.5	3523	48164-48180
#E4C4C0	48172	8.5	3524	48164-48181
#E4C4C0	48172.5	9	3524	48164-48181
#E4C4C0	48173	8.5	3524	48164-48181
#E4C4C0	48172.5	8	3524	48164-48181
#ECD5D2	48172.5	9	3525	48164-48182
#ECD5D2	48173	9.5	3525	48164-48182
#ECD5D2	48173.5	9	3525	48164-48182
#ECD5D2	48173	8.5	3525	48164-48182
#F3E4E2	48173	9.5	3526	48164-48183
#F3E4E2	48173.5	10	3526	48164-48183
#F3E4E2	48174	9.5	3526	48164-48183
#F3E4E2	48173.5	9	3526	48164-48183
#FDFBFB	48173.5	10	3527	48164-48184
#FDFBFB	48174	10.5	3527	48164-48184
#FDFBFB	48174.5	10	3527	48164-48184
#FDFBFB	48174	9.5	3527	48164-48184
#FAF2F2	48174	10.5	3528	48164-48185
#FAF2F2	48174.5	11	3528	48164-48185
#FAF2F2	48175	10.5	3528	48164-48185
#FAF2F2	48174.5	10	3528	48164-48185
#FEFCFC	48174.5	11	3529	48164-48186
#FEFCFC	48175	11.5	3529	48164-48186
#FEFCFC	48175.5	11	3529	48164-48186
#FEFCFC	48175	10.5	3529	48164-48186
#FEFDFD	48175	11.5	3530	48164-48187
#FEFDFD	48175.5	12	3530	48164-48187
#FEFDFD	48176	11.5	3530	48164-48187
#FEFDFD	48175.5	11	3530	48164-48187
#FDFAF9	48175.5	12	3531	48164-48188
#FDFAF9	48176	12.5	3531	48164-48188
#FDFAF9	48176.5	12	3531	48164-48188
#FDFAF9	48176	11.5	3531	48164-48188
#FCF8F7	48176	12.5	3532	48164-48189
#FCF8F7	48176.5	13	3532	48164-48189
#FCF8F7	48177	12.5	3532	48164-48189
#FCF8F7	48176.5	12	3532	48164-48189
#FFFEFE	48176.5	13	3533	48164-48190
#FFFEFE	48177	13.5	3533	48164-48190
#FFFEFE	48177.5	13	3533	48164-48190
#FFFEFE	48177	12.5	3533	48164-48190
#FDFBFA	48177	13.5	3534	48164-48191
#FDFBFA	48177.5	14	3534	48164-48191
#FDFBFA	48178	13.5	3534	48164-48191
#FDFBFA	48177.5	13	3534	48164-48191
#FEFCFC	48177.5	14	3535	48164-48192
#FEFCFC	48178	14.5	3535	48164-48192
#FEFCFC	48178.5	14	3535	48164-48192
#FEFCFC	48178	13.5	3535	48164-48192
#FCF9F8	48178	14.5	3536	48164-48193
#FCF9F8	48178.5	15	3536	48164-48193
#FCF9F8	48179	14.5	3536	48164-48193
#FCF9F8	48178.5	14	3536	48164-48193
#FCF9F8	48178.5	15	3537	48164-48194
#FCF9F8	48179	15.5	3537	48164-48194
#FCF9F8	48179.5	15	3537	48164-48194
#FCF9F8	48179	14.5	3537	48164-48194
#FEFCFC	48179	15.5	3538	48164-48195
#FEFCFC	48179.5	16	3538	48164-48195
#FEFCFC	48180	15.5	3538	48164-48195
#FEFCFC	48179.5	15	3538	48164-48195
#FFFEFF	48179.5	16	3539	48164-48196
#FFFEFF	48180	16.5	3539	48164-48196
#FFFEFF	48180.5	16	3539	48164-48196
#FFFEFF	48180	15.5	3539	48164-48196
#FEFCFC	48180	16.5	3540	48164-48197
#FEFCFC	48180.5	17	3540	48164-48197
#FEFCFC	48181	16.5	3540	48164-48197
#FEFCFC	48180.5	16	3540	48164-48197
#F1DFDC	48180.5	17	3541	48164-48198
#F1DFDC	48181	17.5	3541	48164-48198
#F1DFDC	48181.5	17	3541	48164-48198
#F1DFDC	48181	16.5	3541	48164-48198
#FFFFFF	48181	17.5	3542	48164-48199
#FFFFFF	48181.5	18	3542	48164-48199
#FFFFFF	48182	17.5	3542	48164-48199
#FFFFFF	48181.5	17	3542	48164-48199
#C78E88	48164.5	0	3543	48165-48165
#C78E88	48165	0.5	3543	48165-48165
#C78E88	48165.5	0	3543	48165-48165
#C78E88	48165	-0.5	3543	48165-48165
#C58C85	48165	0.5	3544	48165-48166
#C58C85	48165.5	1	3544	48165-48166
#C58C85	48166	0.5	3544	48165-48166
#C58C85	48165.5	0	3544	48165-48166
#EED9D6	48165.5	1	3545	48165-48167
#EED9D6	48166	1.5	3545	48165-48167
#EED9D6	48166.5	1	3545	48165-48167
#EED9D6	48166	0.5	3545	48165-48167
#FAF4F3	48166	1.5	3546	48165-48168
#FAF4F3	48166.5	2	3546	48165-48168
#FAF4F3	48167	1.5	3546	48165-48168
#FAF4F3	48166.5	1	3546	48165-48168
#D09E98	48166.5	2	3547	48165-48169
#D09E98	48167	2.5	3547	48165-48169
#D09E98	48167.5	2	3547	48165-48169
#D09E98	48167	1.5	3547	48165-48169
#F4E6E4	48167	2.5	3548	48165-48170
#F4E6E4	48167.5	3	3548	48165-48170
#F4E6E4	48168	2.5	3548	48165-48170
#F4E6E4	48167.5	2	3548	48165-48170
#E1BFBB	48167.5	3	3549	48165-48171
#E1BFBB	48168	3.5	3549	48165-48171
#E1BFBB	48168.5	3	3549	48165-48171
#E1BFBB	48168	2.5	3549	48165-48171
#BD7E77	48168	3.5	3550	48165-48172
#BD7E77	48168.5	4	3550	48165-48172
#BD7E77	48169	3.5	3550	48165-48172
#BD7E77	48168.5	3	3550	48165-48172
#C38881	48168.5	4	3551	48165-48173
#C38881	48169	4.5	3551	48165-48173
#C38881	48169.5	4	3551	48165-48173
#C38881	48169	3.5	3551	48165-48173
#D8ADA8	48169	4.5	3552	48165-48174
#D8ADA8	48169.5	5	3552	48165-48174
#D8ADA8	48170	4.5	3552	48165-48174
#D8ADA8	48169.5	4	3552	48165-48174
#DBB3AE	48169.5	5	3553	48165-48175
#DBB3AE	48170	5.5	3553	48165-48175
#DBB3AE	48170.5	5	3553	48165-48175
#DBB3AE	48170	4.5	3553	48165-48175
#EBD4D0	48170	5.5	3554	48165-48176
#EBD4D0	48170.5	6	3554	48165-48176
#EBD4D0	48171	5.5	3554	48165-48176
#EBD4D0	48170.5	5	3554	48165-48176
#E8CDC9	48170.5	6	3555	48165-48177
#E8CDC9	48171	6.5	3555	48165-48177
#E8CDC9	48171.5	6	3555	48165-48177
#E8CDC9	48171	5.5	3555	48165-48177
#E5C7C3	48171	6.5	3556	48165-48178
#E5C7C3	48171.5	7	3556	48165-48178
#E5C7C3	48172	6.5	3556	48165-48178
#E5C7C3	48171.5	6	3556	48165-48178
#D4A6A0	48171.5	7	3557	48165-48179
#D4A6A0	48172	7.5	3557	48165-48179
#D4A6A0	48172.5	7	3557	48165-48179
#D4A6A0	48172	6.5	3557	48165-48179
#E9CECA	48172	7.5	3558	48165-48180
#E9CECA	48172.5	8	3558	48165-48180
#E9CECA	48173	7.5	3558	48165-48180
#E9CECA	48172.5	7	3558	48165-48180
#E7CAC6	48172.5	8	3559	48165-48181
#E7CAC6	48173	8.5	3559	48165-48181
#E7CAC6	48173.5	8	3559	48165-48181
#E7CAC6	48173	7.5	3559	48165-48181
#F3E4E1	48173	8.5	3560	48165-48182
#F3E4E1	48173.5	9	3560	48165-48182
#F3E4E1	48174	8.5	3560	48165-48182
#F3E4E1	48173.5	8	3560	48165-48182
#ECD4D1	48173.5	9	3561	48165-48183
#ECD4D1	48174	9.5	3561	48165-48183
#ECD4D1	48174.5	9	3561	48165-48183
#ECD4D1	48174	8.5	3561	48165-48183
#FAF4F3	48174	9.5	3562	48165-48184
#FAF4F3	48174.5	10	3562	48165-48184
#FAF4F3	48175	9.5	3562	48165-48184
#FAF4F3	48174.5	9	3562	48165-48184
#FAF3F2	48174.5	10	3563	48165-48185
#FAF3F2	48175	10.5	3563	48165-48185
#FAF3F2	48175.5	10	3563	48165-48185
#FAF3F2	48175	9.5	3563	48165-48185
#FEFCFC	48175	10.5	3564	48165-48186
#FEFCFC	48175.5	11	3564	48165-48186
#FEFCFC	48176	10.5	3564	48165-48186
#FEFCFC	48175.5	10	3564	48165-48186
#FEFEFE	48175.5	11	3565	48165-48187
#FEFEFE	48176	11.5	3565	48165-48187
#FEFEFE	48176.5	11	3565	48165-48187
#FEFEFE	48176	10.5	3565	48165-48187
#FAF3F2	48176	11.5	3566	48165-48188
#FAF3F2	48176.5	12	3566	48165-48188
#FAF3F2	48177	11.5	3566	48165-48188
#FAF3F2	48176.5	11	3566	48165-48188
#FCF9F8	48176.5	12	3567	48165-48189
#FCF9F8	48177	12.5	3567	48165-48189
#FCF9F8	48177.5	12	3567	48165-48189
#FCF9F8	48177	11.5	3567	48165-48189
#FDFDFE	48177	12.5	3568	48165-48190
#FDFDFE	48177.5	13	3568	48165-48190
#FDFDFE	48178	12.5	3568	48165-48190
#FDFDFE	48177.5	12	3568	48165-48190
#F9F0EF	48177.5	13	3569	48165-48191
#F9F0EF	48178	13.5	3569	48165-48191
#F9F0EF	48178.5	13	3569	48165-48191
#F9F0EF	48178	12.5	3569	48165-48191
#FDF9F9	48178	13.5	3570	48165-48192
#FDF9F9	48178.5	14	3570	48165-48192
#FDF9F9	48179	13.5	3570	48165-48192
#FDF9F9	48178.5	13	3570	48165-48192
#FFFFFF	48178.5	14	3571	48165-48193
#FFFFFF	48179	14.5	3571	48165-48193
#FFFFFF	48179.5	14	3571	48165-48193
#FFFFFF	48179	13.5	3571	48165-48193
#F7ECEB	48179	14.5	3572	48165-48194
#F7ECEB	48179.5	15	3572	48165-48194
#F7ECEB	48180	14.5	3572	48165-48194
#F7ECEB	48179.5	14	3572	48165-48194
#FFFFFF	48179.5	15	3573	48165-48195
#FFFFFF	48180	15.5	3573	48165-48195
#FFFFFF	48180.5	15	3573	48165-48195
#FFFFFF	48180	14.5	3573	48165-48195
#FDFCFE	48180	15.5	3574	48165-48196
#FDFCFE	48180.5	16	3574	48165-48196
#FDFCFE	48181	15.5	3574	48165-48196
#FDFCFE	48180.5	15	3574	48165-48196
#FEFDFC	48180.5	16	3575	48165-48197
#FEFDFC	48181	16.5	3575	48165-48197
#FEFDFC	48181.5	16	3575	48165-48197
#FEFDFC	48181	15.5	3575	48165-48197
#FCF8F7	48181	16.5	3576	48165-48198
#FCF8F7	48181.5	17	3576	48165-48198
#FCF8F7	48182	16.5	3576	48165-48198
#FCF8F7	48181.5	16	3576	48165-48198
#F8EFEE	48181.5	17	3577	48165-48199
#F8EFEE	48182	17.5	3577	48165-48199
#F8EFEE	48182.5	17	3577	48165-48199
#F8EFEE	48182	16.5	3577	48165-48199
#832424	48165.5	0	3578	48166-48166
#832424	48166	0.5	3578	48166-48166
#832424	48166.5	0	3578	48166-48166
#832424	48166	-0.5	3578	48166-48166
#D6A9A3	48166	0.5	3579	48166-48167
#D6A9A3	48166.5	1	3579	48166-48167
#D6A9A3	48167	0.5	3579	48166-48167
#D6A9A3	48166.5	0	3579	48166-48167
#EBD3D0	48166.5	1	3580	48166-48168
#EBD3D0	48167	1.5	3580	48166-48168
#EBD3D0	48167.5	1	3580	48166-48168
#EBD3D0	48167	0.5	3580	48166-48168
#BD7D76	48167	1.5	3581	48166-48169
#BD7D76	48167.5	2	3581	48166-48169
#BD7D76	48168	1.5	3581	48166-48169
#BD7D76	48167.5	1	3581	48166-48169
#DCB5B0	48167.5	2	3582	48166-48170
#DCB5B0	48168	2.5	3582	48166-48170
#DCB5B0	48168.5	2	3582	48166-48170
#DCB5B0	48168	1.5	3582	48166-48170
#DDB6B1	48168	2.5	3583	48166-48171
#DDB6B1	48168.5	3	3583	48166-48171
#DDB6B1	48169	2.5	3583	48166-48171
#DDB6B1	48168.5	2	3583	48166-48171
#CB968F	48168.5	3	3584	48166-48172
#CB968F	48169	3.5	3584	48166-48172
#CB968F	48169.5	3	3584	48166-48172
#CB968F	48169	2.5	3584	48166-48172
#D1A09A	48169	3.5	3585	48166-48173
#D1A09A	48169.5	4	3585	48166-48173
#D1A09A	48170	3.5	3585	48166-48173
#D1A09A	48169.5	3	3585	48166-48173
#DFBBB7	48169.5	4	3586	48166-48174
#DFBBB7	48170	4.5	3586	48166-48174
#DFBBB7	48170.5	4	3586	48166-48174
#DFBBB7	48170	3.5	3586	48166-48174
#EED9D6	48170	4.5	3587	48166-48175
#EED9D6	48170.5	5	3587	48166-48175
#EED9D6	48171	4.5	3587	48166-48175
#EED9D6	48170.5	4	3587	48166-48175
#F1DFDD	48170.5	5	3588	48166-48176
#F1DFDD	48171	5.5	3588	48166-48176
#F1DFDD	48171.5	5	3588	48166-48176
#F1DFDD	48171	4.5	3588	48166-48176
#FAF4F3	48171	5.5	3589	48166-48177
#FAF4F3	48171.5	6	3589	48166-48177
#FAF4F3	48172	5.5	3589	48166-48177
#FAF4F3	48171.5	5	3589	48166-48177
#F3E4E1	48171.5	6	3590	48166-48178
#F3E4E1	48172	6.5	3590	48166-48178
#F3E4E1	48172.5	6	3590	48166-48178
#F3E4E1	48172	5.5	3590	48166-48178
#F5E8E6	48172	6.5	3591	48166-48179
#F5E8E6	48172.5	7	3591	48166-48179
#F5E8E6	48173	6.5	3591	48166-48179
#F5E8E6	48172.5	6	3591	48166-48179
#F8EEED	48172.5	7	3592	48166-48180
#F8EEED	48173	7.5	3592	48166-48180
#F8EEED	48173.5	7	3592	48166-48180
#F8EEED	48173	6.5	3592	48166-48180
#F9F2F1	48173	7.5	3593	48166-48181
#F9F2F1	48173.5	8	3593	48166-48181
#F9F2F1	48174	7.5	3593	48166-48181
#F9F2F1	48173.5	7	3593	48166-48181
#FEFDFD	48173.5	8	3594	48166-48182
#FEFDFD	48174	8.5	3594	48166-48182
#FEFDFD	48174.5	8	3594	48166-48182
#FEFDFD	48174	7.5	3594	48166-48182
#FBF5F5	48174	8.5	3595	48166-48183
#FBF5F5	48174.5	9	3595	48166-48183
#FBF5F5	48175	8.5	3595	48166-48183
#FBF5F5	48174.5	8	3595	48166-48183
#F6EAE9	48174.5	9	3596	48166-48184
#F6EAE9	48175	9.5	3596	48166-48184
#F6EAE9	48175.5	9	3596	48166-48184
#F6EAE9	48175	8.5	3596	48166-48184
#FBF6F5	48175	9.5	3597	48166-48185
#FBF6F5	48175.5	10	3597	48166-48185
#FBF6F5	48176	9.5	3597	48166-48185
#FBF6F5	48175.5	9	3597	48166-48185
#FCF8F7	48175.5	10	3598	48166-48186
#FCF8F7	48176	10.5	3598	48166-48186
#FCF8F7	48176.5	10	3598	48166-48186
#FCF8F7	48176	9.5	3598	48166-48186
#FCF8F8	48176	10.5	3599	48166-48187
#FCF8F8	48176.5	11	3599	48166-48187
#FCF8F8	48177	10.5	3599	48166-48187
#FCF8F8	48176.5	10	3599	48166-48187
#FEFDFD	48176.5	11	3600	48166-48188
#FEFDFD	48177	11.5	3600	48166-48188
#FEFDFD	48177.5	11	3600	48166-48188
#FEFDFD	48177	10.5	3600	48166-48188
#FAF9FC	48177	11.5	3601	48166-48189
#FAF9FC	48177.5	12	3601	48166-48189
#FAF9FC	48178	11.5	3601	48166-48189
#FAF9FC	48177.5	11	3601	48166-48189
#FDFBFA	48177.5	12	3602	48166-48190
#FDFBFA	48178	12.5	3602	48166-48190
#FDFBFA	48178.5	12	3602	48166-48190
#FDFBFA	48178	11.5	3602	48166-48190
#FDFDFE	48178	12.5	3603	48166-48191
#FDFDFE	48178.5	13	3603	48166-48191
#FDFDFE	48179	12.5	3603	48166-48191
#FDFDFE	48178.5	12	3603	48166-48191
#FDFAF9	48178.5	13	3604	48166-48192
#FDFAF9	48179	13.5	3604	48166-48192
#FDFAF9	48179.5	13	3604	48166-48192
#FDFAF9	48179	12.5	3604	48166-48192
#FCF7F7	48179	13.5	3605	48166-48193
#FCF7F7	48179.5	14	3605	48166-48193
#FCF7F7	48180	13.5	3605	48166-48193
#FCF7F7	48179.5	13	3605	48166-48193
#FEFCFC	48179.5	14	3606	48166-48194
#FEFCFC	48180	14.5	3606	48166-48194
#FEFCFC	48180.5	14	3606	48166-48194
#FEFCFC	48180	13.5	3606	48166-48194
#FEFDFC	48180	14.5	3607	48166-48195
#FEFDFC	48180.5	15	3607	48166-48195
#FEFDFC	48181	14.5	3607	48166-48195
#FEFDFC	48180.5	14	3607	48166-48195
#FFFEFE	48180.5	15	3608	48166-48196
#FFFEFE	48181	15.5	3608	48166-48196
#FFFEFE	48181.5	15	3608	48166-48196
#FFFEFE	48181	14.5	3608	48166-48196
#FBF6F5	48181	15.5	3609	48166-48197
#FBF6F5	48181.5	16	3609	48166-48197
#FBF6F5	48182	15.5	3609	48166-48197
#FBF6F5	48181.5	15	3609	48166-48197
#FFFEFE	48181.5	16	3610	48166-48198
#FFFEFE	48182	16.5	3610	48166-48198
#FFFEFE	48182.5	16	3610	48166-48198
#FFFEFE	48182	15.5	3610	48166-48198
#FDFBFB	48182	16.5	3611	48166-48199
#FDFBFB	48182.5	17	3611	48166-48199
#FDFBFB	48183	16.5	3611	48166-48199
#FDFBFB	48182.5	16	3611	48166-48199
#CA958E	48166.5	0	3612	48167-48167
#CA958E	48167	0.5	3612	48167-48167
#CA958E	48167.5	0	3612	48167-48167
#CA958E	48167	-0.5	3612	48167-48167
#F1DFDC	48167	0.5	3613	48167-48168
#F1DFDC	48167.5	1	3613	48167-48168
#F1DFDC	48168	0.5	3613	48167-48168
#F1DFDC	48167.5	0	3613	48167-48168
#A95D56	48167.5	1	3614	48167-48169
#A95D56	48168	1.5	3614	48167-48169
#A95D56	48168.5	1	3614	48167-48169
#A95D56	48168	0.5	3614	48167-48169
#D5A8A3	48168	1.5	3615	48167-48170
#D5A8A3	48168.5	2	3615	48167-48170
#D5A8A3	48169	1.5	3615	48167-48170
#D5A8A3	48168.5	1	3615	48167-48170
#C78E87	48168.5	2	3616	48167-48171
#C78E87	48169	2.5	3616	48167-48171
#C78E87	48169.5	2	3616	48167-48171
#C78E87	48169	1.5	3616	48167-48171
#A95E57	48169	2.5	3617	48167-48172
#A95E57	48169.5	3	3617	48167-48172
#A95E57	48170	2.5	3617	48167-48172
#A95E57	48169.5	2	3617	48167-48172
#B26C65	48169.5	3	3618	48167-48173
#B26C65	48170	3.5	3618	48167-48173
#B26C65	48170.5	3	3618	48167-48173
#B26C65	48170	2.5	3618	48167-48173
#C9938C	48170	3.5	3619	48167-48174
#C9938C	48170.5	4	3619	48167-48174
#C9938C	48171	3.5	3619	48167-48174
#C9938C	48170.5	3	3619	48167-48174
#C68C86	48170.5	4	3620	48167-48175
#C68C86	48171	4.5	3620	48167-48175
#C68C86	48171.5	4	3620	48167-48175
#C68C86	48171	3.5	3620	48167-48175
#D4A6A1	48171	4.5	3621	48167-48176
#D4A6A1	48171.5	5	3621	48167-48176
#D4A6A1	48172	4.5	3621	48167-48176
#D4A6A1	48171.5	4	3621	48167-48176
#DEB9B5	48171.5	5	3622	48167-48177
#DEB9B5	48172	5.5	3622	48167-48177
#DEB9B5	48172.5	5	3622	48167-48177
#DEB9B5	48172	4.5	3622	48167-48177
#E3C2BE	48172	5.5	3623	48167-48178
#E3C2BE	48172.5	6	3623	48167-48178
#E3C2BE	48173	5.5	3623	48167-48178
#E3C2BE	48172.5	5	3623	48167-48178
#DFBBB7	48172.5	6	3624	48167-48179
#DFBBB7	48173	6.5	3624	48167-48179
#DFBBB7	48173.5	6	3624	48167-48179
#DFBBB7	48173	5.5	3624	48167-48179
#E8CECA	48173	6.5	3625	48167-48180
#E8CECA	48173.5	7	3625	48167-48180
#E8CECA	48174	6.5	3625	48167-48180
#E8CECA	48173.5	6	3625	48167-48180
#D5A8A2	48173.5	7	3626	48167-48181
#D5A8A2	48174	7.5	3626	48167-48181
#D5A8A2	48174.5	7	3626	48167-48181
#D5A8A2	48174	6.5	3626	48167-48181
#EAD1CD	48174	7.5	3627	48167-48182
#EAD1CD	48174.5	8	3627	48167-48182
#EAD1CD	48175	7.5	3627	48167-48182
#EAD1CD	48174.5	7	3627	48167-48182
#F1E0DE	48174.5	8	3628	48167-48183
#F1E0DE	48175	8.5	3628	48167-48183
#F1E0DE	48175.5	8	3628	48167-48183
#F1E0DE	48175	7.5	3628	48167-48183
#F2E2E0	48175	8.5	3629	48167-48184
#F2E2E0	48175.5	9	3629	48167-48184
#F2E2E0	48176	8.5	3629	48167-48184
#F2E2E0	48175.5	8	3629	48167-48184
#F9F2F1	48175.5	9	3630	48167-48185
#F9F2F1	48176	9.5	3630	48167-48185
#F9F2F1	48176.5	9	3630	48167-48185
#F9F2F1	48176	8.5	3630	48167-48185
#FAF3F2	48176	9.5	3631	48167-48186
#FAF3F2	48176.5	10	3631	48167-48186
#FAF3F2	48177	9.5	3631	48167-48186
#FAF3F2	48176.5	9	3631	48167-48186
#FBF7F6	48176.5	10	3632	48167-48187
#FBF7F6	48177	10.5	3632	48167-48187
#FBF7F6	48177.5	10	3632	48167-48187
#FBF7F6	48177	9.5	3632	48167-48187
#F7ECEB	48177	10.5	3633	48167-48188
#F7ECEB	48177.5	11	3633	48167-48188
#F7ECEB	48178	10.5	3633	48167-48188
#F7ECEB	48177.5	10	3633	48167-48188
#FAF4F3	48177.5	11	3634	48167-48189
#FAF4F3	48178	11.5	3634	48167-48189
#FAF4F3	48178.5	11	3634	48167-48189
#FAF4F3	48178	10.5	3634	48167-48189
#FEFCFC	48178	11.5	3635	48167-48190
#FEFCFC	48178.5	12	3635	48167-48190
#FEFCFC	48179	11.5	3635	48167-48190
#FEFCFC	48178.5	11	3635	48167-48190
#F9F2F1	48178.5	12	3636	48167-48191
#F9F2F1	48179	12.5	3636	48167-48191
#F9F2F1	48179.5	12	3636	48167-48191
#F9F2F1	48179	11.5	3636	48167-48191
#F9F2F1	48179	12.5	3637	48167-48192
#F9F2F1	48179.5	13	3637	48167-48192
#F9F2F1	48180	12.5	3637	48167-48192
#F9F2F1	48179.5	12	3637	48167-48192
#FCF7F7	48179.5	13	3638	48167-48193
#FCF7F7	48180	13.5	3638	48167-48193
#FCF7F7	48180.5	13	3638	48167-48193
#FCF7F7	48180	12.5	3638	48167-48193
#FCF7F6	48180	13.5	3639	48167-48194
#FCF7F6	48180.5	14	3639	48167-48194
#FCF7F6	48181	13.5	3639	48167-48194
#FCF7F6	48180.5	13	3639	48167-48194
#FAF4F3	48180.5	14	3640	48167-48195
#FAF4F3	48181	14.5	3640	48167-48195
#FAF4F3	48181.5	14	3640	48167-48195
#FAF4F3	48181	13.5	3640	48167-48195
#FEFCFC	48181	14.5	3641	48167-48196
#FEFCFC	48181.5	15	3641	48167-48196
#FEFCFC	48182	14.5	3641	48167-48196
#FEFCFC	48181.5	14	3641	48167-48196
#FEFEFD	48181.5	15	3642	48167-48197
#FEFEFD	48182	15.5	3642	48167-48197
#FEFEFD	48182.5	15	3642	48167-48197
#FEFEFD	48182	14.5	3642	48167-48197
#FBF6F5	48182	15.5	3643	48167-48198
#FBF6F5	48182.5	16	3643	48167-48198
#FBF6F5	48183	15.5	3643	48167-48198
#FBF6F5	48182.5	15	3643	48167-48198
#FCF9F8	48182.5	16	3644	48167-48199
#FCF9F8	48183	16.5	3644	48167-48199
#FCF9F8	48183.5	16	3644	48167-48199
#FCF9F8	48183	15.5	3644	48167-48199
#B16A63	48167.5	0	3645	48168-48168
#B16A63	48168	0.5	3645	48168-48168
#B16A63	48168.5	0	3645	48168-48168
#B16A63	48168	-0.5	3645	48168-48168
#D1A09A	48168	0.5	3646	48168-48169
#D1A09A	48168.5	1	3646	48168-48169
#D1A09A	48169	0.5	3646	48168-48169
#D1A09A	48168.5	0	3646	48168-48169
#E3C3BF	48168.5	1	3647	48168-48170
#E3C3BF	48169	1.5	3647	48168-48170
#E3C3BF	48169.5	1	3647	48168-48170
#E3C3BF	48169	0.5	3647	48168-48170
#CD9992	48169	1.5	3648	48168-48171
#CD9992	48169.5	2	3648	48168-48171
#CD9992	48170	1.5	3648	48168-48171
#CD9992	48169.5	1	3648	48168-48171
#BC7C75	48169.5	2	3649	48168-48172
#BC7C75	48170	2.5	3649	48168-48172
#BC7C75	48170.5	2	3649	48168-48172
#BC7C75	48170	1.5	3649	48168-48172
#C78F88	48170	2.5	3650	48168-48173
#C78F88	48170.5	3	3650	48168-48173
#C78F88	48171	2.5	3650	48168-48173
#C78F88	48170.5	2	3650	48168-48173
#D6A9A4	48170.5	3	3651	48168-48174
#D6A9A4	48171	3.5	3651	48168-48174
#D6A9A4	48171.5	3	3651	48168-48174
#D6A9A4	48171	2.5	3651	48168-48174
#D7ABA6	48171	3.5	3652	48168-48175
#D7ABA6	48171.5	4	3652	48168-48175
#D7ABA6	48172	3.5	3652	48168-48175
#D7ABA6	48171.5	3	3652	48168-48175
#ECD4D1	48171.5	4	3653	48168-48176
#ECD4D1	48172	4.5	3653	48168-48176
#ECD4D1	48172.5	4	3653	48168-48176
#ECD4D1	48172	3.5	3653	48168-48176
#EDD7D4	48172	4.5	3654	48168-48177
#EDD7D4	48172.5	5	3654	48168-48177
#EDD7D4	48173	4.5	3654	48168-48177
#EDD7D4	48172.5	4	3654	48168-48177
#EAD1CE	48172.5	5	3655	48168-48178
#EAD1CE	48173	5.5	3655	48168-48178
#EAD1CE	48173.5	5	3655	48168-48178
#EAD1CE	48173	4.5	3655	48168-48178
#DCB4AF	48173	5.5	3656	48168-48179
#DCB4AF	48173.5	6	3656	48168-48179
#DCB4AF	48174	5.5	3656	48168-48179
#DCB4AF	48173.5	5	3656	48168-48179
#E6C8C4	48173.5	6	3657	48168-48180
#E6C8C4	48174	6.5	3657	48168-48180
#E6C8C4	48174.5	6	3657	48168-48180
#E6C8C4	48174	5.5	3657	48168-48180
#E7CAC6	48174	6.5	3658	48168-48181
#E7CAC6	48174.5	7	3658	48168-48181
#E7CAC6	48175	6.5	3658	48168-48181
#E7CAC6	48174.5	6	3658	48168-48181
#E6C9C5	48174.5	7	3659	48168-48182
#E6C9C5	48175	7.5	3659	48168-48182
#E6C9C5	48175.5	7	3659	48168-48182
#E6C9C5	48175	6.5	3659	48168-48182
#F5E8E6	48175	7.5	3660	48168-48183
#F5E8E6	48175.5	8	3660	48168-48183
#F5E8E6	48176	7.5	3660	48168-48183
#F5E8E6	48175.5	7	3660	48168-48183
#FDFAF9	48175.5	8	3661	48168-48184
#FDFAF9	48176	8.5	3661	48168-48184
#FDFAF9	48176.5	8	3661	48168-48184
#FDFAF9	48176	7.5	3661	48168-48184
#F3E5E3	48176	8.5	3662	48168-48185
#F3E5E3	48176.5	9	3662	48168-48185
#F3E5E3	48177	8.5	3662	48168-48185
#F3E5E3	48176.5	8	3662	48168-48185
#FAF5F4	48176.5	9	3663	48168-48186
#FAF5F4	48177	9.5	3663	48168-48186
#FAF5F4	48177.5	9	3663	48168-48186
#FAF5F4	48177	8.5	3663	48168-48186
#FBF6F6	48177	9.5	3664	48168-48187
#FBF6F6	48177.5	10	3664	48168-48187
#FBF6F6	48178	9.5	3664	48168-48187
#FBF6F6	48177.5	9	3664	48168-48187
#FBF6F5	48177.5	10	3665	48168-48188
#FBF6F5	48178	10.5	3665	48168-48188
#FBF6F5	48178.5	10	3665	48168-48188
#FBF6F5	48178	9.5	3665	48168-48188
#F6EBEA	48178	10.5	3666	48168-48189
#F6EBEA	48178.5	11	3666	48168-48189
#F6EBEA	48179	10.5	3666	48168-48189
#F6EBEA	48178.5	10	3666	48168-48189
#F9F2F1	48178.5	11	3667	48168-48190
#F9F2F1	48179	11.5	3667	48168-48190
#F9F2F1	48179.5	11	3667	48168-48190
#F9F2F1	48179	10.5	3667	48168-48190
#FDFBFA	48179	11.5	3668	48168-48191
#FDFBFA	48179.5	12	3668	48168-48191
#FDFBFA	48180	11.5	3668	48168-48191
#FDFBFA	48179.5	11	3668	48168-48191
#FBF6F5	48179.5	12	3669	48168-48192
#FBF6F5	48180	12.5	3669	48168-48192
#FBF6F5	48180.5	12	3669	48168-48192
#FBF6F5	48180	11.5	3669	48168-48192
#FDFAFA	48180	12.5	3670	48168-48193
#FDFAFA	48180.5	13	3670	48168-48193
#FDFAFA	48181	12.5	3670	48168-48193
#FDFAFA	48180.5	12	3670	48168-48193
#FAF3F2	48180.5	13	3671	48168-48194
#FAF3F2	48181	13.5	3671	48168-48194
#FAF3F2	48181.5	13	3671	48168-48194
#FAF3F2	48181	12.5	3671	48168-48194
#F7EEEC	48181	13.5	3672	48168-48195
#F7EEEC	48181.5	14	3672	48168-48195
#F7EEEC	48182	13.5	3672	48168-48195
#F7EEEC	48181.5	13	3672	48168-48195
#FEFDFD	48181.5	14	3673	48168-48196
#FEFDFD	48182	14.5	3673	48168-48196
#FEFDFD	48182.5	14	3673	48168-48196
#FEFDFD	48182	13.5	3673	48168-48196
#FDFAF9	48182	14.5	3674	48168-48197
#FDFAF9	48182.5	15	3674	48168-48197
#FDFAF9	48183	14.5	3674	48168-48197
#FDFAF9	48182.5	14	3674	48168-48197
#FCF7F7	48182.5	15	3675	48168-48198
#FCF7F7	48183	15.5	3675	48168-48198
#FCF7F7	48183.5	15	3675	48168-48198
#FCF7F7	48183	14.5	3675	48168-48198
#FCF9F8	48183	15.5	3676	48168-48199
#FCF9F8	48183.5	16	3676	48168-48199
#FCF9F8	48184	15.5	3676	48168-48199
#FCF9F8	48183.5	15	3676	48168-48199
#BF817A	48168.5	0	3677	48169-48169
#BF817A	48169	0.5	3677	48169-48169
#BF817A	48169.5	0	3677	48169-48169
#BF817A	48169	-0.5	3677	48169-48169
#DFBBB7	48169	0.5	3678	48169-48170
#DFBBB7	48169.5	1	3678	48169-48170
#DFBBB7	48170	0.5	3678	48169-48170
#DFBBB7	48169.5	0	3678	48169-48170
#C8918A	48169.5	1	3679	48169-48171
#C8918A	48170	1.5	3679	48169-48171
#C8918A	48170.5	1	3679	48169-48171
#C8918A	48170	0.5	3679	48169-48171
#BD7E77	48170	1.5	3680	48169-48172
#BD7E77	48170.5	2	3680	48169-48172
#BD7E77	48171	1.5	3680	48169-48172
#BD7E77	48170.5	1	3680	48169-48172
#CD9993	48170.5	2	3681	48169-48173
#CD9993	48171	2.5	3681	48169-48173
#CD9993	48171.5	2	3681	48169-48173
#CD9993	48171	1.5	3681	48169-48173
#DFBAB6	48171	2.5	3682	48169-48174
#DFBAB6	48171.5	3	3682	48169-48174
#DFBAB6	48172	2.5	3682	48169-48174
#DFBAB6	48171.5	2	3682	48169-48174
#DBB3AE	48171.5	3	3683	48169-48175
#DBB3AE	48172	3.5	3683	48169-48175
#DBB3AE	48172.5	3	3683	48169-48175
#DBB3AE	48172	2.5	3683	48169-48175
#EED9D6	48172	3.5	3684	48169-48176
#EED9D6	48172.5	4	3684	48169-48176
#EED9D6	48173	3.5	3684	48169-48176
#EED9D6	48172.5	3	3684	48169-48176
#F4E7E5	48172.5	4	3685	48169-48177
#F4E7E5	48173	4.5	3685	48169-48177
#F4E7E5	48173.5	4	3685	48169-48177
#F4E7E5	48173	3.5	3685	48169-48177
#E7CBC7	48173	4.5	3686	48169-48178
#E7CBC7	48173.5	5	3686	48169-48178
#E7CBC7	48174	4.5	3686	48169-48178
#E7CBC7	48173.5	4	3686	48169-48178
#DDB6B1	48173.5	5	3687	48169-48179
#DDB6B1	48174	5.5	3687	48169-48179
#DDB6B1	48174.5	5	3687	48169-48179
#DDB6B1	48174	4.5	3687	48169-48179
#E6C8C5	48174	5.5	3688	48169-48180
#E6C8C5	48174.5	6	3688	48169-48180
#E6C8C5	48175	5.5	3688	48169-48180
#E6C8C5	48174.5	5	3688	48169-48180
#DFBAB6	48174.5	6	3689	48169-48181
#DFBAB6	48175	6.5	3689	48169-48181
#DFBAB6	48175.5	6	3689	48169-48181
#DFBAB6	48175	5.5	3689	48169-48181
#E5C8C4	48175	6.5	3690	48169-48182
#E5C8C4	48175.5	7	3690	48169-48182
#E5C8C4	48176	6.5	3690	48169-48182
#E5C8C4	48175.5	6	3690	48169-48182
#F1DFDC	48175.5	7	3691	48169-48183
#F1DFDC	48176	7.5	3691	48169-48183
#F1DFDC	48176.5	7	3691	48169-48183
#F1DFDC	48176	6.5	3691	48169-48183
#F8F0EF	48176	7.5	3692	48169-48184
#F8F0EF	48176.5	8	3692	48169-48184
#F8F0EF	48177	7.5	3692	48169-48184
#F8F0EF	48176.5	7	3692	48169-48184
#F0DEDC	48176.5	8	3693	48169-48185
#F0DEDC	48177	8.5	3693	48169-48185
#F0DEDC	48177.5	8	3693	48169-48185
#F0DEDC	48177	7.5	3693	48169-48185
#F8EFEE	48177	8.5	3694	48169-48186
#F8EFEE	48177.5	9	3694	48169-48186
#F8EFEE	48178	8.5	3694	48169-48186
#F8EFEE	48177.5	8	3694	48169-48186
#FBF6F5	48177.5	9	3695	48169-48187
#FBF6F5	48178	9.5	3695	48169-48187
#FBF6F5	48178.5	9	3695	48169-48187
#FBF6F5	48178	8.5	3695	48169-48187
#FCF7F6	48178	9.5	3696	48169-48188
#FCF7F6	48178.5	10	3696	48169-48188
#FCF7F6	48179	9.5	3696	48169-48188
#FCF7F6	48178.5	9	3696	48169-48188
#FCF8F7	48178.5	10	3697	48169-48189
#FCF8F7	48179	10.5	3697	48169-48189
#FCF8F7	48179.5	10	3697	48169-48189
#FCF8F7	48179	9.5	3697	48169-48189
#F8EFED	48179	10.5	3698	48169-48190
#F8EFED	48179.5	11	3698	48169-48190
#F8EFED	48180	10.5	3698	48169-48190
#F8EFED	48179.5	10	3698	48169-48190
#FFFFFF	48179.5	11	3699	48169-48191
#FFFFFF	48180	11.5	3699	48169-48191
#FFFFFF	48180.5	11	3699	48169-48191
#FFFFFF	48180	10.5	3699	48169-48191
#FEFDFD	48180	11.5	3700	48169-48192
#FEFDFD	48180.5	12	3700	48169-48192
#FEFDFD	48181	11.5	3700	48169-48192
#FEFDFD	48180.5	11	3700	48169-48192
#FAF3F2	48180.5	12	3701	48169-48193
#FAF3F2	48181	12.5	3701	48169-48193
#FAF3F2	48181.5	12	3701	48169-48193
#FAF3F2	48181	11.5	3701	48169-48193
#FCF7F7	48181	12.5	3702	48169-48194
#FCF7F7	48181.5	13	3702	48169-48194
#FCF7F7	48182	12.5	3702	48169-48194
#FCF7F7	48181.5	12	3702	48169-48194
#FEFCFC	48181.5	13	3703	48169-48195
#FEFCFC	48182	13.5	3703	48169-48195
#FEFCFC	48182.5	13	3703	48169-48195
#FEFCFC	48182	12.5	3703	48169-48195
#FAF4F3	48182	13.5	3704	48169-48196
#FAF4F3	48182.5	14	3704	48169-48196
#FAF4F3	48183	13.5	3704	48169-48196
#FAF4F3	48182.5	13	3704	48169-48196
#FDFBFB	48182.5	14	3705	48169-48197
#FDFBFB	48183	14.5	3705	48169-48197
#FDFBFB	48183.5	14	3705	48169-48197
#FDFBFB	48183	13.5	3705	48169-48197
#FDFBFA	48183	14.5	3706	48169-48198
#FDFBFA	48183.5	15	3706	48169-48198
#FDFBFA	48184	14.5	3706	48169-48198
#FDFBFA	48183.5	14	3706	48169-48198
#FBF5F4	48183.5	15	3707	48169-48199
#FBF5F4	48184	15.5	3707	48169-48199
#FBF5F4	48184.5	15	3707	48169-48199
#FBF5F4	48184	14.5	3707	48169-48199
#B6726B	48169.5	0	3708	48170-48170
#B6726B	48170	0.5	3708	48170-48170
#B6726B	48170.5	0	3708	48170-48170
#B6726B	48170	-0.5	3708	48170-48170
#CC9791	48170	0.5	3709	48170-48171
#CC9791	48170.5	1	3709	48170-48171
#CC9791	48171	0.5	3709	48170-48171
#CC9791	48170.5	0	3709	48170-48171
#BE8079	48170.5	1	3710	48170-48172
#BE8079	48171	1.5	3710	48170-48172
#BE8079	48171.5	1	3710	48170-48172
#BE8079	48171	0.5	3710	48170-48172
#CF9D97	48171	1.5	3711	48170-48173
#CF9D97	48171.5	2	3711	48170-48173
#CF9D97	48172	1.5	3711	48170-48173
#CF9D97	48171.5	1	3711	48170-48173
#EBD4D1	48171.5	2	3712	48170-48174
#EBD4D1	48172	2.5	3712	48170-48174
#EBD4D1	48172.5	2	3712	48170-48174
#EBD4D1	48172	1.5	3712	48170-48174
#E9CFCC	48172	2.5	3713	48170-48175
#E9CFCC	48172.5	3	3713	48170-48175
#E9CFCC	48173	2.5	3713	48170-48175
#E9CFCC	48172.5	2	3713	48170-48175
#F5E9E7	48172.5	3	3714	48170-48176
#F5E9E7	48173	3.5	3714	48170-48176
#F5E9E7	48173.5	3	3714	48170-48176
#F5E9E7	48173	2.5	3714	48170-48176
#FBF5F4	48173	3.5	3715	48170-48177
#FBF5F4	48173.5	4	3715	48170-48177
#FBF5F4	48174	3.5	3715	48170-48177
#FBF5F4	48173.5	3	3715	48170-48177
#FBF6F5	48173.5	4	3716	48170-48178
#FBF6F5	48174	4.5	3716	48170-48178
#FBF6F5	48174.5	4	3716	48170-48178
#FBF6F5	48174	3.5	3716	48170-48178
#EAD1CE	48174	4.5	3717	48170-48179
#EAD1CE	48174.5	5	3717	48170-48179
#EAD1CE	48175	4.5	3717	48170-48179
#EAD1CE	48174.5	4	3717	48170-48179
#E1BFBA	48174.5	5	3718	48170-48180
#E1BFBA	48175	5.5	3718	48170-48180
#E1BFBA	48175.5	5	3718	48170-48180
#E1BFBA	48175	4.5	3718	48170-48180
#E9CECA	48175	5.5	3719	48170-48181
#E9CECA	48175.5	6	3719	48170-48181
#E9CECA	48176	5.5	3719	48170-48181
#E9CECA	48175.5	5	3719	48170-48181
#ECD4D1	48175.5	6	3720	48170-48182
#ECD4D1	48176	6.5	3720	48170-48182
#ECD4D1	48176.5	6	3720	48170-48182
#ECD4D1	48176	5.5	3720	48170-48182
#E4C5C1	48176	6.5	3721	48170-48183
#E4C5C1	48176.5	7	3721	48170-48183
#E4C5C1	48177	6.5	3721	48170-48183
#E4C5C1	48176.5	6	3721	48170-48183
#F4E5E3	48176.5	7	3722	48170-48184
#F4E5E3	48177	7.5	3722	48170-48184
#F4E5E3	48177.5	7	3722	48170-48184
#F4E5E3	48177	6.5	3722	48170-48184
#EEDAD7	48177	7.5	3723	48170-48185
#EEDAD7	48177.5	8	3723	48170-48185
#EEDAD7	48178	7.5	3723	48170-48185
#EEDAD7	48177.5	7	3723	48170-48185
#F6EAE8	48177.5	8	3724	48170-48186
#F6EAE8	48178	8.5	3724	48170-48186
#F6EAE8	48178.5	8	3724	48170-48186
#F6EAE8	48178	7.5	3724	48170-48186
#F6EBEA	48178	8.5	3725	48170-48187
#F6EBEA	48178.5	9	3725	48170-48187
#F6EBEA	48179	8.5	3725	48170-48187
#F6EBEA	48178.5	8	3725	48170-48187
#FDFBFB	48178.5	9	3726	48170-48188
#FDFBFB	48179	9.5	3726	48170-48188
#FDFBFB	48179.5	9	3726	48170-48188
#FDFBFB	48179	8.5	3726	48170-48188
#F9F2F1	48179	9.5	3727	48170-48189
#F9F2F1	48179.5	10	3727	48170-48189
#F9F2F1	48180	9.5	3727	48170-48189
#F9F2F1	48179.5	9	3727	48170-48189
#FCF8F7	48179.5	10	3728	48170-48190
#FCF8F7	48180	10.5	3728	48170-48190
#FCF8F7	48180.5	10	3728	48170-48190
#FCF8F7	48180	9.5	3728	48170-48190
#F1DFDC	48180	10.5	3729	48170-48191
#F1DFDC	48180.5	11	3729	48170-48191
#F1DFDC	48181	10.5	3729	48170-48191
#F1DFDC	48180.5	10	3729	48170-48191
#FBF6F6	48180.5	11	3730	48170-48192
#FBF6F6	48181	11.5	3730	48170-48192
#FBF6F6	48181.5	11	3730	48170-48192
#FBF6F6	48181	10.5	3730	48170-48192
#FEFCFC	48181	11.5	3731	48170-48193
#FEFCFC	48181.5	12	3731	48170-48193
#FEFCFC	48182	11.5	3731	48170-48193
#FEFCFC	48181.5	11	3731	48170-48193
#F4E7E5	48181.5	12	3732	48170-48194
#F4E7E5	48182	12.5	3732	48170-48194
#F4E7E5	48182.5	12	3732	48170-48194
#F4E7E5	48182	11.5	3732	48170-48194
#FAF3F2	48182	12.5	3733	48170-48195
#FAF3F2	48182.5	13	3733	48170-48195
#FAF3F2	48183	12.5	3733	48170-48195
#FAF3F2	48182.5	12	3733	48170-48195
#FDFAFA	48182.5	13	3734	48170-48196
#FDFAFA	48183	13.5	3734	48170-48196
#FDFAFA	48183.5	13	3734	48170-48196
#FDFAFA	48183	12.5	3734	48170-48196
#FCF9F8	48183	13.5	3735	48170-48197
#FCF9F8	48183.5	14	3735	48170-48197
#FCF9F8	48184	13.5	3735	48170-48197
#FCF9F8	48183.5	13	3735	48170-48197
#FBF6F6	48183.5	14	3736	48170-48198
#FBF6F6	48184	14.5	3736	48170-48198
#FBF6F6	48184.5	14	3736	48170-48198
#FBF6F6	48184	13.5	3736	48170-48198
#F0DEDC	48184	14.5	3737	48170-48199
#F0DEDC	48184.5	15	3737	48170-48199
#F0DEDC	48185	14.5	3737	48170-48199
#F0DEDC	48184.5	14	3737	48170-48199
#A0504A	48170.5	0	3738	48171-48171
#A0504A	48171	0.5	3738	48171-48171
#A0504A	48171.5	0	3738	48171-48171
#A0504A	48171	-0.5	3738	48171-48171
#CB958F	48171	0.5	3739	48171-48172
#CB958F	48171.5	1	3739	48171-48172
#CB958F	48172	0.5	3739	48171-48172
#CB958F	48171.5	0	3739	48171-48172
#EDD7D4	48171.5	1	3740	48171-48173
#EDD7D4	48172	1.5	3740	48171-48173
#EDD7D4	48172.5	1	3740	48171-48173
#EDD7D4	48172	0.5	3740	48171-48173
#FCF8F7	48172	1.5	3741	48171-48174
#FCF8F7	48172.5	2	3741	48171-48174
#FCF8F7	48173	1.5	3741	48171-48174
#FCF8F7	48172.5	1	3741	48171-48174
#F5E8E6	48172.5	2	3742	48171-48175
#F5E8E6	48173	2.5	3742	48171-48175
#F5E8E6	48173.5	2	3742	48171-48175
#F5E8E6	48173	1.5	3742	48171-48175
#FCF7F6	48173	2.5	3743	48171-48176
#FCF7F6	48173.5	3	3743	48171-48176
#FCF7F6	48174	2.5	3743	48171-48176
#FCF7F6	48173.5	2	3743	48171-48176
#FFFFFF	48173.5	3	3744	48171-48177
#FFFFFF	48174	3.5	3744	48171-48177
#FFFFFF	48174.5	3	3744	48171-48177
#FFFFFF	48174	2.5	3744	48171-48177
#FEFCFC	48174	3.5	3745	48171-48178
#FEFCFC	48174.5	4	3745	48171-48178
#FEFCFC	48175	3.5	3745	48171-48178
#FEFCFC	48174.5	3	3745	48171-48178
#F7EDEC	48174.5	4	3746	48171-48179
#F7EDEC	48175	4.5	3746	48171-48179
#F7EDEC	48175.5	4	3746	48171-48179
#F7EDEC	48175	3.5	3746	48171-48179
#F4E7E5	48175	4.5	3747	48171-48180
#F4E7E5	48175.5	5	3747	48171-48180
#F4E7E5	48176	4.5	3747	48171-48180
#F4E7E5	48175.5	4	3747	48171-48180
#EFDBD8	48175.5	5	3748	48171-48181
#EFDBD8	48176	5.5	3748	48171-48181
#EFDBD8	48176.5	5	3748	48171-48181
#EFDBD8	48176	4.5	3748	48171-48181
#FEFCFC	48176	5.5	3749	48171-48182
#FEFCFC	48176.5	6	3749	48171-48182
#FEFCFC	48177	5.5	3749	48171-48182
#FEFCFC	48176.5	5	3749	48171-48182
#F6EBE9	48176.5	6	3750	48171-48183
#F6EBE9	48177	6.5	3750	48171-48183
#F6EBE9	48177.5	6	3750	48171-48183
#F6EBE9	48177	5.5	3750	48171-48183
#F1DFDC	48177	6.5	3751	48171-48184
#F1DFDC	48177.5	7	3751	48171-48184
#F1DFDC	48178	6.5	3751	48171-48184
#F1DFDC	48177.5	6	3751	48171-48184
#EFDBD8	48177.5	7	3752	48171-48185
#EFDBD8	48178	7.5	3752	48171-48185
#EFDBD8	48178.5	7	3752	48171-48185
#EFDBD8	48178	6.5	3752	48171-48185
#F1DFDD	48178	7.5	3753	48171-48186
#F1DFDD	48178.5	8	3753	48171-48186
#F1DFDD	48179	7.5	3753	48171-48186
#F1DFDD	48178.5	7	3753	48171-48186
#F9F2F1	48178.5	8	3754	48171-48187
#F9F2F1	48179	8.5	3754	48171-48187
#F9F2F1	48179.5	8	3754	48171-48187
#F9F2F1	48179	7.5	3754	48171-48187
#FCF8F8	48179	8.5	3755	48171-48188
#FCF8F8	48179.5	9	3755	48171-48188
#FCF8F8	48180	8.5	3755	48171-48188
#FCF8F8	48179.5	8	3755	48171-48188
#F8EFEE	48179.5	9	3756	48171-48189
#F8EFEE	48180	9.5	3756	48171-48189
#F8EFEE	48180.5	9	3756	48171-48189
#F8EFEE	48180	8.5	3756	48171-48189
#FCF9F8	48180	9.5	3757	48171-48190
#FCF9F8	48180.5	10	3757	48171-48190
#FCF9F8	48181	9.5	3757	48171-48190
#FCF9F8	48180.5	9	3757	48171-48190
#FDFAFA	48180.5	10	3758	48171-48191
#FDFAFA	48181	10.5	3758	48171-48191
#FDFAFA	48181.5	10	3758	48171-48191
#FDFAFA	48181	9.5	3758	48171-48191
#F5E8E6	48181	10.5	3759	48171-48192
#F5E8E6	48181.5	11	3759	48171-48192
#F5E8E6	48182	10.5	3759	48171-48192
#F5E8E6	48181.5	10	3759	48171-48192
#FAF3F2	48181.5	11	3760	48171-48193
#FAF3F2	48182	11.5	3760	48171-48193
#FAF3F2	48182.5	11	3760	48171-48193
#FAF3F2	48182	10.5	3760	48171-48193
#FBF6F5	48182	11.5	3761	48171-48194
#FBF6F5	48182.5	12	3761	48171-48194
#FBF6F5	48183	11.5	3761	48171-48194
#FBF6F5	48182.5	11	3761	48171-48194
#F9F0EF	48182.5	12	3762	48171-48195
#F9F0EF	48183	12.5	3762	48171-48195
#F9F0EF	48183.5	12	3762	48171-48195
#F9F0EF	48183	11.5	3762	48171-48195
#FBF6F5	48183	12.5	3763	48171-48196
#FBF6F5	48183.5	13	3763	48171-48196
#FBF6F5	48184	12.5	3763	48171-48196
#FBF6F5	48183.5	12	3763	48171-48196
#FEFCFB	48183.5	13	3764	48171-48197
#FEFCFB	48184	13.5	3764	48171-48197
#FEFCFB	48184.5	13	3764	48171-48197
#FEFCFB	48184	12.5	3764	48171-48197
#FDFBFB	48184	13.5	3765	48171-48198
#FDFBFB	48184.5	14	3765	48171-48198
#FDFBFB	48185	13.5	3765	48171-48198
#FDFBFB	48184.5	13	3765	48171-48198
#F8EFEE	48184.5	14	3766	48171-48199
#F8EFEE	48185	14.5	3766	48171-48199
#F8EFEE	48185.5	14	3766	48171-48199
#F8EFEE	48185	13.5	3766	48171-48199
#DEB8B3	48171.5	0	3767	48172-48172
#DEB8B3	48172	0.5	3767	48172-48172
#DEB8B3	48172.5	0	3767	48172-48172
#DEB8B3	48172	-0.5	3767	48172-48172
#FCF8F7	48172	0.5	3768	48172-48173
#FCF8F7	48172.5	1	3768	48172-48173
#FCF8F7	48173	0.5	3768	48172-48173
#FCF8F7	48172.5	0	3768	48172-48173
#F1E0DE	48172.5	1	3769	48172-48174
#F1E0DE	48173	1.5	3769	48172-48174
#F1E0DE	48173.5	1	3769	48172-48174
#F1E0DE	48173	0.5	3769	48172-48174
#E1BEBA	48173	1.5	3770	48172-48175
#E1BEBA	48173.5	2	3770	48172-48175
#E1BEBA	48174	1.5	3770	48172-48175
#E1BEBA	48173.5	1	3770	48172-48175
#E8CCC9	48173.5	2	3771	48172-48176
#E8CCC9	48174	2.5	3771	48172-48176
#E8CCC9	48174.5	2	3771	48172-48176
#E8CCC9	48174	1.5	3771	48172-48176
#E9CFCC	48174	2.5	3772	48172-48177
#E9CFCC	48174.5	3	3772	48172-48177
#E9CFCC	48175	2.5	3772	48172-48177
#E9CFCC	48174.5	2	3772	48172-48177
#ECD4D1	48174.5	3	3773	48172-48178
#ECD4D1	48175	3.5	3773	48172-48178
#ECD4D1	48175.5	3	3773	48172-48178
#ECD4D1	48175	2.5	3773	48172-48178
#E3C2BE	48175	3.5	3774	48172-48179
#E3C2BE	48175.5	4	3774	48172-48179
#E3C2BE	48176	3.5	3774	48172-48179
#E3C2BE	48175.5	3	3774	48172-48179
#E1BEBA	48175.5	4	3775	48172-48180
#E1BEBA	48176	4.5	3775	48172-48180
#E1BEBA	48176.5	4	3775	48172-48180
#E1BEBA	48176	3.5	3775	48172-48180
#DCB4AF	48176	4.5	3776	48172-48181
#DCB4AF	48176.5	5	3776	48172-48181
#DCB4AF	48177	4.5	3776	48172-48181
#DCB4AF	48176.5	4	3776	48172-48181
#F0DDDA	48176.5	5	3777	48172-48182
#F0DDDA	48177	5.5	3777	48172-48182
#F0DDDA	48177.5	5	3777	48172-48182
#F0DDDA	48177	4.5	3777	48172-48182
#F2E1DF	48177	5.5	3778	48172-48183
#F2E1DF	48177.5	6	3778	48172-48183
#F2E1DF	48178	5.5	3778	48172-48183
#F2E1DF	48177.5	5	3778	48172-48183
#E8CCC8	48177.5	6	3779	48172-48184
#E8CCC8	48178	6.5	3779	48172-48184
#E8CCC8	48178.5	6	3779	48172-48184
#E8CCC8	48178	5.5	3779	48172-48184
#EFDBD9	48178	6.5	3780	48172-48185
#EFDBD9	48178.5	7	3780	48172-48185
#EFDBD9	48179	6.5	3780	48172-48185
#EFDBD9	48178.5	6	3780	48172-48185
#F8EEED	48178.5	7	3781	48172-48186
#F8EEED	48179	7.5	3781	48172-48186
#F8EEED	48179.5	7	3781	48172-48186
#F8EEED	48179	6.5	3781	48172-48186
#FCF8F7	48179	7.5	3782	48172-48187
#FCF8F7	48179.5	8	3782	48172-48187
#FCF8F7	48180	7.5	3782	48172-48187
#FCF8F7	48179.5	7	3782	48172-48187
#F6EBE9	48179.5	8	3783	48172-48188
#F6EBE9	48180	8.5	3783	48172-48188
#F6EBE9	48180.5	8	3783	48172-48188
#F6EBE9	48180	7.5	3783	48172-48188
#F7EEEC	48180	8.5	3784	48172-48189
#F7EEEC	48180.5	9	3784	48172-48189
#F7EEEC	48181	8.5	3784	48172-48189
#F7EEEC	48180.5	8	3784	48172-48189
#FDFAFA	48180.5	9	3785	48172-48190
#FDFAFA	48181	9.5	3785	48172-48190
#FDFAFA	48181.5	9	3785	48172-48190
#FDFAFA	48181	8.5	3785	48172-48190
#FAF3F2	48181	9.5	3786	48172-48191
#FAF3F2	48181.5	10	3786	48172-48191
#FAF3F2	48182	9.5	3786	48172-48191
#FAF3F2	48181.5	9	3786	48172-48191
#FAF3F2	48181.5	10	3787	48172-48192
#FAF3F2	48182	10.5	3787	48172-48192
#FAF3F2	48182.5	10	3787	48172-48192
#FAF3F2	48182	9.5	3787	48172-48192
#FAF3F2	48182	10.5	3788	48172-48193
#FAF3F2	48182.5	11	3788	48172-48193
#FAF3F2	48183	10.5	3788	48172-48193
#FAF3F2	48182.5	10	3788	48172-48193
#FAF4F3	48182.5	11	3789	48172-48194
#FAF4F3	48183	11.5	3789	48172-48194
#FAF4F3	48183.5	11	3789	48172-48194
#FAF4F3	48183	10.5	3789	48172-48194
#FBF7F6	48183	11.5	3790	48172-48195
#FBF7F6	48183.5	12	3790	48172-48195
#FBF7F6	48184	11.5	3790	48172-48195
#FBF7F6	48183.5	11	3790	48172-48195
#FFFFFF	48183.5	12	3791	48172-48196
#FFFFFF	48184	12.5	3791	48172-48196
#FFFFFF	48184.5	12	3791	48172-48196
#FFFFFF	48184	11.5	3791	48172-48196
#FFFEFE	48184	12.5	3792	48172-48197
#FFFEFE	48184.5	13	3792	48172-48197
#FFFEFE	48185	12.5	3792	48172-48197
#FFFEFE	48184.5	12	3792	48172-48197
#FFFEFE	48184.5	13	3793	48172-48198
#FFFEFE	48185	13.5	3793	48172-48198
#FFFEFE	48185.5	13	3793	48172-48198
#FFFEFE	48185	12.5	3793	48172-48198
#FCF9F8	48185	13.5	3794	48172-48199
#FCF9F8	48185.5	14	3794	48172-48199
#FCF9F8	48186	13.5	3794	48172-48199
#FCF9F8	48185.5	13	3794	48172-48199
#C78E88	48172.5	0	3795	48173-48173
#C78E88	48173	0.5	3795	48173-48173
#C78E88	48173.5	0	3795	48173-48173
#C78E88	48173	-0.5	3795	48173-48173
#E8CDC9	48173	0.5	3796	48173-48174
#E8CDC9	48173.5	1	3796	48173-48174
#E8CDC9	48174	0.5	3796	48173-48174
#E8CDC9	48173.5	0	3796	48173-48174
#D9B0AB	48173.5	1	3797	48173-48175
#D9B0AB	48174	1.5	3797	48173-48175
#D9B0AB	48174.5	1	3797	48173-48175
#D9B0AB	48174	0.5	3797	48173-48175
#D7ACA6	48174	1.5	3798	48173-48176
#D7ACA6	48174.5	2	3798	48173-48176
#D7ACA6	48175	1.5	3798	48173-48176
#D7ACA6	48174.5	1	3798	48173-48176
#E2C0BC	48174.5	2	3799	48173-48177
#E2C0BC	48175	2.5	3799	48173-48177
#E2C0BC	48175.5	2	3799	48173-48177
#E2C0BC	48175	1.5	3799	48173-48177
#DDB7B2	48175	2.5	3800	48173-48178
#DDB7B2	48175.5	3	3800	48173-48178
#DDB7B2	48176	2.5	3800	48173-48178
#DDB7B2	48175.5	2	3800	48173-48178
#DAB0AB	48175.5	3	3801	48173-48179
#DAB0AB	48176	3.5	3801	48173-48179
#DAB0AB	48176.5	3	3801	48173-48179
#DAB0AB	48176	2.5	3801	48173-48179
#DDB7B2	48176	3.5	3802	48173-48180
#DDB7B2	48176.5	4	3802	48173-48180
#DDB7B2	48177	3.5	3802	48173-48180
#DDB7B2	48176.5	3	3802	48173-48180
#D6A9A4	48176.5	4	3803	48173-48181
#D6A9A4	48177	4.5	3803	48173-48181
#D6A9A4	48177.5	4	3803	48173-48181
#D6A9A4	48177	3.5	3803	48173-48181
#F4E7E5	48177	4.5	3804	48173-48182
#F4E7E5	48177.5	5	3804	48173-48182
#F4E7E5	48178	4.5	3804	48173-48182
#F4E7E5	48177.5	4	3804	48173-48182
#E7CAC7	48177.5	5	3805	48173-48183
#E7CAC7	48178	5.5	3805	48173-48183
#E7CAC7	48178.5	5	3805	48173-48183
#E7CAC7	48178	4.5	3805	48173-48183
#F3E3E1	48178	5.5	3806	48173-48184
#F3E3E1	48178.5	6	3806	48173-48184
#F3E3E1	48179	5.5	3806	48173-48184
#F3E3E1	48178.5	5	3806	48173-48184
#E9D0CC	48178.5	6	3807	48173-48185
#E9D0CC	48179	6.5	3807	48173-48185
#E9D0CC	48179.5	6	3807	48173-48185
#E9D0CC	48179	5.5	3807	48173-48185
#F9F1F0	48179	6.5	3808	48173-48186
#F9F1F0	48179.5	7	3808	48173-48186
#F9F1F0	48180	6.5	3808	48173-48186
#F9F1F0	48179.5	6	3808	48173-48186
#F8F0EF	48179.5	7	3809	48173-48187
#F8F0EF	48180	7.5	3809	48173-48187
#F8F0EF	48180.5	7	3809	48173-48187
#F8F0EF	48180	6.5	3809	48173-48187
#F7EEEC	48180	7.5	3810	48173-48188
#F7EEEC	48180.5	8	3810	48173-48188
#F7EEEC	48181	7.5	3810	48173-48188
#F7EEEC	48180.5	7	3810	48173-48188
#F9F2F1	48180.5	8	3811	48173-48189
#F9F2F1	48181	8.5	3811	48173-48189
#F9F2F1	48181.5	8	3811	48173-48189
#F9F2F1	48181	7.5	3811	48173-48189
#F9F1F0	48181	8.5	3812	48173-48190
#F9F1F0	48181.5	9	3812	48173-48190
#F9F1F0	48182	8.5	3812	48173-48190
#F9F1F0	48181.5	8	3812	48173-48190
#FDFAF9	48181.5	9	3813	48173-48191
#FDFAF9	48182	9.5	3813	48173-48191
#FDFAF9	48182.5	9	3813	48173-48191
#FDFAF9	48182	8.5	3813	48173-48191
#FDFBFA	48182	9.5	3814	48173-48192
#FDFBFA	48182.5	10	3814	48173-48192
#FDFBFA	48183	9.5	3814	48173-48192
#FDFBFA	48182.5	9	3814	48173-48192
#F3E4E2	48182.5	10	3815	48173-48193
#F3E4E2	48183	10.5	3815	48173-48193
#F3E4E2	48183.5	10	3815	48173-48193
#F3E4E2	48183	9.5	3815	48173-48193
#F9F2F1	48183	10.5	3816	48173-48194
#F9F2F1	48183.5	11	3816	48173-48194
#F9F2F1	48184	10.5	3816	48173-48194
#F9F2F1	48183.5	10	3816	48173-48194
#FDFBFB	48183.5	11	3817	48173-48195
#FDFBFB	48184	11.5	3817	48173-48195
#FDFBFB	48184.5	11	3817	48173-48195
#FDFBFB	48184	10.5	3817	48173-48195
#FEFEFE	48184	11.5	3818	48173-48196
#FEFEFE	48184.5	12	3818	48173-48196
#FEFEFE	48185	11.5	3818	48173-48196
#FEFEFE	48184.5	11	3818	48173-48196
#FDFBFA	48184.5	12	3819	48173-48197
#FDFBFA	48185	12.5	3819	48173-48197
#FDFBFA	48185.5	12	3819	48173-48197
#FDFBFA	48185	11.5	3819	48173-48197
#F9F1F0	48185	12.5	3820	48173-48198
#F9F1F0	48185.5	13	3820	48173-48198
#F9F1F0	48186	12.5	3820	48173-48198
#F9F1F0	48185.5	12	3820	48173-48198
#FBF6F5	48185.5	13	3821	48173-48199
#FBF6F5	48186	13.5	3821	48173-48199
#FBF6F5	48186.5	13	3821	48173-48199
#FBF6F5	48186	12.5	3821	48173-48199
#C78F88	48173.5	0	3822	48174-48174
#C78F88	48174	0.5	3822	48174-48174
#C78F88	48174.5	0	3822	48174-48174
#C78F88	48174	-0.5	3822	48174-48174
#D09F99	48174	0.5	3823	48174-48175
#D09F99	48174.5	1	3823	48174-48175
#D09F99	48175	0.5	3823	48174-48175
#D09F99	48174.5	0	3823	48174-48175
#E2C1BD	48174.5	1	3824	48174-48176
#E2C1BD	48175	1.5	3824	48174-48176
#E2C1BD	48175.5	1	3824	48174-48176
#E2C1BD	48175	0.5	3824	48174-48176
#F1DFDD	48175	1.5	3825	48174-48177
#F1DFDD	48175.5	2	3825	48174-48177
#F1DFDD	48176	1.5	3825	48174-48177
#F1DFDD	48175.5	1	3825	48174-48177
#F7ECEB	48175.5	2	3826	48174-48178
#F7ECEB	48176	2.5	3826	48174-48178
#F7ECEB	48176.5	2	3826	48174-48178
#F7ECEB	48176	1.5	3826	48174-48178
#EDD7D4	48176	2.5	3827	48174-48179
#EDD7D4	48176.5	3	3827	48174-48179
#EDD7D4	48177	2.5	3827	48174-48179
#EDD7D4	48176.5	2	3827	48174-48179
#EBD3D0	48176.5	3	3828	48174-48180
#EBD3D0	48177	3.5	3828	48174-48180
#EBD3D0	48177.5	3	3828	48174-48180
#EBD3D0	48177	2.5	3828	48174-48180
#F0DEDC	48177	3.5	3829	48174-48181
#F0DEDC	48177.5	4	3829	48174-48181
#F0DEDC	48178	3.5	3829	48174-48181
#F0DEDC	48177.5	3	3829	48174-48181
#FBF6F6	48177.5	4	3830	48174-48182
#FBF6F6	48178	4.5	3830	48174-48182
#FBF6F6	48178.5	4	3830	48174-48182
#FBF6F6	48178	3.5	3830	48174-48182
#F2E3E1	48178	4.5	3831	48174-48183
#F2E3E1	48178.5	5	3831	48174-48183
#F2E3E1	48179	4.5	3831	48174-48183
#F2E3E1	48178.5	4	3831	48174-48183
#EED9D6	48178.5	5	3832	48174-48184
#EED9D6	48179	5.5	3832	48174-48184
#EED9D6	48179.5	5	3832	48174-48184
#EED9D6	48179	4.5	3832	48174-48184
#EED8D5	48179	5.5	3833	48174-48185
#EED8D5	48179.5	6	3833	48174-48185
#EED8D5	48180	5.5	3833	48174-48185
#EED8D5	48179.5	5	3833	48174-48185
#F3E5E3	48179.5	6	3834	48174-48186
#F3E5E3	48180	6.5	3834	48174-48186
#F3E5E3	48180.5	6	3834	48174-48186
#F3E5E3	48180	5.5	3834	48174-48186
#F5E8E6	48180	6.5	3835	48174-48187
#F5E8E6	48180.5	7	3835	48174-48187
#F5E8E6	48181	6.5	3835	48174-48187
#F5E8E6	48180.5	6	3835	48174-48187
#F9F2F1	48180.5	7	3836	48174-48188
#F9F2F1	48181	7.5	3836	48174-48188
#F9F2F1	48181.5	7	3836	48174-48188
#F9F2F1	48181	6.5	3836	48174-48188
#F4E6E4	48181	7.5	3837	48174-48189
#F4E6E4	48181.5	8	3837	48174-48189
#F4E6E4	48182	7.5	3837	48174-48189
#F4E6E4	48181.5	7	3837	48174-48189
#FDFAFA	48181.5	8	3838	48174-48190
#FDFAFA	48182	8.5	3838	48174-48190
#FDFAFA	48182.5	8	3838	48174-48190
#FDFAFA	48182	7.5	3838	48174-48190
#F9F1F0	48182	8.5	3839	48174-48191
#F9F1F0	48182.5	9	3839	48174-48191
#F9F1F0	48183	8.5	3839	48174-48191
#F9F1F0	48182.5	8	3839	48174-48191
#FEFEFE	48182.5	9	3840	48174-48192
#FEFEFE	48183	9.5	3840	48174-48192
#FEFEFE	48183.5	9	3840	48174-48192
#FEFEFE	48183	8.5	3840	48174-48192
#FDFBFA	48183	9.5	3841	48174-48193
#FDFBFA	48183.5	10	3841	48174-48193
#FDFBFA	48184	9.5	3841	48174-48193
#FDFBFA	48183.5	9	3841	48174-48193
#F5E7E5	48183.5	10	3842	48174-48194
#F5E7E5	48184	10.5	3842	48174-48194
#F5E7E5	48184.5	10	3842	48174-48194
#F5E7E5	48184	9.5	3842	48174-48194
#F9F2F1	48184	10.5	3843	48174-48195
#F9F2F1	48184.5	11	3843	48174-48195
#F9F2F1	48185	10.5	3843	48174-48195
#F9F2F1	48184.5	10	3843	48174-48195
#FEFEFE	48184.5	11	3844	48174-48196
#FEFEFE	48185	11.5	3844	48174-48196
#FEFEFE	48185.5	11	3844	48174-48196
#FEFEFE	48185	10.5	3844	48174-48196
#F8EEED	48185	11.5	3845	48174-48197
#F8EEED	48185.5	12	3845	48174-48197
#F8EEED	48186	11.5	3845	48174-48197
#F8EEED	48185.5	11	3845	48174-48197
#F7EDEC	48185.5	12	3846	48174-48198
#F7EDEC	48186	12.5	3846	48174-48198
#F7EDEC	48186.5	12	3846	48174-48198
#F7EDEC	48186	11.5	3846	48174-48198
#FEFEFE	48186	12.5	3847	48174-48199
#FEFEFE	48186.5	13	3847	48174-48199
#FEFEFE	48187	12.5	3847	48174-48199
#FEFEFE	48186.5	12	3847	48174-48199
#AB625B	48174.5	0	3848	48175-48175
#AB625B	48175	0.5	3848	48175-48175
#AB625B	48175.5	0	3848	48175-48175
#AB625B	48175	-0.5	3848	48175-48175
#F3E4E2	48175	0.5	3849	48175-48176
#F3E4E2	48175.5	1	3849	48175-48176
#F3E4E2	48176	0.5	3849	48175-48176
#F3E4E2	48175.5	0	3849	48175-48176
#F7ECEB	48175.5	1	3850	48175-48177
#F7ECEB	48176	1.5	3850	48175-48177
#F7ECEB	48176.5	1	3850	48175-48177
#F7ECEB	48176	0.5	3850	48175-48177
#EFDCD9	48176	1.5	3851	48175-48178
#EFDCD9	48176.5	2	3851	48175-48178
#EFDCD9	48177	1.5	3851	48175-48178
#EFDCD9	48176.5	1	3851	48175-48178
#EEDAD7	48176.5	2	3852	48175-48179
#EEDAD7	48177	2.5	3852	48175-48179
#EEDAD7	48177.5	2	3852	48175-48179
#EEDAD7	48177	1.5	3852	48175-48179
#E3C2BE	48177	2.5	3853	48175-48180
#E3C2BE	48177.5	3	3853	48175-48180
#E3C2BE	48178	2.5	3853	48175-48180
#E3C2BE	48177.5	2	3853	48175-48180
#F0DEDC	48177.5	3	3854	48175-48181
#F0DEDC	48178	3.5	3854	48175-48181
#F0DEDC	48178.5	3	3854	48175-48181
#F0DEDC	48178	2.5	3854	48175-48181
#FEFEFE	48178	3.5	3855	48175-48182
#FEFEFE	48178.5	4	3855	48175-48182
#FEFEFE	48179	3.5	3855	48175-48182
#FEFEFE	48178.5	3	3855	48175-48182
#FAF4F3	48178.5	4	3856	48175-48183
#FAF4F3	48179	4.5	3856	48175-48183
#FAF4F3	48179.5	4	3856	48175-48183
#FAF4F3	48179	3.5	3856	48175-48183
#E3C3BF	48179	4.5	3857	48175-48184
#E3C3BF	48179.5	5	3857	48175-48184
#E3C3BF	48180	4.5	3857	48175-48184
#E3C3BF	48179.5	4	3857	48175-48184
#E7CBC7	48179.5	5	3858	48175-48185
#E7CBC7	48180	5.5	3858	48175-48185
#E7CBC7	48180.5	5	3858	48175-48185
#E7CBC7	48180	4.5	3858	48175-48185
#EFDCD9	48180	5.5	3859	48175-48186
#EFDCD9	48180.5	6	3859	48175-48186
#EFDCD9	48181	5.5	3859	48175-48186
#EFDCD9	48180.5	5	3859	48175-48186
#F9F1F0	48180.5	6	3860	48175-48187
#F9F1F0	48181	6.5	3860	48175-48187
#F9F1F0	48181.5	6	3860	48175-48187
#F9F1F0	48181	5.5	3860	48175-48187
#FBF5F5	48181	6.5	3861	48175-48188
#FBF5F5	48181.5	7	3861	48175-48188
#FBF5F5	48182	6.5	3861	48175-48188
#FBF5F5	48181.5	6	3861	48175-48188
#F2E2E0	48181.5	7	3862	48175-48189
#F2E2E0	48182	7.5	3862	48175-48189
#F2E2E0	48182.5	7	3862	48175-48189
#F2E2E0	48182	6.5	3862	48175-48189
#FEFDFD	48182	7.5	3863	48175-48190
#FEFDFD	48182.5	8	3863	48175-48190
#FEFDFD	48183	7.5	3863	48175-48190
#FEFDFD	48182.5	7	3863	48175-48190
#F6EBEA	48182.5	8	3864	48175-48191
#F6EBEA	48183	8.5	3864	48175-48191
#F6EBEA	48183.5	8	3864	48175-48191
#F6EBEA	48183	7.5	3864	48175-48191
#F9F1F0	48183	8.5	3865	48175-48192
#F9F1F0	48183.5	9	3865	48175-48192
#F9F1F0	48184	8.5	3865	48175-48192
#F9F1F0	48183.5	8	3865	48175-48192
#F5E7E6	48183.5	9	3866	48175-48193
#F5E7E6	48184	9.5	3866	48175-48193
#F5E7E6	48184.5	9	3866	48175-48193
#F5E7E6	48184	8.5	3866	48175-48193
#F2E1DF	48184	9.5	3867	48175-48194
#F2E1DF	48184.5	10	3867	48175-48194
#F2E1DF	48185	9.5	3867	48175-48194
#F2E1DF	48184.5	9	3867	48175-48194
#FBF6F6	48184.5	10	3868	48175-48195
#FBF6F6	48185	10.5	3868	48175-48195
#FBF6F6	48185.5	10	3868	48175-48195
#FBF6F6	48185	9.5	3868	48175-48195
#FDF9F9	48185	10.5	3869	48175-48196
#FDF9F9	48185.5	11	3869	48175-48196
#FDF9F9	48186	10.5	3869	48175-48196
#FDF9F9	48185.5	10	3869	48175-48196
#FEFCFC	48185.5	11	3870	48175-48197
#FEFCFC	48186	11.5	3870	48175-48197
#FEFCFC	48186.5	11	3870	48175-48197
#FEFCFC	48186	10.5	3870	48175-48197
#FDFBFA	48186	11.5	3871	48175-48198
#FDFBFA	48186.5	12	3871	48175-48198
#FDFBFA	48187	11.5	3871	48175-48198
#FDFBFA	48186.5	11	3871	48175-48198
#FBF6F5	48186.5	12	3872	48175-48199
#FBF6F5	48187	12.5	3872	48175-48199
#FBF6F5	48187.5	12	3872	48175-48199
#FBF6F5	48187	11.5	3872	48175-48199
#C68D87	48175.5	0	3873	48176-48176
#C68D87	48176	0.5	3873	48176-48176
#C68D87	48176.5	0	3873	48176-48176
#C68D87	48176	-0.5	3873	48176-48176
#E2C0BC	48176	0.5	3874	48176-48177
#E2C0BC	48176.5	1	3874	48176-48177
#E2C0BC	48177	0.5	3874	48176-48177
#E2C0BC	48176.5	0	3874	48176-48177
#D8ADA8	48176.5	1	3875	48176-48178
#D8ADA8	48177	1.5	3875	48176-48178
#D8ADA8	48177.5	1	3875	48176-48178
#D8ADA8	48177	0.5	3875	48176-48178
#CC9790	48177	1.5	3876	48176-48179
#CC9790	48177.5	2	3876	48176-48179
#CC9790	48178	1.5	3876	48176-48179
#CC9790	48177.5	1	3876	48176-48179
#CE9B95	48177.5	2	3877	48176-48180
#CE9B95	48178	2.5	3877	48176-48180
#CE9B95	48178.5	2	3877	48176-48180
#CE9B95	48178	1.5	3877	48176-48180
#D09E98	48178	2.5	3878	48176-48181
#D09E98	48178.5	3	3878	48176-48181
#D09E98	48179	2.5	3878	48176-48181
#D09E98	48178.5	2	3878	48176-48181
#E5C7C3	48178.5	3	3879	48176-48182
#E5C7C3	48179	3.5	3879	48176-48182
#E5C7C3	48179.5	3	3879	48176-48182
#E5C7C3	48179	2.5	3879	48176-48182
#E2C0BC	48179	3.5	3880	48176-48183
#E2C0BC	48179.5	4	3880	48176-48183
#E2C0BC	48180	3.5	3880	48176-48183
#E2C0BC	48179.5	3	3880	48176-48183
#D2A39D	48179.5	4	3881	48176-48184
#D2A39D	48180	4.5	3881	48176-48184
#D2A39D	48180.5	4	3881	48176-48184
#D2A39D	48180	3.5	3881	48176-48184
#DFBBB6	48180	4.5	3882	48176-48185
#DFBBB6	48180.5	5	3882	48176-48185
#DFBBB6	48181	4.5	3882	48176-48185
#DFBBB6	48180.5	4	3882	48176-48185
#EFDBD8	48180.5	5	3883	48176-48186
#EFDBD8	48181	5.5	3883	48176-48186
#EFDBD8	48181.5	5	3883	48176-48186
#EFDBD8	48181	4.5	3883	48176-48186
#F6E9E8	48181	5.5	3884	48176-48187
#F6E9E8	48181.5	6	3884	48176-48187
#F6E9E8	48182	5.5	3884	48176-48187
#F6E9E8	48181.5	5	3884	48176-48187
#EDD7D4	48181.5	6	3885	48176-48188
#EDD7D4	48182	6.5	3885	48176-48188
#EDD7D4	48182.5	6	3885	48176-48188
#EDD7D4	48182	5.5	3885	48176-48188
#F4E6E5	48182	6.5	3886	48176-48189
#F4E6E5	48182.5	7	3886	48176-48189
#F4E6E5	48183	6.5	3886	48176-48189
#F4E6E5	48182.5	6	3886	48176-48189
#F7EDEC	48182.5	7	3887	48176-48190
#F7EDEC	48183	7.5	3887	48176-48190
#F7EDEC	48183.5	7	3887	48176-48190
#F7EDEC	48183	6.5	3887	48176-48190
#F9F2F1	48183	7.5	3888	48176-48191
#F9F2F1	48183.5	8	3888	48176-48191
#F9F2F1	48184	7.5	3888	48176-48191
#F9F2F1	48183.5	7	3888	48176-48191
#FBF6F6	48183.5	8	3889	48176-48192
#FBF6F6	48184	8.5	3889	48176-48192
#FBF6F6	48184.5	8	3889	48176-48192
#FBF6F6	48184	7.5	3889	48176-48192
#FBF7F6	48184	8.5	3890	48176-48193
#FBF7F6	48184.5	9	3890	48176-48193
#FBF7F6	48185	8.5	3890	48176-48193
#FBF7F6	48184.5	8	3890	48176-48193
#F5E9E7	48184.5	9	3891	48176-48194
#F5E9E7	48185	9.5	3891	48176-48194
#F5E9E7	48185.5	9	3891	48176-48194
#F5E9E7	48185	8.5	3891	48176-48194
#FCF7F7	48185	9.5	3892	48176-48195
#FCF7F7	48185.5	10	3892	48176-48195
#FCF7F7	48186	9.5	3892	48176-48195
#FCF7F7	48185.5	9	3892	48176-48195
#F9F0EF	48185.5	10	3893	48176-48196
#F9F0EF	48186	10.5	3893	48176-48196
#F9F0EF	48186.5	10	3893	48176-48196
#F9F0EF	48186	9.5	3893	48176-48196
#FCF7F7	48186	10.5	3894	48176-48197
#FCF7F7	48186.5	11	3894	48176-48197
#FCF7F7	48187	10.5	3894	48176-48197
#FCF7F7	48186.5	10	3894	48176-48197
#FDFAFA	48186.5	11	3895	48176-48198
#FDFAFA	48187	11.5	3895	48176-48198
#FDFAFA	48187.5	11	3895	48176-48198
#FDFAFA	48187	10.5	3895	48176-48198
#F7ECEA	48187	11.5	3896	48176-48199
#F7ECEA	48187.5	12	3896	48176-48199
#F7ECEA	48188	11.5	3896	48176-48199
#F7ECEA	48187.5	11	3896	48176-48199
#AB615A	48176.5	0	3897	48177-48177
#AB615A	48177	0.5	3897	48177-48177
#AB615A	48177.5	0	3897	48177-48177
#AB615A	48177	-0.5	3897	48177-48177
#D2A29D	48177	0.5	3898	48177-48178
#D2A29D	48177.5	1	3898	48177-48178
#D2A29D	48178	0.5	3898	48177-48178
#D2A29D	48177.5	0	3898	48177-48178
#D2A39D	48177.5	1	3899	48177-48179
#D2A39D	48178	1.5	3899	48177-48179
#D2A39D	48178.5	1	3899	48177-48179
#D2A39D	48178	0.5	3899	48177-48179
#CE9C96	48178	1.5	3900	48177-48180
#CE9C96	48178.5	2	3900	48177-48180
#CE9C96	48179	1.5	3900	48177-48180
#CE9C96	48178.5	1	3900	48177-48180
#CE9B94	48178.5	2	3901	48177-48181
#CE9B94	48179	2.5	3901	48177-48181
#CE9B94	48179.5	2	3901	48177-48181
#CE9B94	48179	1.5	3901	48177-48181
#E0BCB8	48179	2.5	3902	48177-48182
#E0BCB8	48179.5	3	3902	48177-48182
#E0BCB8	48180	2.5	3902	48177-48182
#E0BCB8	48179.5	2	3902	48177-48182
#DEB8B3	48179.5	3	3903	48177-48183
#DEB8B3	48180	3.5	3903	48177-48183
#DEB8B3	48180.5	3	3903	48177-48183
#DEB8B3	48180	2.5	3903	48177-48183
#D8AEA9	48180	3.5	3904	48177-48184
#D8AEA9	48180.5	4	3904	48177-48184
#D8AEA9	48181	3.5	3904	48177-48184
#D8AEA9	48180.5	3	3904	48177-48184
#DBB3AE	48180.5	4	3905	48177-48185
#DBB3AE	48181	4.5	3905	48177-48185
#DBB3AE	48181.5	4	3905	48177-48185
#DBB3AE	48181	3.5	3905	48177-48185
#E5C7C3	48181	4.5	3906	48177-48186
#E5C7C3	48181.5	5	3906	48177-48186
#E5C7C3	48182	4.5	3906	48177-48186
#E5C7C3	48181.5	4	3906	48177-48186
#F8F0EF	48181.5	5	3907	48177-48187
#F8F0EF	48182	5.5	3907	48177-48187
#F8F0EF	48182.5	5	3907	48177-48187
#F8F0EF	48182	4.5	3907	48177-48187
#F2E2DF	48182	5.5	3908	48177-48188
#F2E2DF	48182.5	6	3908	48177-48188
#F2E2DF	48183	5.5	3908	48177-48188
#F2E2DF	48182.5	5	3908	48177-48188
#F9F2F1	48182.5	6	3909	48177-48189
#F9F2F1	48183	6.5	3909	48177-48189
#F9F2F1	48183.5	6	3909	48177-48189
#F9F2F1	48183	5.5	3909	48177-48189
#FCF8F8	48183	6.5	3910	48177-48190
#FCF8F8	48183.5	7	3910	48177-48190
#FCF8F8	48184	6.5	3910	48177-48190
#FCF8F8	48183.5	6	3910	48177-48190
#FCF7F6	48183.5	7	3911	48177-48191
#FCF7F6	48184	7.5	3911	48177-48191
#FCF7F6	48184.5	7	3911	48177-48191
#FCF7F6	48184	6.5	3911	48177-48191
#F0DDDA	48184	7.5	3912	48177-48192
#F0DDDA	48184.5	8	3912	48177-48192
#F0DDDA	48185	7.5	3912	48177-48192
#F0DDDA	48184.5	7	3912	48177-48192
#F7ECEB	48184.5	8	3913	48177-48193
#F7ECEB	48185	8.5	3913	48177-48193
#F7ECEB	48185.5	8	3913	48177-48193
#F7ECEB	48185	7.5	3913	48177-48193
#F6EBEA	48185	8.5	3914	48177-48194
#F6EBEA	48185.5	9	3914	48177-48194
#F6EBEA	48186	8.5	3914	48177-48194
#F6EBEA	48185.5	8	3914	48177-48194
#F5E8E7	48185.5	9	3915	48177-48195
#F5E8E7	48186	9.5	3915	48177-48195
#F5E8E7	48186.5	9	3915	48177-48195
#F5E8E7	48186	8.5	3915	48177-48195
#FFFFFF	48186	9.5	3916	48177-48196
#FFFFFF	48186.5	10	3916	48177-48196
#FFFFFF	48187	9.5	3916	48177-48196
#FFFFFF	48186.5	9	3916	48177-48196
#FAF9FC	48186.5	10	3917	48177-48197
#FAF9FC	48187	10.5	3917	48177-48197
#FAF9FC	48187.5	10	3917	48177-48197
#FAF9FC	48187	9.5	3917	48177-48197
#FBF6F5	48187	10.5	3918	48177-48198
#FBF6F5	48187.5	11	3918	48177-48198
#FBF6F5	48188	10.5	3918	48177-48198
#FBF6F5	48187.5	10	3918	48177-48198
#F9F2F1	48187.5	11	3919	48177-48199
#F9F2F1	48188	11.5	3919	48177-48199
#F9F2F1	48188.5	11	3919	48177-48199
#F9F2F1	48188	10.5	3919	48177-48199
#BD7F78	48177.5	0	3920	48178-48178
#BD7F78	48178	0.5	3920	48178-48178
#BD7F78	48178.5	0	3920	48178-48178
#BD7F78	48178	-0.5	3920	48178-48178
#D4A6A0	48178	0.5	3921	48178-48179
#D4A6A0	48178.5	1	3921	48178-48179
#D4A6A0	48179	0.5	3921	48178-48179
#D4A6A0	48178.5	0	3921	48178-48179
#DAB0AB	48178.5	1	3922	48178-48180
#DAB0AB	48179	1.5	3922	48178-48180
#DAB0AB	48179.5	1	3922	48178-48180
#DAB0AB	48179	0.5	3922	48178-48180
#C28780	48179	1.5	3923	48178-48181
#C28780	48179.5	2	3923	48178-48181
#C28780	48180	1.5	3923	48178-48181
#C28780	48179.5	1	3923	48178-48181
#D3A49E	48179.5	2	3924	48178-48182
#D3A49E	48180	2.5	3924	48178-48182
#D3A49E	48180.5	2	3924	48178-48182
#D3A49E	48180	1.5	3924	48178-48182
#C68D86	48180	2.5	3925	48178-48183
#C68D86	48180.5	3	3925	48178-48183
#C68D86	48181	2.5	3925	48178-48183
#C68D86	48180.5	2	3925	48178-48183
#C58B84	48180.5	3	3926	48178-48184
#C58B84	48181	3.5	3926	48178-48184
#C58B84	48181.5	3	3926	48178-48184
#C58B84	48181	2.5	3926	48178-48184
#C68D86	48181	3.5	3927	48178-48185
#C68D86	48181.5	4	3927	48178-48185
#C68D86	48182	3.5	3927	48178-48185
#C68D86	48181.5	3	3927	48178-48185
#E2C1BC	48181.5	4	3928	48178-48186
#E2C1BC	48182	4.5	3928	48178-48186
#E2C1BC	48182.5	4	3928	48178-48186
#E2C1BC	48182	3.5	3928	48178-48186
#EBD4D1	48182	4.5	3929	48178-48187
#EBD4D1	48182.5	5	3929	48178-48187
#EBD4D1	48183	4.5	3929	48178-48187
#EBD4D1	48182.5	4	3929	48178-48187
#E5C7C3	48182.5	5	3930	48178-48188
#E5C7C3	48183	5.5	3930	48178-48188
#E5C7C3	48183.5	5	3930	48178-48188
#E5C7C3	48183	4.5	3930	48178-48188
#F5E9E7	48183	5.5	3931	48178-48189
#F5E9E7	48183.5	6	3931	48178-48189
#F5E9E7	48184	5.5	3931	48178-48189
#F5E9E7	48183.5	5	3931	48178-48189
#FCF8F7	48183.5	6	3932	48178-48190
#FCF8F7	48184	6.5	3932	48178-48190
#FCF8F7	48184.5	6	3932	48178-48190
#FCF8F7	48184	5.5	3932	48178-48190
#FDF9F9	48184	6.5	3933	48178-48191
#FDF9F9	48184.5	7	3933	48178-48191
#FDF9F9	48185	6.5	3933	48178-48191
#FDF9F9	48184.5	6	3933	48178-48191
#FBF6F5	48184.5	7	3934	48178-48192
#FBF6F5	48185	7.5	3934	48178-48192
#FBF6F5	48185.5	7	3934	48178-48192
#FBF6F5	48185	6.5	3934	48178-48192
#EED9D6	48185	7.5	3935	48178-48193
#EED9D6	48185.5	8	3935	48178-48193
#EED9D6	48186	7.5	3935	48178-48193
#EED9D6	48185.5	7	3935	48178-48193
#F4E5E3	48185.5	8	3936	48178-48194
#F4E5E3	48186	8.5	3936	48178-48194
#F4E5E3	48186.5	8	3936	48178-48194
#F4E5E3	48186	7.5	3936	48178-48194
#F4E7E5	48186	8.5	3937	48178-48195
#F4E7E5	48186.5	9	3937	48178-48195
#F4E7E5	48187	8.5	3937	48178-48195
#F4E7E5	48186.5	8	3937	48178-48195
#FDFBFB	48186.5	9	3938	48178-48196
#FDFBFB	48187	9.5	3938	48178-48196
#FDFBFB	48187.5	9	3938	48178-48196
#FDFBFB	48187	8.5	3938	48178-48196
#FBF6F5	48187	9.5	3939	48178-48197
#FBF6F5	48187.5	10	3939	48178-48197
#FBF6F5	48188	9.5	3939	48178-48197
#FBF6F5	48187.5	9	3939	48178-48197
#FAF4F3	48187.5	10	3940	48178-48198
#FAF4F3	48188	10.5	3940	48178-48198
#FAF4F3	48188.5	10	3940	48178-48198
#FAF4F3	48188	9.5	3940	48178-48198
#FCF8F7	48188	10.5	3941	48178-48199
#FCF8F7	48188.5	11	3941	48178-48199
#FCF8F7	48189	10.5	3941	48178-48199
#FCF8F7	48188.5	10	3941	48178-48199
#B06962	48178.5	0	3942	48179-48179
#B06962	48179	0.5	3942	48179-48179
#B06962	48179.5	0	3942	48179-48179
#B06962	48179	-0.5	3942	48179-48179
#D1A19B	48179	0.5	3943	48179-48180
#D1A19B	48179.5	1	3943	48179-48180
#D1A19B	48180	0.5	3943	48179-48180
#D1A19B	48179.5	0	3943	48179-48180
#C78F88	48179.5	1	3944	48179-48181
#C78F88	48180	1.5	3944	48179-48181
#C78F88	48180.5	1	3944	48179-48181
#C78F88	48180	0.5	3944	48179-48181
#C8918A	48180	1.5	3945	48179-48182
#C8918A	48180.5	2	3945	48179-48182
#C8918A	48181	1.5	3945	48179-48182
#C8918A	48180.5	1	3945	48179-48182
#CB968F	48180.5	2	3946	48179-48183
#CB968F	48181	2.5	3946	48179-48183
#CB968F	48181.5	2	3946	48179-48183
#CB968F	48181	1.5	3946	48179-48183
#B46F68	48181	2.5	3947	48179-48184
#B46F68	48181.5	3	3947	48179-48184
#B46F68	48182	2.5	3947	48179-48184
#B46F68	48181.5	2	3947	48179-48184
#B46F68	48181.5	3	3948	48179-48185
#B46F68	48182	3.5	3948	48179-48185
#B46F68	48182.5	3	3948	48179-48185
#B46F68	48182	2.5	3948	48179-48185
#C48983	48182	3.5	3949	48179-48186
#C48983	48182.5	4	3949	48179-48186
#C48983	48183	3.5	3949	48179-48186
#C48983	48182.5	3	3949	48179-48186
#DDB6B1	48182.5	4	3950	48179-48187
#DDB6B1	48183	4.5	3950	48179-48187
#DDB6B1	48183.5	4	3950	48179-48187
#DDB6B1	48183	3.5	3950	48179-48187
#D3A59F	48183	4.5	3951	48179-48188
#D3A59F	48183.5	5	3951	48179-48188
#D3A59F	48184	4.5	3951	48179-48188
#D3A59F	48183.5	4	3951	48179-48188
#E2C1BC	48183.5	5	3952	48179-48189
#E2C1BC	48184	5.5	3952	48179-48189
#E2C1BC	48184.5	5	3952	48179-48189
#E2C1BC	48184	4.5	3952	48179-48189
#F6EAE9	48184	5.5	3953	48179-48190
#F6EAE9	48184.5	6	3953	48179-48190
#F6EAE9	48185	5.5	3953	48179-48190
#F6EAE9	48184.5	5	3953	48179-48190
#EFDCD9	48184.5	6	3954	48179-48191
#EFDCD9	48185	6.5	3954	48179-48191
#EFDCD9	48185.5	6	3954	48179-48191
#EFDCD9	48185	5.5	3954	48179-48191
#F1E0DD	48185	6.5	3955	48179-48192
#F1E0DD	48185.5	7	3955	48179-48192
#F1E0DD	48186	6.5	3955	48179-48192
#F1E0DD	48185.5	6	3955	48179-48192
#EED9D6	48185.5	7	3956	48179-48193
#EED9D6	48186	7.5	3956	48179-48193
#EED9D6	48186.5	7	3956	48179-48193
#EED9D6	48186	6.5	3956	48179-48193
#EBD4D0	48186	7.5	3957	48179-48194
#EBD4D0	48186.5	8	3957	48179-48194
#EBD4D0	48187	7.5	3957	48179-48194
#EBD4D0	48186.5	7	3957	48179-48194
#E8CDC9	48186.5	8	3958	48179-48195
#E8CDC9	48187	8.5	3958	48179-48195
#E8CDC9	48187.5	8	3958	48179-48195
#E8CDC9	48187	7.5	3958	48179-48195
#FDFAF9	48187	8.5	3959	48179-48196
#FDFAF9	48187.5	9	3959	48179-48196
#FDFAF9	48188	8.5	3959	48179-48196
#FDFAF9	48187.5	8	3959	48179-48196
#F9F2F1	48187.5	9	3960	48179-48197
#F9F2F1	48188	9.5	3960	48179-48197
#F9F2F1	48188.5	9	3960	48179-48197
#F9F2F1	48188	8.5	3960	48179-48197
#F8EFEE	48188	9.5	3961	48179-48198
#F8EFEE	48188.5	10	3961	48179-48198
#F8EFEE	48189	9.5	3961	48179-48198
#F8EFEE	48188.5	9	3961	48179-48198
#EED8D5	48188.5	10	3962	48179-48199
#EED8D5	48189	10.5	3962	48179-48199
#EED8D5	48189.5	10	3962	48179-48199
#EED8D5	48189	9.5	3962	48179-48199
#AA6059	48179.5	0	3963	48180-48180
#AA6059	48180	0.5	3963	48180-48180
#AA6059	48180.5	0	3963	48180-48180
#AA6059	48180	-0.5	3963	48180-48180
#CD9993	48180	0.5	3964	48180-48181
#CD9993	48180.5	1	3964	48180-48181
#CD9993	48181	0.5	3964	48180-48181
#CD9993	48180.5	0	3964	48180-48181
#B06961	48180.5	1	3965	48180-48182
#B06961	48181	1.5	3965	48180-48182
#B06961	48181.5	1	3965	48180-48182
#B06961	48181	0.5	3965	48180-48182
#A95D56	48181	1.5	3966	48180-48183
#A95D56	48181.5	2	3966	48180-48183
#A95D56	48182	1.5	3966	48180-48183
#A95D56	48181.5	1	3966	48180-48183
#A95D56	48181.5	2	3967	48180-48184
#A95D56	48182	2.5	3967	48180-48184
#A95D56	48182.5	2	3967	48180-48184
#A95D56	48182	1.5	3967	48180-48184
#A2534C	48182	2.5	3968	48180-48185
#A2534C	48182.5	3	3968	48180-48185
#A2534C	48183	2.5	3968	48180-48185
#A2534C	48182.5	2	3968	48180-48185
#B6726B	48182.5	3	3969	48180-48186
#B6726B	48183	3.5	3969	48180-48186
#B6726B	48183.5	3	3969	48180-48186
#B6726B	48183	2.5	3969	48180-48186
#C48982	48183	3.5	3970	48180-48187
#C48982	48183.5	4	3970	48180-48187
#C48982	48184	3.5	3970	48180-48187
#C48982	48183.5	3	3970	48180-48187
#C0837C	48183.5	4	3971	48180-48188
#C0837C	48184	4.5	3971	48180-48188
#C0837C	48184.5	4	3971	48180-48188
#C0837C	48184	3.5	3971	48180-48188
#D6A9A3	48184	4.5	3972	48180-48189
#D6A9A3	48184.5	5	3972	48180-48189
#D6A9A3	48185	4.5	3972	48180-48189
#D6A9A3	48184.5	4	3972	48180-48189
#EFDAD8	48184.5	5	3973	48180-48190
#EFDAD8	48185	5.5	3973	48180-48190
#EFDAD8	48185.5	5	3973	48180-48190
#EFDAD8	48185	4.5	3973	48180-48190
#EAD1CE	48185	5.5	3974	48180-48191
#EAD1CE	48185.5	6	3974	48180-48191
#EAD1CE	48186	5.5	3974	48180-48191
#EAD1CE	48185.5	5	3974	48180-48191
#DFBBB7	48185.5	6	3975	48180-48192
#DFBBB7	48186	6.5	3975	48180-48192
#DFBBB7	48186.5	6	3975	48180-48192
#DFBBB7	48186	5.5	3975	48180-48192
#D7ACA7	48186	6.5	3976	48180-48193
#D7ACA7	48186.5	7	3976	48180-48193
#D7ACA7	48187	6.5	3976	48180-48193
#D7ACA7	48186.5	6	3976	48180-48193
#D6A9A3	48186.5	7	3977	48180-48194
#D6A9A3	48187	7.5	3977	48180-48194
#D6A9A3	48187.5	7	3977	48180-48194
#D6A9A3	48187	6.5	3977	48180-48194
#E2C0BC	48187	7.5	3978	48180-48195
#E2C0BC	48187.5	8	3978	48180-48195
#E2C0BC	48188	7.5	3978	48180-48195
#E2C0BC	48187.5	7	3978	48180-48195
#EFDBD8	48187.5	8	3979	48180-48196
#EFDBD8	48188	8.5	3979	48180-48196
#EFDBD8	48188.5	8	3979	48180-48196
#EFDBD8	48188	7.5	3979	48180-48196
#F9F0EF	48188	8.5	3980	48180-48197
#F9F0EF	48188.5	9	3980	48180-48197
#F9F0EF	48189	8.5	3980	48180-48197
#F9F0EF	48188.5	8	3980	48180-48197
#F7ECEA	48188.5	9	3981	48180-48198
#F7ECEA	48189	9.5	3981	48180-48198
#F7ECEA	48189.5	9	3981	48180-48198
#F7ECEA	48189	8.5	3981	48180-48198
#EAD1CD	48189	9.5	3982	48180-48199
#EAD1CD	48189.5	10	3982	48180-48199
#EAD1CD	48190	9.5	3982	48180-48199
#EAD1CD	48189.5	9	3982	48180-48199
#AA5F58	48180.5	0	3983	48181-48181
#AA5F58	48181	0.5	3983	48181-48181
#AA5F58	48181.5	0	3983	48181-48181
#AA5F58	48181	-0.5	3983	48181-48181
#D2A39D	48181	0.5	3984	48181-48182
#D2A39D	48181.5	1	3984	48181-48182
#D2A39D	48182	0.5	3984	48181-48182
#D2A39D	48181.5	0	3984	48181-48182
#DAB0AB	48181.5	1	3985	48181-48183
#DAB0AB	48182	1.5	3985	48181-48183
#DAB0AB	48182.5	1	3985	48181-48183
#DAB0AB	48182	0.5	3985	48181-48183
#BB7A73	48182	1.5	3986	48181-48184
#BB7A73	48182.5	2	3986	48181-48184
#BB7A73	48183	1.5	3986	48181-48184
#BB7A73	48182.5	1	3986	48181-48184
#B47069	48182.5	2	3987	48181-48185
#B47069	48183	2.5	3987	48181-48185
#B47069	48183.5	2	3987	48181-48185
#B47069	48183	1.5	3987	48181-48185
#C8918A	48183	2.5	3988	48181-48186
#C8918A	48183.5	3	3988	48181-48186
#C8918A	48184	2.5	3988	48181-48186
#C8918A	48183.5	2	3988	48181-48186
#CA948D	48183.5	3	3989	48181-48187
#CA948D	48184	3.5	3989	48181-48187
#CA948D	48184.5	3	3989	48181-48187
#CA948D	48184	2.5	3989	48181-48187
#B7756E	48184	3.5	3990	48181-48188
#B7756E	48184.5	4	3990	48181-48188
#B7756E	48185	3.5	3990	48181-48188
#B7756E	48184.5	3	3990	48181-48188
#D5A9A3	48184.5	4	3991	48181-48189
#D5A9A3	48185	4.5	3991	48181-48189
#D5A9A3	48185.5	4	3991	48181-48189
#D5A9A3	48185	3.5	3991	48181-48189
#E8CCC9	48185	4.5	3992	48181-48190
#E8CCC9	48185.5	5	3992	48181-48190
#E8CCC9	48186	4.5	3992	48181-48190
#E8CCC9	48185.5	4	3992	48181-48190
#E4C5C1	48185.5	5	3993	48181-48191
#E4C5C1	48186	5.5	3993	48181-48191
#E4C5C1	48186.5	5	3993	48181-48191
#E4C5C1	48186	4.5	3993	48181-48191
#DEB9B5	48186	5.5	3994	48181-48192
#DEB9B5	48186.5	6	3994	48181-48192
#DEB9B5	48187	5.5	3994	48181-48192
#DEB9B5	48186.5	5	3994	48181-48192
#DDB7B2	48186.5	6	3995	48181-48193
#DDB7B2	48187	6.5	3995	48181-48193
#DDB7B2	48187.5	6	3995	48181-48193
#DDB7B2	48187	5.5	3995	48181-48193
#DFBBB6	48187	6.5	3996	48181-48194
#DFBBB6	48187.5	7	3996	48181-48194
#DFBBB6	48188	6.5	3996	48181-48194
#DFBBB6	48187.5	6	3996	48181-48194
#EAD0CC	48187.5	7	3997	48181-48195
#EAD0CC	48188	7.5	3997	48181-48195
#EAD0CC	48188.5	7	3997	48181-48195
#EAD0CC	48188	6.5	3997	48181-48195
#F9F0EF	48188	7.5	3998	48181-48196
#F9F0EF	48188.5	8	3998	48181-48196
#F9F0EF	48189	7.5	3998	48181-48196
#F9F0EF	48188.5	7	3998	48181-48196
#FBF6F5	48188.5	8	3999	48181-48197
#FBF6F5	48189	8.5	3999	48181-48197
#FBF6F5	48189.5	8	3999	48181-48197
#FBF6F5	48189	7.5	3999	48181-48197
#F8EFEE	48189	8.5	4000	48181-48198
#F8EFEE	48189.5	9	4000	48181-48198
#F8EFEE	48190	8.5	4000	48181-48198
#F8EFEE	48189.5	8	4000	48181-48198
#FAF3F2	48189.5	9	4001	48181-48199
#FAF3F2	48190	9.5	4001	48181-48199
#FAF3F2	48190.5	9	4001	48181-48199
#FAF3F2	48190	8.5	4001	48181-48199
#C38781	48181.5	0	4002	48182-48182
#C38781	48182	0.5	4002	48182-48182
#C38781	48182.5	0	4002	48182-48182
#C38781	48182	-0.5	4002	48182-48182
#D8ADA7	48182	0.5	4003	48182-48183
#D8ADA7	48182.5	1	4003	48182-48183
#D8ADA7	48183	0.5	4003	48182-48183
#D8ADA7	48182.5	0	4003	48182-48183
#A2534C	48182.5	1	4004	48182-48184
#A2534C	48183	1.5	4004	48182-48184
#A2534C	48183.5	1	4004	48182-48184
#A2534C	48183	0.5	4004	48182-48184
#9B4943	48183	1.5	4005	48182-48185
#9B4943	48183.5	2	4005	48182-48185
#9B4943	48184	1.5	4005	48182-48185
#9B4943	48183.5	1	4005	48182-48185
#B6736B	48183.5	2	4006	48182-48186
#B6736B	48184	2.5	4006	48182-48186
#B6736B	48184.5	2	4006	48182-48186
#B6736B	48184	1.5	4006	48182-48186
#AE665F	48184	2.5	4007	48182-48187
#AE665F	48184.5	3	4007	48182-48187
#AE665F	48185	2.5	4007	48182-48187
#AE665F	48184.5	2	4007	48182-48187
#A2534C	48184.5	3	4008	48182-48188
#A2534C	48185	3.5	4008	48182-48188
#A2534C	48185.5	3	4008	48182-48188
#A2534C	48185	2.5	4008	48182-48188
#C2867F	48185	3.5	4009	48182-48189
#C2867F	48185.5	4	4009	48182-48189
#C2867F	48186	3.5	4009	48182-48189
#C2867F	48185.5	3	4009	48182-48189
#D2A39D	48185.5	4	4010	48182-48190
#D2A39D	48186	4.5	4010	48182-48190
#D2A39D	48186.5	4	4010	48182-48190
#D2A39D	48186	3.5	4010	48182-48190
#CD9A94	48186	4.5	4011	48182-48191
#CD9A94	48186.5	5	4011	48182-48191
#CD9A94	48187	4.5	4011	48182-48191
#CD9A94	48186.5	4	4011	48182-48191
#BD7E77	48186.5	5	4012	48182-48192
#BD7E77	48187	5.5	4012	48182-48192
#BD7E77	48187.5	5	4012	48182-48192
#BD7E77	48187	4.5	4012	48182-48192
#BE8079	48187	5.5	4013	48182-48193
#BE8079	48187.5	6	4013	48182-48193
#BE8079	48188	5.5	4013	48182-48193
#BE8079	48187.5	5	4013	48182-48193
#C38881	48187.5	6	4014	48182-48194
#C38881	48188	6.5	4014	48182-48194
#C38881	48188.5	6	4014	48182-48194
#C38881	48188	5.5	4014	48182-48194
#E0BDB8	48188	6.5	4015	48182-48195
#E0BDB8	48188.5	7	4015	48182-48195
#E0BDB8	48189	6.5	4015	48182-48195
#E0BDB8	48188.5	6	4015	48182-48195
#E8CCC8	48188.5	7	4016	48182-48196
#E8CCC8	48189	7.5	4016	48182-48196
#E8CCC8	48189.5	7	4016	48182-48196
#E8CCC8	48189	6.5	4016	48182-48196
#E5C7C3	48189	7.5	4017	48182-48197
#E5C7C3	48189.5	8	4017	48182-48197
#E5C7C3	48190	7.5	4017	48182-48197
#E5C7C3	48189.5	7	4017	48182-48197
#EED8D6	48189.5	8	4018	48182-48198
#EED8D6	48190	8.5	4018	48182-48198
#EED8D6	48190.5	8	4018	48182-48198
#EED8D6	48190	7.5	4018	48182-48198
#ECD4D1	48190	8.5	4019	48182-48199
#ECD4D1	48190.5	9	4019	48182-48199
#ECD4D1	48191	8.5	4019	48182-48199
#ECD4D1	48190.5	8	4019	48182-48199
#A55750	48182.5	0	4020	48183-48183
#A55750	48183	0.5	4020	48183-48183
#A55750	48183.5	0	4020	48183-48183
#A55750	48183	-0.5	4020	48183-48183
#B8766F	48183	0.5	4021	48183-48184
#B8766F	48183.5	1	4021	48183-48184
#B8766F	48184	0.5	4021	48183-48184
#B8766F	48183.5	0	4021	48183-48184
#A55851	48183.5	1	4022	48183-48185
#A55851	48184	1.5	4022	48183-48185
#A55851	48184.5	1	4022	48183-48185
#A55851	48184	0.5	4022	48183-48185
#A4564F	48184	1.5	4023	48183-48186
#A4564F	48184.5	2	4023	48183-48186
#A4564F	48185	1.5	4023	48183-48186
#A4564F	48184.5	1	4023	48183-48186
#A85D56	48184.5	2	4024	48183-48187
#A85D56	48185	2.5	4024	48183-48187
#A85D56	48185.5	2	4024	48183-48187
#A85D56	48185	1.5	4024	48183-48187
#96413C	48185	2.5	4025	48183-48188
#96413C	48185.5	3	4025	48183-48188
#96413C	48186	2.5	4025	48183-48188
#96413C	48185.5	2	4025	48183-48188
#9C4A44	48185.5	3	4026	48183-48189
#9C4A44	48186	3.5	4026	48183-48189
#9C4A44	48186.5	3	4026	48183-48189
#9C4A44	48186	2.5	4026	48183-48189
#CB9690	48186	3.5	4027	48183-48190
#CB9690	48186.5	4	4027	48183-48190
#CB9690	48187	3.5	4027	48183-48190
#CB9690	48186.5	3	4027	48183-48190
#BA7871	48186.5	4	4028	48183-48191
#BA7871	48187	4.5	4028	48183-48191
#BA7871	48187.5	4	4028	48183-48191
#BA7871	48187	3.5	4028	48183-48191
#A3554E	48187	4.5	4029	48183-48192
#A3554E	48187.5	5	4029	48183-48192
#A3554E	48188	4.5	4029	48183-48192
#A3554E	48187.5	4	4029	48183-48192
#BC7D76	48187.5	5	4030	48183-48193
#BC7D76	48188	5.5	4030	48183-48193
#BC7D76	48188.5	5	4030	48183-48193
#BC7D76	48188	4.5	4030	48183-48193
#BD7E77	48188	5.5	4031	48183-48194
#BD7E77	48188.5	6	4031	48183-48194
#BD7E77	48189	5.5	4031	48183-48194
#BD7E77	48188.5	5	4031	48183-48194
#C68C86	48188.5	6	4032	48183-48195
#C68C86	48189	6.5	4032	48183-48195
#C68C86	48189.5	6	4032	48183-48195
#C68C86	48189	5.5	4032	48183-48195
#E2C0BC	48189	6.5	4033	48183-48196
#E2C0BC	48189.5	7	4033	48183-48196
#E2C0BC	48190	6.5	4033	48183-48196
#E2C0BC	48189.5	6	4033	48183-48196
#E1BFBA	48189.5	7	4034	48183-48197
#E1BFBA	48190	7.5	4034	48183-48197
#E1BFBA	48190.5	7	4034	48183-48197
#E1BFBA	48190	6.5	4034	48183-48197
#DEB8B3	48190	7.5	4035	48183-48198
#DEB8B3	48190.5	8	4035	48183-48198
#DEB8B3	48191	7.5	4035	48183-48198
#DEB8B3	48190.5	7	4035	48183-48198
#E6C9C5	48190.5	8	4036	48183-48199
#E6C9C5	48191	8.5	4036	48183-48199
#E6C9C5	48191.5	8	4036	48183-48199
#E6C9C5	48191	7.5	4036	48183-48199
#A1524B	48183.5	0	4037	48184-48184
#A1524B	48184	0.5	4037	48184-48184
#A1524B	48184.5	0	4037	48184-48184
#A1524B	48184	-0.5	4037	48184-48184
#BF817A	48184	0.5	4038	48184-48185
#BF817A	48184.5	1	4038	48184-48185
#BF817A	48185	0.5	4038	48184-48185
#BF817A	48184.5	0	4038	48184-48185
#C28780	48184.5	1	4039	48184-48186
#C28780	48185	1.5	4039	48184-48186
#C28780	48185.5	1	4039	48184-48186
#C28780	48185	0.5	4039	48184-48186
#B97770	48185	1.5	4040	48184-48187
#B97770	48185.5	2	4040	48184-48187
#B97770	48186	1.5	4040	48184-48187
#B97770	48185.5	1	4040	48184-48187
#B46F68	48185.5	2	4041	48184-48188
#B46F68	48186	2.5	4041	48184-48188
#B46F68	48186.5	2	4041	48184-48188
#B46F68	48186	1.5	4041	48184-48188
#B46F68	48186	2.5	4042	48184-48189
#B46F68	48186.5	3	4042	48184-48189
#B46F68	48187	2.5	4042	48184-48189
#B46F68	48186.5	2	4042	48184-48189
#D09E98	48186.5	3	4043	48184-48190
#D09E98	48187	3.5	4043	48184-48190
#D09E98	48187.5	3	4043	48184-48190
#D09E98	48187	2.5	4043	48184-48190
#CA938D	48187	3.5	4044	48184-48191
#CA938D	48187.5	4	4044	48184-48191
#CA938D	48188	3.5	4044	48184-48191
#CA938D	48187.5	3	4044	48184-48191
#CB958F	48187.5	4	4045	48184-48192
#CB958F	48188	4.5	4045	48184-48192
#CB958F	48188.5	4	4045	48184-48192
#CB958F	48188	3.5	4045	48184-48192
#D7ABA6	48188	4.5	4046	48184-48193
#D7ABA6	48188.5	5	4046	48184-48193
#D7ABA6	48189	4.5	4046	48184-48193
#D7ABA6	48188.5	4	4046	48184-48193
#BE8079	48188.5	5	4047	48184-48194
#BE8079	48189	5.5	4047	48184-48194
#BE8079	48189.5	5	4047	48184-48194
#BE8079	48189	4.5	4047	48184-48194
#CE9B94	48189	5.5	4048	48184-48195
#CE9B94	48189.5	6	4048	48184-48195
#CE9B94	48190	5.5	4048	48184-48195
#CE9B94	48189.5	5	4048	48184-48195
#E8CCC9	48189.5	6	4049	48184-48196
#E8CCC9	48190	6.5	4049	48184-48196
#E8CCC9	48190.5	6	4049	48184-48196
#E8CCC9	48190	5.5	4049	48184-48196
#D4A5A0	48190	6.5	4050	48184-48197
#D4A5A0	48190.5	7	4050	48184-48197
#D4A5A0	48191	6.5	4050	48184-48197
#D4A5A0	48190.5	6	4050	48184-48197
#F3E3E1	48190.5	7	4051	48184-48198
#F3E3E1	48191	7.5	4051	48184-48198
#F3E3E1	48191.5	7	4051	48184-48198
#F3E3E1	48191	6.5	4051	48184-48198
#DFBBB6	48191	7.5	4052	48184-48199
#DFBBB6	48191.5	8	4052	48184-48199
#DFBBB6	48192	7.5	4052	48184-48199
#DFBBB6	48191.5	7	4052	48184-48199
#A3544E	48184.5	0	4053	48185-48185
#A3544E	48185	0.5	4053	48185-48185
#A3544E	48185.5	0	4053	48185-48185
#A3544E	48185	-0.5	4053	48185-48185
#CB968F	48185	0.5	4054	48185-48186
#CB968F	48185.5	1	4054	48185-48186
#CB968F	48186	0.5	4054	48185-48186
#CB968F	48185.5	0	4054	48185-48186
#C0837C	48185.5	1	4055	48185-48187
#C0837C	48186	1.5	4055	48185-48187
#C0837C	48186.5	1	4055	48185-48187
#C0837C	48186	0.5	4055	48185-48187
#C38881	48186	1.5	4056	48185-48188
#C38881	48186.5	2	4056	48185-48188
#C38881	48187	1.5	4056	48185-48188
#C38881	48186.5	1	4056	48185-48188
#CC9791	48186.5	2	4057	48185-48189
#CC9791	48187	2.5	4057	48185-48189
#CC9791	48187.5	2	4057	48185-48189
#CC9791	48187	1.5	4057	48185-48189
#BE8079	48187	2.5	4058	48185-48190
#BE8079	48187.5	3	4058	48185-48190
#BE8079	48188	2.5	4058	48185-48190
#BE8079	48187.5	2	4058	48185-48190
#CB958E	48187.5	3	4059	48185-48191
#CB958E	48188	3.5	4059	48185-48191
#CB958E	48188.5	3	4059	48185-48191
#CB958E	48188	2.5	4059	48185-48191
#C38881	48188	3.5	4060	48185-48192
#C38881	48188.5	4	4060	48185-48192
#C38881	48189	3.5	4060	48185-48192
#C38881	48188.5	3	4060	48185-48192
#C78F89	48188.5	4	4061	48185-48193
#C78F89	48189	4.5	4061	48185-48193
#C78F89	48189.5	4	4061	48185-48193
#C78F89	48189	3.5	4061	48185-48193
#C1847D	48189	4.5	4062	48185-48194
#C1847D	48189.5	5	4062	48185-48194
#C1847D	48190	4.5	4062	48185-48194
#C1847D	48189.5	4	4062	48185-48194
#D09E98	48189.5	5	4063	48185-48195
#D09E98	48190	5.5	4063	48185-48195
#D09E98	48190.5	5	4063	48185-48195
#D09E98	48190	4.5	4063	48185-48195
#DAB1AC	48190	5.5	4064	48185-48196
#DAB1AC	48190.5	6	4064	48185-48196
#DAB1AC	48191	5.5	4064	48185-48196
#DAB1AC	48190.5	5	4064	48185-48196
#D2A29D	48190.5	6	4065	48185-48197
#D2A29D	48191	6.5	4065	48185-48197
#D2A29D	48191.5	6	4065	48185-48197
#D2A29D	48191	5.5	4065	48185-48197
#DEB9B4	48191	6.5	4066	48185-48198
#DEB9B4	48191.5	7	4066	48185-48198
#DEB9B4	48192	6.5	4066	48185-48198
#DEB9B4	48191.5	6	4066	48185-48198
#DCB4AF	48191.5	7	4067	48185-48199
#DCB4AF	48192	7.5	4067	48185-48199
#DCB4AF	48192.5	7	4067	48185-48199
#DCB4AF	48192	6.5	4067	48185-48199
#A4564F	48185.5	0	4068	48186-48186
#A4564F	48186	0.5	4068	48186-48186
#A4564F	48186.5	0	4068	48186-48186
#A4564F	48186	-0.5	4068	48186-48186
#BF827B	48186	0.5	4069	48186-48187
#BF827B	48186.5	1	4069	48186-48187
#BF827B	48187	0.5	4069	48186-48187
#BF827B	48186.5	0	4069	48186-48187
#C9928B	48186.5	1	4070	48186-48188
#C9928B	48187	1.5	4070	48186-48188
#C9928B	48187.5	1	4070	48186-48188
#C9928B	48187	0.5	4070	48186-48188
#DBB3AE	48187	1.5	4071	48186-48189
#DBB3AE	48187.5	2	4071	48186-48189
#DBB3AE	48188	1.5	4071	48186-48189
#DBB3AE	48187.5	1	4071	48186-48189
#DAB0AB	48187.5	2	4072	48186-48190
#DAB0AB	48188	2.5	4072	48186-48190
#DAB0AB	48188.5	2	4072	48186-48190
#DAB0AB	48188	1.5	4072	48186-48190
#C89089	48188	2.5	4073	48186-48191
#C89089	48188.5	3	4073	48186-48191
#C89089	48189	2.5	4073	48186-48191
#C89089	48188.5	2	4073	48186-48191
#D4A7A1	48188.5	3	4074	48186-48192
#D4A7A1	48189	3.5	4074	48186-48192
#D4A7A1	48189.5	3	4074	48186-48192
#D4A7A1	48189	2.5	4074	48186-48192
#D2A39D	48189	3.5	4075	48186-48193
#D2A39D	48189.5	4	4075	48186-48193
#D2A39D	48190	3.5	4075	48186-48193
#D2A39D	48189.5	3	4075	48186-48193
#D8ADA7	48189.5	4	4076	48186-48194
#D8ADA7	48190	4.5	4076	48186-48194
#D8ADA7	48190.5	4	4076	48186-48194
#D8ADA7	48190	3.5	4076	48186-48194
#DCB6B1	48190	4.5	4077	48186-48195
#DCB6B1	48190.5	5	4077	48186-48195
#DCB6B1	48191	4.5	4077	48186-48195
#DCB6B1	48190.5	4	4077	48186-48195
#E1BEBA	48190.5	5	4078	48186-48196
#E1BEBA	48191	5.5	4078	48186-48196
#E1BEBA	48191.5	5	4078	48186-48196
#E1BEBA	48191	4.5	4078	48186-48196
#DCB5B0	48191	5.5	4079	48186-48197
#DCB5B0	48191.5	6	4079	48186-48197
#DCB5B0	48192	5.5	4079	48186-48197
#DCB5B0	48191.5	5	4079	48186-48197
#E1BEBA	48191.5	6	4080	48186-48198
#E1BEBA	48192	6.5	4080	48186-48198
#E1BEBA	48192.5	6	4080	48186-48198
#E1BEBA	48192	5.5	4080	48186-48198
#CF9D96	48192	6.5	4081	48186-48199
#CF9D96	48192.5	7	4081	48186-48199
#CF9D96	48193	6.5	4081	48186-48199
#CF9D96	48192.5	6	4081	48186-48199
#AD655D	48186.5	0	4082	48187-48187
#AD655D	48187	0.5	4082	48187-48187
#AD655D	48187.5	0	4082	48187-48187
#AD655D	48187	-0.5	4082	48187-48187
#D1A19B	48187	0.5	4083	48187-48188
#D1A19B	48187.5	1	4083	48187-48188
#D1A19B	48188	0.5	4083	48187-48188
#D1A19B	48187.5	0	4083	48187-48188
#D6A9A3	48187.5	1	4084	48187-48189
#D6A9A3	48188	1.5	4084	48187-48189
#D6A9A3	48188.5	1	4084	48187-48189
#D6A9A3	48188	0.5	4084	48187-48189
#CE9A94	48188	1.5	4085	48187-48190
#CE9A94	48188.5	2	4085	48187-48190
#CE9A94	48189	1.5	4085	48187-48190
#CE9A94	48188.5	1	4085	48187-48190
#DDB7B2	48188.5	2	4086	48187-48191
#DDB7B2	48189	2.5	4086	48187-48191
#DDB7B2	48189.5	2	4086	48187-48191
#DDB7B2	48189	1.5	4086	48187-48191
#CD9993	48189	2.5	4087	48187-48192
#CD9993	48189.5	3	4087	48187-48192
#CD9993	48190	2.5	4087	48187-48192
#CD9993	48189.5	2	4087	48187-48192
#D5A8A2	48189.5	3	4088	48187-48193
#D5A8A2	48190	3.5	4088	48187-48193
#D5A8A2	48190.5	3	4088	48187-48193
#D5A8A2	48190	2.5	4088	48187-48193
#EED9D6	48190	3.5	4089	48187-48194
#EED9D6	48190.5	4	4089	48187-48194
#EED9D6	48191	3.5	4089	48187-48194
#EED9D6	48190.5	3	4089	48187-48194
#DCB5B0	48190.5	4	4090	48187-48195
#DCB5B0	48191	4.5	4090	48187-48195
#DCB5B0	48191.5	4	4090	48187-48195
#DCB5B0	48191	3.5	4090	48187-48195
#DBB3AE	48191	4.5	4091	48187-48196
#DBB3AE	48191.5	5	4091	48187-48196
#DBB3AE	48192	4.5	4091	48187-48196
#DBB3AE	48191.5	4	4091	48187-48196
#D8ADA8	48191.5	5	4092	48187-48197
#D8ADA8	48192	5.5	4092	48187-48197
#D8ADA8	48192.5	5	4092	48187-48197
#D8ADA8	48192	4.5	4092	48187-48197
#D4A5A0	48192	5.5	4093	48187-48198
#D4A5A0	48192.5	6	4093	48187-48198
#D4A5A0	48193	5.5	4093	48187-48198
#D4A5A0	48192.5	5	4093	48187-48198
#C8918B	48192.5	6	4094	48187-48199
#C8918B	48193	6.5	4094	48187-48199
#C8918B	48193.5	6	4094	48187-48199
#C8918B	48193	5.5	4094	48187-48199
#A75A53	48187.5	0	4095	48188-48188
#A75A53	48188	0.5	4095	48188-48188
#A75A53	48188.5	0	4095	48188-48188
#A75A53	48188	-0.5	4095	48188-48188
#CD9993	48188	0.5	4096	48188-48189
#CD9993	48188.5	1	4096	48188-48189
#CD9993	48189	0.5	4096	48188-48189
#CD9993	48188.5	0	4096	48188-48189
#E2C1BC	48188.5	1	4097	48188-48190
#E2C1BC	48189	1.5	4097	48188-48190
#E2C1BC	48189.5	1	4097	48188-48190
#E2C1BC	48189	0.5	4097	48188-48190
#DDB6B2	48189	1.5	4098	48188-48191
#DDB6B2	48189.5	2	4098	48188-48191
#DDB6B2	48190	1.5	4098	48188-48191
#DDB6B2	48189.5	1	4098	48188-48191
#DAB1AC	48189.5	2	4099	48188-48192
#DAB1AC	48190	2.5	4099	48188-48192
#DAB1AC	48190.5	2	4099	48188-48192
#DAB1AC	48190	1.5	4099	48188-48192
#E5C7C4	48190	2.5	4100	48188-48193
#E5C7C4	48190.5	3	4100	48188-48193
#E5C7C4	48191	2.5	4100	48188-48193
#E5C7C4	48190.5	2	4100	48188-48193
#D8ADA8	48190.5	3	4101	48188-48194
#D8ADA8	48191	3.5	4101	48188-48194
#D8ADA8	48191.5	3	4101	48188-48194
#D8ADA8	48191	2.5	4101	48188-48194
#DBB4AF	48191	3.5	4102	48188-48195
#DBB4AF	48191.5	4	4102	48188-48195
#DBB4AF	48192	3.5	4102	48188-48195
#DBB4AF	48191.5	3	4102	48188-48195
#E5C6C2	48191.5	4	4103	48188-48196
#E5C6C2	48192	4.5	4103	48188-48196
#E5C6C2	48192.5	4	4103	48188-48196
#E5C6C2	48192	3.5	4103	48188-48196
#D6A9A3	48192	4.5	4104	48188-48197
#D6A9A3	48192.5	5	4104	48188-48197
#D6A9A3	48193	4.5	4104	48188-48197
#D6A9A3	48192.5	4	4104	48188-48197
#E5C7C3	48192.5	5	4105	48188-48198
#E5C7C3	48193	5.5	4105	48188-48198
#E5C7C3	48193.5	5	4105	48188-48198
#E5C7C3	48193	4.5	4105	48188-48198
#CD9993	48193	5.5	4106	48188-48199
#CD9993	48193.5	6	4106	48188-48199
#CD9993	48194	5.5	4106	48188-48199
#CD9993	48193.5	5	4106	48188-48199
#A65952	48188.5	0	4107	48189-48189
#A65952	48189	0.5	4107	48189-48189
#A65952	48189.5	0	4107	48189-48189
#A65952	48189	-0.5	4107	48189-48189
#CD9993	48189	0.5	4108	48189-48190
#CD9993	48189.5	1	4108	48189-48190
#CD9993	48190	0.5	4108	48189-48190
#CD9993	48189.5	0	4108	48189-48190
#D8AEA8	48189.5	1	4109	48189-48191
#D8AEA8	48190	1.5	4109	48189-48191
#D8AEA8	48190.5	1	4109	48189-48191
#D8AEA8	48190	0.5	4109	48189-48191
#D1A19B	48190	1.5	4110	48189-48192
#D1A19B	48190.5	2	4110	48189-48192
#D1A19B	48191	1.5	4110	48189-48192
#D1A19B	48190.5	1	4110	48189-48192
#DAB0AB	48190.5	2	4111	48189-48193
#DAB0AB	48191	2.5	4111	48189-48193
#DAB0AB	48191.5	2	4111	48189-48193
#DAB0AB	48191	1.5	4111	48189-48193
#D3A59F	48191	2.5	4112	48189-48194
#D3A59F	48191.5	3	4112	48189-48194
#D3A59F	48192	2.5	4112	48189-48194
#D3A59F	48191.5	2	4112	48189-48194
#DFBBB7	48191.5	3	4113	48189-48195
#DFBBB7	48192	3.5	4113	48189-48195
#DFBBB7	48192.5	3	4113	48189-48195
#DFBBB7	48192	2.5	4113	48189-48195
#E9CECB	48192	3.5	4114	48189-48196
#E9CECB	48192.5	4	4114	48189-48196
#E9CECB	48193	3.5	4114	48189-48196
#E9CECB	48192.5	3	4114	48189-48196
#D8AEA8	48192.5	4	4115	48189-48197
#D8AEA8	48193	4.5	4115	48189-48197
#D8AEA8	48193.5	4	4115	48189-48197
#D8AEA8	48193	3.5	4115	48189-48197
#D8ADA8	48193	4.5	4116	48189-48198
#D8ADA8	48193.5	5	4116	48189-48198
#D8ADA8	48194	4.5	4116	48189-48198
#D8ADA8	48193.5	4	4116	48189-48198
#CB958F	48193.5	5	4117	48189-48199
#CB958F	48194	5.5	4117	48189-48199
#CB958F	48194.5	5	4117	48189-48199
#CB958F	48194	4.5	4117	48189-48199
#AA6059	48189.5	0	4118	48190-48190
#AA6059	48190	0.5	4118	48190-48190
#AA6059	48190.5	0	4118	48190-48190
#AA6059	48190	-0.5	4118	48190-48190
#C78F88	48190	0.5	4119	48190-48191
#C78F88	48190.5	1	4119	48190-48191
#C78F88	48191	0.5	4119	48190-48191
#C78F88	48190.5	0	4119	48190-48191
#CC9791	48190.5	1	4120	48190-48192
#CC9791	48191	1.5	4120	48190-48192
#CC9791	48191.5	1	4120	48190-48192
#CC9791	48191	0.5	4120	48190-48192
#DBB3AE	48191	1.5	4121	48190-48193
#DBB3AE	48191.5	2	4121	48190-48193
#DBB3AE	48192	1.5	4121	48190-48193
#DBB3AE	48191.5	1	4121	48190-48193
#DDB8B3	48191.5	2	4122	48190-48194
#DDB8B3	48192	2.5	4122	48190-48194
#DDB8B3	48192.5	2	4122	48190-48194
#DDB8B3	48192	1.5	4122	48190-48194
#DEB9B4	48192	2.5	4123	48190-48195
#DEB9B4	48192.5	3	4123	48190-48195
#DEB9B4	48193	2.5	4123	48190-48195
#DEB9B4	48192.5	2	4123	48190-48195
#EBD3CF	48192.5	3	4124	48190-48196
#EBD3CF	48193	3.5	4124	48190-48196
#EBD3CF	48193.5	3	4124	48190-48196
#EBD3CF	48193	2.5	4124	48190-48196
#DDB6B2	48193	3.5	4125	48190-48197
#DDB6B2	48193.5	4	4125	48190-48197
#DDB6B2	48194	3.5	4125	48190-48197
#DDB6B2	48193.5	3	4125	48190-48197
#DEB8B3	48193.5	4	4126	48190-48198
#DEB8B3	48194	4.5	4126	48190-48198
#DEB8B3	48194.5	4	4126	48190-48198
#DEB8B3	48194	3.5	4126	48190-48198
#D1A19B	48194	4.5	4127	48190-48199
#D1A19B	48194.5	5	4127	48190-48199
#D1A19B	48195	4.5	4127	48190-48199
#D1A19B	48194.5	4	4127	48190-48199
#A3554E	48190.5	0	4128	48191-48191
#A3554E	48191	0.5	4128	48191-48191
#A3554E	48191.5	0	4128	48191-48191
#A3554E	48191	-0.5	4128	48191-48191
#C9928B	48191	0.5	4129	48191-48192
#C9928B	48191.5	1	4129	48191-48192
#C9928B	48192	0.5	4129	48191-48192
#C9928B	48191.5	0	4129	48191-48192
#DBB3AE	48191.5	1	4130	48191-48193
#DBB3AE	48192	1.5	4130	48191-48193
#DBB3AE	48192.5	1	4130	48191-48193
#DBB3AE	48192	0.5	4130	48191-48193
#E5C7C4	48192	1.5	4131	48191-48194
#E5C7C4	48192.5	2	4131	48191-48194
#E5C7C4	48193	1.5	4131	48191-48194
#E5C7C4	48192.5	1	4131	48191-48194
#E3C3BF	48192.5	2	4132	48191-48195
#E3C3BF	48193	2.5	4132	48191-48195
#E3C3BF	48193.5	2	4132	48191-48195
#E3C3BF	48193	1.5	4132	48191-48195
#E0BCB8	48193	2.5	4133	48191-48196
#E0BCB8	48193.5	3	4133	48191-48196
#E0BCB8	48194	2.5	4133	48191-48196
#E0BCB8	48193.5	2	4133	48191-48196
#D7ABA6	48193.5	3	4134	48191-48197
#D7ABA6	48194	3.5	4134	48191-48197
#D7ABA6	48194.5	3	4134	48191-48197
#D7ABA6	48194	2.5	4134	48191-48197
#D2A39D	48194	3.5	4135	48191-48198
#D2A39D	48194.5	4	4135	48191-48198
#D2A39D	48195	3.5	4135	48191-48198
#D2A39D	48194.5	3	4135	48191-48198
#C38781	48194.5	4	4136	48191-48199
#C38781	48195	4.5	4136	48191-48199
#C38781	48195.5	4	4136	48191-48199
#C38781	48195	3.5	4136	48191-48199
#C2867F	48191.5	0	4137	48192-48192
#C2867F	48192	0.5	4137	48192-48192
#C2867F	48192.5	0	4137	48192-48192
#C2867F	48192	-0.5	4137	48192-48192
#D7ACA6	48192	0.5	4138	48192-48193
#D7ACA6	48192.5	1	4138	48192-48193
#D7ACA6	48193	0.5	4138	48192-48193
#D7ACA6	48192.5	0	4138	48192-48193
#EDD6D3	48192.5	1	4139	48192-48194
#EDD6D3	48193	1.5	4139	48192-48194
#EDD6D3	48193.5	1	4139	48192-48194
#EDD6D3	48193	0.5	4139	48192-48194
#E3C3BF	48193	1.5	4140	48192-48195
#E3C3BF	48193.5	2	4140	48192-48195
#E3C3BF	48194	1.5	4140	48192-48195
#E3C3BF	48193.5	1	4140	48192-48195
#E9CECB	48193.5	2	4141	48192-48196
#E9CECB	48194	2.5	4141	48192-48196
#E9CECB	48194.5	2	4141	48192-48196
#E9CECB	48194	1.5	4141	48192-48196
#DAB1AC	48194	2.5	4142	48192-48197
#DAB1AC	48194.5	3	4142	48192-48197
#DAB1AC	48195	2.5	4142	48192-48197
#DAB1AC	48194.5	2	4142	48192-48197
#D3A39E	48194.5	3	4143	48192-48198
#D3A39E	48195	3.5	4143	48192-48198
#D3A39E	48195.5	3	4143	48192-48198
#D3A39E	48195	2.5	4143	48192-48198
#D2A29C	48195	3.5	4144	48192-48199
#D2A29C	48195.5	4	4144	48192-48199
#D2A29C	48196	3.5	4144	48192-48199
#D2A29C	48195.5	3	4144	48192-48199
#BB7B74	48192.5	0	4145	48193-48193
#BB7B74	48193	0.5	4145	48193-48193
#BB7B74	48193.5	0	4145	48193-48193
#BB7B74	48193	-0.5	4145	48193-48193
#D5A8A3	48193	0.5	4146	48193-48194
#D5A8A3	48193.5	1	4146	48193-48194
#D5A8A3	48194	0.5	4146	48193-48194
#D5A8A3	48193.5	0	4146	48193-48194
#D4A5A0	48193.5	1	4147	48193-48195
#D4A5A0	48194	1.5	4147	48193-48195
#D4A5A0	48194.5	1	4147	48193-48195
#D4A5A0	48194	0.5	4147	48193-48195
#ECD6D3	48194	1.5	4148	48193-48196
#ECD6D3	48194.5	2	4148	48193-48196
#ECD6D3	48195	1.5	4148	48193-48196
#ECD6D3	48194.5	1	4148	48193-48196
#E1BEBA	48194.5	2	4149	48193-48197
#E1BEBA	48195	2.5	4149	48193-48197
#E1BEBA	48195.5	2	4149	48193-48197
#E1BEBA	48195	1.5	4149	48193-48197
#DCB5B0	48195	2.5	4150	48193-48198
#DCB5B0	48195.5	3	4150	48193-48198
#DCB5B0	48196	2.5	4150	48193-48198
#DCB5B0	48195.5	2	4150	48193-48198
#BB7A73	48195.5	3	4151	48193-48199
#BB7A73	48196	3.5	4151	48193-48199
#BB7A73	48196.5	3	4151	48193-48199
#BB7A73	48196	2.5	4151	48193-48199
#AC625B	48193.5	0	4152	48194-48194
#AC625B	48194	0.5	4152	48194-48194
#AC625B	48194.5	0	4152	48194-48194
#AC625B	48194	-0.5	4152	48194-48194
#D6A9A4	48194	0.5	4153	48194-48195
#D6A9A4	48194.5	1	4153	48194-48195
#D6A9A4	48195	0.5	4153	48194-48195
#D6A9A4	48194.5	0	4153	48194-48195
#E3C2BE	48194.5	1	4154	48194-48196
#E3C2BE	48195	1.5	4154	48194-48196
#E3C2BE	48195.5	1	4154	48194-48196
#E3C2BE	48195	0.5	4154	48194-48196
#DDB7B2	48195	1.5	4155	48194-48197
#DDB7B2	48195.5	2	4155	48194-48197
#DDB7B2	48196	1.5	4155	48194-48197
#DDB7B2	48195.5	1	4155	48194-48197
#D8ADA8	48195.5	2	4156	48194-48198
#D8ADA8	48196	2.5	4156	48194-48198
#D8ADA8	48196.5	2	4156	48194-48198
#D8ADA8	48196	1.5	4156	48194-48198
#B8766F	48196	2.5	4157	48194-48199
#B8766F	48196.5	3	4157	48194-48199
#B8766F	48197	2.5	4157	48194-48199
#B8766F	48196.5	2	4157	48194-48199
#B26B64	48194.5	0	4158	48195-48195
#B26B64	48195	0.5	4158	48195-48195
#B26B64	48195.5	0	4158	48195-48195
#B26B64	48195	-0.5	4158	48195-48195
#CF9C96	48195	0.5	4159	48195-48196
#CF9C96	48195.5	1	4159	48195-48196
#CF9C96	48196	0.5	4159	48195-48196
#CF9C96	48195.5	0	4159	48195-48196
#D4A59F	48195.5	1	4160	48195-48197
#D4A59F	48196	1.5	4160	48195-48197
#D4A59F	48196.5	1	4160	48195-48197
#D4A59F	48196	0.5	4160	48195-48197
#C1847D	48196	1.5	4161	48195-48198
#C1847D	48196.5	2	4161	48195-48198
#C1847D	48197	1.5	4161	48195-48198
#C1847D	48196.5	1	4161	48195-48198
#AE655E	48196.5	2	4162	48195-48199
#AE655E	48197	2.5	4162	48195-48199
#AE655E	48197.5	2	4162	48195-48199
#AE655E	48197	1.5	4162	48195-48199
#B36E67	48195.5	0	4163	48196-48196
#B36E67	48196	0.5	4163	48196-48196
#B36E67	48196.5	0	4163	48196-48196
#B36E67	48196	-0.5	4163	48196-48196
#C48982	48196	0.5	4164	48196-48197
#C48982	48196.5	1	4164	48196-48197
#C48982	48197	0.5	4164	48196-48197
#C48982	48196.5	0	4164	48196-48197
#BE7F78	48196.5	1	4165	48196-48198
#BE7F78	48197	1.5	4165	48196-48198
#BE7F78	48197.5	1	4165	48196-48198
#BE7F78	48197	0.5	4165	48196-48198
#B7746D	48197	1.5	4166	48196-48199
#B7746D	48197.5	2	4166	48196-48199
#B7746D	48198	1.5	4166	48196-48199
#B7746D	48197.5	1	4166	48196-48199
#9F4F48	48196.5	0	4167	48197-48197
#9F4F48	48197	0.5	4167	48197-48197
#9F4F48	48197.5	0	4167	48197-48197
#9F4F48	48197	-0.5	4167	48197-48197
#B8756E	48197	0.5	4168	48197-48198
#B8756E	48197.5	1	4168	48197-48198
#B8756E	48198	0.5	4168	48197-48198
#B8756E	48197.5	0	4168	48197-48198
#BB7B74	48197.5	1	4169	48197-48199
#BB7B74	48198	1.5	4169	48197-48199
#BB7B74	48198.5	1	4169	48197-48199
#BB7B74	48198	0.5	4169	48197-48199
#A1524C	48197.5	0	4170	48198-48198
#A1524C	48198	0.5	4170	48198-48198
#A1524C	48198.5	0	4170	48198-48198
#A1524C	48198	-0.5	4170	48198-48198
#C48A83	48198	0.5	4171	48198-48199
#C48A83	48198.5	1	4171	48198-48199
#C48A83	48199	0.5	4171	48198-48199
#C48A83	48198.5	0	4171	48198-48199
#AC625B	48198.5	0	4172	48199-48199
#AC625B	48199	0.5	4172	48199-48199
#AC625B	48199.5	0	4172	48199-48199
#AC625B	48199	-0.5	4172	48199-48199
